provider_sk,provider_id,speciality,npi
0,-1.0,Unknown,-1.0
1,9639472848.0,Podiatry,9639472848.0
2,6303021087.0,Plastic Surgery,-1.0
3,9670335754.0,Infectious Disease,9670335754.0
4,3381395514.0,ENT,3381395514.0
5,7892771428.0,Infectious Disease,7892771428.0
6,7929459291.0,Psychiatry,7929459291.0
7,9581991473.0,Infectious Disease,9581991473.0
8,8530854689.0,Orthopedics,8530854689.0
9,1445200444.0,Cardiology,8001668081.0
10,6754503097.0,Podiatry,6754503097.0
11,9706633966.0,Orthopedics,3617469343.0
12,1353399228.0,Radiology,7754122222.0
13,-1.0,Family Medicine,1013608013.0
14,2945857110.0,Plastic Surgery,2945857110.0
15,9249445534.0,Infectious Disease,9249445534.0
16,1169231110.0,Plastic Surgery,1169231110.0
17,6868336102.0,Oncology,8072460371.0
18,7503607945.0,Endocrinology,7503607945.0
19,7669220569.0,Physical Medicine & Rehabilitation,-1.0
20,-1.0,Ophthalmology,9299972993.0
21,-1.0,Psychiatry,2114910310.0
22,7099411776.0,Neurology,7099411776.0
23,4196786163.0,Ophthalmology,6080491125.0
24,2518649714.0,Cardiology,2518649714.0
25,3896960280.0,Cardiology,3896960280.0
26,8430953655.0,Rheumatology,8430953655.0
27,3243454164.0,Psychiatry,3531409727.0
28,5242519385.0,Rheumatology,5193435351.0
29,9068129529.0,Podiatry,9068129529.0
30,3599298365.0,Radiology,3986741681.0
31,-1.0,Psychiatry,3714769032.0
32,-1.0,Plastic Surgery,4953305212.0
33,2250294737.0,Ophthalmology,5654885076.0
34,-1.0,Infectious Disease,6031643427.0
35,7903185896.0,Physical Medicine & Rehabilitation,7903185896.0
36,4095681282.0,Allergy & Immunology,-1.0
37,1621448128.0,Oncology,1621448128.0
38,3294092753.0,Physical Medicine & Rehabilitation,8863472510.0
39,6343063847.0,Radiology,6343063847.0
40,2680032283.0,Plastic Surgery,7400870432.0
41,3189078060.0,Infectious Disease,3189078060.0
42,4246059658.0,Internal Medicine,7835778046.0
43,9272024952.0,Podiatry,-1.0
44,6284297249.0,Orthopedics,6284297249.0
45,3408589620.0,Anesthesiology,3408589620.0
46,9573276057.0,Anesthesiology,9573276057.0
47,1165055708.0,Neurology,9602773348.0
48,-1.0,Orthopedics,9813200569.0
49,-1.0,General Surgery,8412545268.0
50,-1.0,General Surgery,8843676736.0
51,3926773184.0,OB/GYN,3926773184.0
52,5088032678.0,ENT,5088032678.0
53,2381497437.0,Anesthesiology,2381497437.0
54,3662375512.0,Ophthalmology,6965188159.0
55,4090238502.0,Physical Medicine & Rehabilitation,7156746803.0
56,3271507717.0,Primary Care,4254568852.0
57,1539280391.0,Radiology,1539280391.0
58,5934042475.0,Pediatrics,5934042475.0
59,8327054707.0,Orthopedics,8327054707.0
60,4939782161.0,Internal Medicine,-1.0
61,4786674545.0,Ophthalmology,5488673648.0
62,8929501319.0,General Surgery,8929501319.0
63,8100953892.0,OB/GYN,3852673143.0
64,6344160868.0,Plastic Surgery,6344160868.0
65,3122160665.0,General Surgery,3122160665.0
66,6458618273.0,Emergency Medicine,6458618273.0
67,-1.0,Plastic Surgery,6687472117.0
68,5640785576.0,Neurology,6393089712.0
69,4568759026.0,Oncology,-1.0
70,7594786332.0,Pathology,7594786332.0
71,5539136501.0,Urology,-1.0
72,1654602021.0,Emergency Medicine,3829113898.0
73,-1.0,Urology,6513039012.0
74,5655865464.0,Allergy & Immunology,1170043254.0
75,-1.0,Allergy & Immunology,1915680187.0
76,3758930598.0,Radiology,3758930598.0
77,4147025728.0,Pulmonology,4147025728.0
78,-1.0,Pathology,5206415161.0
79,-1.0,Cardiology,6324663640.0
80,9973421080.0,Podiatry,-1.0
81,7059050795.0,Anesthesiology,7059050795.0
82,5433395802.0,Emergency Medicine,5433395802.0
83,6808867808.0,Internal Medicine,6808867808.0
84,5583394443.0,ENT,5583394443.0
85,9097017443.0,Anesthesiology,9097017443.0
86,2697853760.0,Family Medicine,2697853760.0
87,4478719374.0,Pulmonology,3097023607.0
88,2671543978.0,Cardiology,2671543978.0
89,1932846334.0,Infectious Disease,4913625169.0
90,8347314406.0,Pulmonology,8347314406.0
91,6457711984.0,Orthopedics,6457711984.0
92,9485208067.0,Pulmonology,9485208067.0
93,9334437368.0,Nephrology,6809264940.0
94,8923555411.0,Plastic Surgery,8923555411.0
95,9446034734.0,Pulmonology,9446034734.0
96,3400496327.0,Gastroenterology,3400496327.0
97,8646464809.0,Radiology,3761441863.0
98,4104342076.0,Gastroenterology,4104342076.0
99,9305688531.0,Radiology,9305688531.0
100,9673710819.0,Podiatry,9673710819.0
101,1242425303.0,Nephrology,1242425303.0
102,7344102709.0,Family Medicine,4426632833.0
103,3680788282.0,Vascular Surgery,2770098798.0
104,3825013396.0,Infectious Disease,-1.0
105,5121488855.0,Orthopedics,5121488855.0
106,7229502736.0,Urology,7229502736.0
107,1878587567.0,Infectious Disease,1878587567.0
108,-1.0,Vascular Surgery,3150099457.0
109,6505427526.0,Psychiatry,6505427526.0
110,3981756317.0,Vascular Surgery,3981756317.0
111,5724990673.0,Physical Medicine & Rehabilitation,5724990673.0
112,3892686817.0,Dermatology,3892686817.0
113,4150114278.0,Pediatrics,4150114278.0
114,1685583357.0,Primary Care,1497238601.0
115,3230405664.0,Radiology,-1.0
116,8000914789.0,ENT,8000914789.0
117,8515127096.0,Emergency Medicine,9834878575.0
118,9561946187.0,Urology,9561946187.0
119,2852193802.0,Allergy & Immunology,2852193802.0
120,9212959154.0,OB/GYN,3654275027.0
121,5471700951.0,Vascular Surgery,5471700951.0
122,6095658763.0,Podiatry,6095658763.0
123,-1.0,Pediatrics,6021941858.0
124,6903558431.0,Vascular Surgery,3853210750.0
125,1790558940.0,Radiology,9379761263.0
126,-1.0,Plastic Surgery,1337851281.0
127,2231995081.0,Pathology,2231995081.0
128,2062182961.0,Cardiology,2062182961.0
129,-1.0,OB/GYN,7121713134.0
130,8831899893.0,Neurology,8831899893.0
131,4563518278.0,Internal Medicine,4275456104.0
132,6947922164.0,Endocrinology,-1.0
133,4384950377.0,Vascular Surgery,4384950377.0
134,4635848624.0,Allergy & Immunology,4635848624.0
135,-1.0,Allergy & Immunology,3848598007.0
136,-1.0,Psychiatry,3003852508.0
137,3446737272.0,Family Medicine,-1.0
138,9819373637.0,OB/GYN,9819373637.0
139,1645277642.0,Radiology,1645277642.0
140,2976391858.0,Physical Medicine & Rehabilitation,3134608582.0
141,-1.0,Orthopedics,6867160566.0
142,3360484174.0,Plastic Surgery,6109479616.0
143,1386931319.0,Oncology,3943810870.0
144,2554762903.0,Psychiatry,2554762903.0
145,5894791950.0,Pulmonology,5894791950.0
146,8383635018.0,Pediatrics,5381943473.0
147,-1.0,Family Medicine,7926652524.0
148,2201840395.0,Physical Medicine & Rehabilitation,2201840395.0
149,9806189256.0,Dermatology,9806189256.0
150,3232712137.0,Vascular Surgery,3232712137.0
151,3252816770.0,Infectious Disease,-1.0
152,5318888998.0,Radiology,5318888998.0
153,5415100359.0,Pediatrics,5415100359.0
154,-1.0,Internal Medicine,7076189796.0
155,3088458262.0,Anesthesiology,3088458262.0
156,3038247464.0,Ophthalmology,7143876769.0
157,1798950117.0,Dermatology,1798950117.0
158,1599707677.0,Dermatology,1599707677.0
159,4598759233.0,Endocrinology,4598759233.0
160,2266498312.0,Rheumatology,9481789608.0
161,7439149233.0,Pathology,-1.0
162,5865058976.0,Infectious Disease,2284043808.0
163,9631473880.0,Podiatry,9631473880.0
164,3099500153.0,Ophthalmology,3099500153.0
165,5437090032.0,Pulmonology,5437090032.0
166,2139027119.0,Nephrology,2139027119.0
167,1753459205.0,Ophthalmology,3510620453.0
168,7597284680.0,Cardiology,7597284680.0
169,5007273049.0,Nephrology,-1.0
170,1879233902.0,Allergy & Immunology,1879233902.0
171,4509456565.0,OB/GYN,4509456565.0
172,2573108158.0,Emergency Medicine,2899223947.0
173,2524540068.0,Family Medicine,2524540068.0
174,2966655877.0,Oncology,2966655877.0
175,1862407093.0,Orthopedics,-1.0
176,9648665968.0,Nephrology,9648665968.0
177,9021427795.0,Pulmonology,5413654923.0
178,7871018960.0,Rheumatology,-1.0
179,4177901142.0,Vascular Surgery,4177901142.0
180,3204996671.0,Rheumatology,6588497489.0
181,2298034142.0,Dermatology,2298034142.0
182,3733461689.0,Pathology,3733461689.0
183,1528033292.0,Ophthalmology,1528033292.0
184,7003585379.0,Anesthesiology,7003585379.0
185,-1.0,Physical Medicine & Rehabilitation,7363409651.0
186,1321569274.0,Physical Medicine & Rehabilitation,1321569274.0
187,8236980551.0,Oncology,-1.0
188,3954646054.0,Endocrinology,7053024236.0
189,2720829540.0,Cardiology,2720829540.0
190,1409675904.0,Rheumatology,1409675904.0
191,-1.0,Emergency Medicine,-1.0
192,8473592668.0,Pulmonology,8473592668.0
193,2370205303.0,Orthopedics,2370205303.0
194,2178816289.0,Dermatology,9335909501.0
195,9136155213.0,Podiatry,9136155213.0
196,8606317217.0,Radiology,1289192796.0
197,9103931356.0,ENT,9103931356.0
198,7648364190.0,Cardiology,5035923352.0
199,-1.0,Physical Medicine & Rehabilitation,6880115912.0
200,5200090187.0,Primary Care,1520005232.0
201,1304592812.0,Psychiatry,-1.0
202,6929478937.0,Pulmonology,6929478937.0
203,5575615203.0,General Surgery,5575615203.0
204,7494878720.0,ENT,7494878720.0
205,4906403575.0,General Surgery,8144682348.0
206,3799620568.0,Podiatry,3799620568.0
207,6017731924.0,Pulmonology,6017731924.0
208,6322188162.0,Nephrology,5177241264.0
209,4958067417.0,Orthopedics,5604936309.0
210,4776677517.0,Radiology,4776677517.0
211,4427802090.0,Vascular Surgery,4427802090.0
212,1943200696.0,Ophthalmology,1943200696.0
213,1150959137.0,Primary Care,8268327467.0
214,5866916208.0,Infectious Disease,5866916208.0
215,6139001591.0,Ophthalmology,4308480918.0
216,-1.0,Pediatrics,9443651533.0
217,7672455519.0,General Surgery,9934963240.0
218,1077618551.0,Podiatry,1077618551.0
219,9920537307.0,Vascular Surgery,-1.0
220,1883925729.0,Cardiology,1883925729.0
221,5180830447.0,Vascular Surgery,2223569887.0
222,7830844594.0,General Surgery,7830844594.0
223,-1.0,Anesthesiology,3862189654.0
224,2283298067.0,Pathology,2283298067.0
225,8859233487.0,Psychiatry,2374050406.0
226,2988592958.0,Podiatry,2988592958.0
227,-1.0,Plastic Surgery,3007269420.0
228,9465353235.0,Nephrology,9465353235.0
229,4023497467.0,Physical Medicine & Rehabilitation,1526241774.0
230,1283850417.0,Infectious Disease,1283850417.0
231,9844874547.0,General Surgery,9844874547.0
232,6691628146.0,Pediatrics,6691628146.0
233,8696984147.0,Endocrinology,7424164142.0
234,1657008304.0,Podiatry,1657008304.0
235,1601385551.0,Physical Medicine & Rehabilitation,-1.0
236,7334044046.0,Rheumatology,7334044046.0
237,1638367047.0,Plastic Surgery,1638367047.0
238,3170137829.0,Infectious Disease,3170137829.0
239,-1.0,ENT,9656191456.0
240,9731584225.0,Podiatry,9731584225.0
241,3417300559.0,Nephrology,6120000725.0
242,9230163877.0,Dermatology,9230163877.0
243,2926780541.0,Nephrology,-1.0
244,2504988056.0,General Surgery,9884267716.0
245,4162014755.0,Urology,4162014755.0
246,5891831621.0,Plastic Surgery,3461382210.0
247,2658861672.0,General Surgery,2658861672.0
248,8252006746.0,Pathology,8252006746.0
249,7807681712.0,Podiatry,7807681712.0
250,8789808241.0,Primary Care,8789808241.0
251,8063165090.0,Nephrology,8063165090.0
252,1245522987.0,OB/GYN,7078720988.0
253,9694228701.0,Ophthalmology,6805768240.0
254,4098250761.0,Psychiatry,4098250761.0
255,3845805571.0,Orthopedics,3845805571.0
256,6622660439.0,Infectious Disease,-1.0
257,5751180577.0,Oncology,5751180577.0
258,-1.0,Neurology,7515993285.0
259,6757815878.0,OB/GYN,6757815878.0
260,4543025495.0,Cardiology,4543025495.0
261,6145549138.0,Allergy & Immunology,2503852542.0
262,9549250209.0,General Surgery,2475652519.0
263,1782968126.0,Radiology,5909867234.0
264,2821460610.0,Psychiatry,2821460610.0
265,3131098613.0,Podiatry,3131098613.0
266,-1.0,Podiatry,6949650094.0
267,5065299908.0,Allergy & Immunology,5065299908.0
268,1692624346.0,Allergy & Immunology,7804952374.0
269,9521072699.0,Physical Medicine & Rehabilitation,-1.0
270,5919148165.0,ENT,-1.0
271,-1.0,Pathology,6307460038.0
272,-1.0,Vascular Surgery,9106697363.0
273,-1.0,Gastroenterology,-1.0
274,8849138139.0,Pathology,8849138139.0
275,8901585274.0,Gastroenterology,8901585274.0
276,5811161965.0,Ophthalmology,6216128818.0
277,2553084324.0,Radiology,2553084324.0
278,8821456242.0,Psychiatry,8821456242.0
279,9869132245.0,Radiology,9869132245.0
280,2646140692.0,ENT,2646140692.0
281,3959715514.0,Nephrology,3959715514.0
282,7249213370.0,Psychiatry,7249213370.0
283,5604643030.0,Podiatry,5604643030.0
284,7851045975.0,Pathology,8270895831.0
285,4319477391.0,Family Medicine,4319477391.0
286,4501414238.0,Oncology,4501414238.0
287,8984358195.0,Neurology,7658972713.0
288,6263212814.0,OB/GYN,6263212814.0
289,4259973452.0,Pulmonology,4259973452.0
290,9631176906.0,Ophthalmology,9631176906.0
291,4869039451.0,Pediatrics,4869039451.0
292,3244750381.0,Cardiology,9665070494.0
293,3099675984.0,Endocrinology,3099675984.0
294,4511008639.0,General Surgery,1991759136.0
295,1784914375.0,Physical Medicine & Rehabilitation,1784914375.0
296,8423301365.0,Radiology,8423301365.0
297,4707372201.0,Oncology,-1.0
298,1032545020.0,General Surgery,1032545020.0
299,8565466251.0,Oncology,1228239836.0
300,5051536755.0,Infectious Disease,5051536755.0
301,7839860685.0,Pediatrics,7839860685.0
302,3206955437.0,Infectious Disease,3206955437.0
303,1471184735.0,Dermatology,1471184735.0
304,4872405446.0,Psychiatry,3001027805.0
305,5972484792.0,Emergency Medicine,5972484792.0
306,1826972878.0,Dermatology,1826972878.0
307,5370396525.0,Urology,5370396525.0
308,9785815724.0,Endocrinology,2108992583.0
309,9454213661.0,Oncology,9454213661.0
310,-1.0,Pediatrics,7724293662.0
311,6335601740.0,Neurology,6335601740.0
312,2728513631.0,Pediatrics,2728513631.0
313,4242821832.0,Pulmonology,4242821832.0
314,5849598465.0,Physical Medicine & Rehabilitation,5849598465.0
315,1257324536.0,Physical Medicine & Rehabilitation,2860782335.0
316,7707384358.0,Allergy & Immunology,1691264375.0
317,7565100636.0,Anesthesiology,7565100636.0
318,4944481840.0,Vascular Surgery,9961079502.0
319,2618787635.0,Urology,6420546356.0
320,5053796127.0,Primary Care,-1.0
321,8319287827.0,Physical Medicine & Rehabilitation,8440706744.0
322,6682202906.0,Pediatrics,5321958928.0
323,4945296870.0,Plastic Surgery,4945296870.0
324,2904614281.0,Family Medicine,-1.0
325,2085051459.0,Vascular Surgery,2085051459.0
326,8625995551.0,Neurology,3178638879.0
327,8857247603.0,Orthopedics,8857247603.0
328,8881826467.0,Endocrinology,-1.0
329,2452804067.0,Vascular Surgery,5897129919.0
330,3718745786.0,Neurology,3718745786.0
331,1099218439.0,Vascular Surgery,1099218439.0
332,8427386231.0,General Surgery,8427386231.0
333,-1.0,Neurology,-1.0
334,6039758047.0,Rheumatology,6039758047.0
335,2114501460.0,Rheumatology,2114501460.0
336,6999053983.0,Orthopedics,4487547737.0
337,1313595787.0,Physical Medicine & Rehabilitation,1313595787.0
338,7986328381.0,Cardiology,5530060438.0
339,4635011695.0,Radiology,4635011695.0
340,8662738568.0,Neurology,8662738568.0
341,4981214501.0,Internal Medicine,4981214501.0
342,2925967942.0,Neurology,2925967942.0
343,-1.0,Nephrology,1405889064.0
344,4586437898.0,Infectious Disease,8716670692.0
345,-1.0,Urology,7422832448.0
346,7366396017.0,Vascular Surgery,7366396017.0
347,8865390946.0,Rheumatology,8865390946.0
348,8796020741.0,Nephrology,8796020741.0
349,7055551080.0,Plastic Surgery,4622063378.0
350,7096636148.0,Plastic Surgery,2921568169.0
351,2646485998.0,Orthopedics,4355813211.0
352,9145410257.0,Pediatrics,9145410257.0
353,2184901787.0,Psychiatry,2184901787.0
354,7150116885.0,Oncology,7150116885.0
355,4201567900.0,Orthopedics,-1.0
356,1323890137.0,Allergy & Immunology,1323890137.0
357,6726336234.0,Rheumatology,-1.0
358,8446926412.0,Radiology,8446926412.0
359,1250629827.0,Endocrinology,8936520194.0
360,7780484666.0,Endocrinology,9891048671.0
361,3816872014.0,Vascular Surgery,3816872014.0
362,-1.0,OB/GYN,6139619911.0
363,7054754528.0,Neurology,8343095396.0
364,9369987994.0,Internal Medicine,9369987994.0
365,1140379416.0,Orthopedics,1140379416.0
366,2140747529.0,General Surgery,2140747529.0
367,-1.0,Gastroenterology,1844158611.0
368,9234426752.0,Neurology,9234426752.0
369,5901981439.0,Psychiatry,5901981439.0
370,8993998614.0,Family Medicine,8993998614.0
371,-1.0,Pathology,6333405410.0
372,-1.0,Cardiology,7808690753.0
373,8527472128.0,Rheumatology,8527472128.0
374,-1.0,OB/GYN,3564595211.0
375,6581198987.0,Allergy & Immunology,6581198987.0
376,5053998404.0,Pediatrics,5053998404.0
377,4767634417.0,Neurology,4767634417.0
378,4086168237.0,Physical Medicine & Rehabilitation,-1.0
379,6167393219.0,Podiatry,6167393219.0
380,7010521940.0,Allergy & Immunology,7010521940.0
381,1166345781.0,Family Medicine,1166345781.0
382,-1.0,Rheumatology,9886622951.0
383,9552538757.0,Gastroenterology,9552538757.0
384,1993974205.0,Psychiatry,2274073924.0
385,-1.0,Infectious Disease,-1.0
386,3611012505.0,Plastic Surgery,3611012505.0
387,2411483319.0,Radiology,2411483319.0
388,9128109021.0,Family Medicine,9128109021.0
389,5067111801.0,Rheumatology,5067111801.0
390,5015690897.0,Internal Medicine,5015690897.0
391,3921514427.0,Physical Medicine & Rehabilitation,3921514427.0
392,9025327451.0,Cardiology,8310675212.0
393,-1.0,Primary Care,5684378987.0
394,7024341290.0,Neurology,7024341290.0
395,5426374038.0,Endocrinology,5426374038.0
396,2564328817.0,General Surgery,2564328817.0
397,8223542272.0,Ophthalmology,8223542272.0
398,-1.0,Ophthalmology,9783702388.0
399,4947836984.0,Internal Medicine,4947836984.0
400,3303082117.0,Gastroenterology,3303082117.0
401,4260706483.0,Psychiatry,4260706483.0
402,7254736171.0,ENT,7254736171.0
403,3756262403.0,Oncology,7643602709.0
404,7439517615.0,Primary Care,7649443929.0
405,2892064066.0,Vascular Surgery,2892064066.0
406,6619138852.0,Gastroenterology,6619138852.0
407,9462935432.0,Ophthalmology,3421030938.0
408,2728683349.0,Plastic Surgery,2728683349.0
409,8355075124.0,OB/GYN,8355075124.0
410,4747699292.0,Allergy & Immunology,4747699292.0
411,3598146019.0,ENT,3598146019.0
412,2654917886.0,Rheumatology,2654917886.0
413,4311300347.0,Family Medicine,8601208849.0
414,2357369016.0,Emergency Medicine,4807006019.0
415,6495162409.0,Podiatry,6495162409.0
416,8013666930.0,Pediatrics,8013666930.0
417,5268845844.0,Internal Medicine,5268845844.0
418,-1.0,Family Medicine,7746298485.0
419,6122198471.0,Pulmonology,6518541920.0
420,6391704367.0,Neurology,-1.0
421,6994007154.0,Vascular Surgery,6994007154.0
422,9237326112.0,Pulmonology,9237326112.0
423,5308815905.0,Pathology,5308815905.0
424,2706439544.0,Pathology,-1.0
425,2147476965.0,Anesthesiology,2147476965.0
426,5526760627.0,Endocrinology,1440402171.0
427,8367286784.0,Nephrology,8367286784.0
428,6797436140.0,Internal Medicine,6797436140.0
429,-1.0,Endocrinology,5675106698.0
430,4102477341.0,Nephrology,4102477341.0
431,5768436968.0,Orthopedics,5768436968.0
432,7476052850.0,General Surgery,9345574065.0
433,-1.0,Internal Medicine,8690920484.0
434,2756666624.0,Emergency Medicine,8052993260.0
435,6128926096.0,Rheumatology,6128926096.0
436,8601858421.0,Vascular Surgery,8601858421.0
437,3013362475.0,Primary Care,3013362475.0
438,8537002793.0,Dermatology,8537002793.0
439,4470591645.0,Podiatry,2752533466.0
440,3294293463.0,Pulmonology,5284395512.0
441,3303090267.0,Pediatrics,3303090267.0
442,5597262809.0,Family Medicine,5597262809.0
443,3307329307.0,Family Medicine,3307329307.0
444,6763471833.0,Radiology,6763471833.0
445,4124168227.0,Vascular Surgery,2610138327.0
446,6337650091.0,Vascular Surgery,6337650091.0
447,4914909509.0,Cardiology,4914909509.0
448,2763544042.0,Anesthesiology,2763544042.0
449,7529817193.0,Orthopedics,7529817193.0
450,3730256149.0,Dermatology,3730256149.0
451,9944748312.0,Podiatry,6516594649.0
452,8191768990.0,Pediatrics,7920665045.0
453,4752728579.0,Neurology,4752728579.0
454,-1.0,Orthopedics,-1.0
455,6281827528.0,Infectious Disease,6281827528.0
456,2349409434.0,Physical Medicine & Rehabilitation,2349409434.0
457,9873472374.0,Oncology,9873472374.0
458,6930579497.0,Infectious Disease,8008851808.0
459,-1.0,Physical Medicine & Rehabilitation,5975196341.0
460,1422701550.0,Pathology,1422701550.0
461,1333067525.0,Oncology,1605663959.0
462,4958754554.0,Orthopedics,4958754554.0
463,2020395327.0,Psychiatry,2020395327.0
464,8931413717.0,General Surgery,-1.0
465,7822840521.0,Radiology,6294461020.0
466,9677962911.0,Neurology,-1.0
467,1701578854.0,Infectious Disease,1701578854.0
468,2289789131.0,Oncology,-1.0
469,-1.0,Psychiatry,4221536426.0
470,-1.0,Primary Care,2232986477.0
471,2872026192.0,Plastic Surgery,2872026192.0
472,9426850694.0,Pathology,9426850694.0
473,6399171124.0,Rheumatology,6399171124.0
474,-1.0,Plastic Surgery,5934758784.0
475,2345247256.0,Cardiology,2345247256.0
476,7863568529.0,Internal Medicine,4722223970.0
477,7718693233.0,Neurology,7718693233.0
478,3432625682.0,Ophthalmology,8630250147.0
479,6956694235.0,Internal Medicine,-1.0
480,4127585116.0,Internal Medicine,7521252193.0
481,8412733036.0,Vascular Surgery,-1.0
482,3342331444.0,Rheumatology,8383042320.0
483,5864961001.0,Radiology,5864961001.0
484,6953059839.0,Podiatry,5945122241.0
485,7495883972.0,Gastroenterology,-1.0
486,9599885296.0,Pathology,9599885296.0
487,1852290085.0,Radiology,7219695432.0
488,7080049102.0,Gastroenterology,5380262891.0
489,8792122716.0,Ophthalmology,3644590514.0
490,9063480483.0,Radiology,9063480483.0
491,4008714405.0,Primary Care,4008714405.0
492,9697040266.0,Podiatry,-1.0
493,-1.0,Primary Care,6996747687.0
494,7464712556.0,Internal Medicine,7464712556.0
495,-1.0,Family Medicine,3965860354.0
496,1784595168.0,Emergency Medicine,5545584748.0
497,8757585120.0,Rheumatology,8757585120.0
498,3013831172.0,Cardiology,3013831172.0
499,8168453360.0,Pulmonology,8168453360.0
500,6602298084.0,Emergency Medicine,6602298084.0
501,2143625802.0,Endocrinology,9293152886.0
502,8108614089.0,Infectious Disease,8108614089.0
503,8396845668.0,Gastroenterology,8396845668.0
504,-1.0,Urology,2005178800.0
505,8406374110.0,General Surgery,8406374110.0
506,3200510647.0,Dermatology,3200510647.0
507,3472828483.0,Pediatrics,3472828483.0
508,5169675781.0,Internal Medicine,9354269398.0
509,7271954644.0,Radiology,8719553904.0
510,4308800114.0,Vascular Surgery,4308800114.0
511,9776107836.0,Family Medicine,7275916843.0
512,3345164087.0,Primary Care,3345164087.0
513,5565068460.0,Neurology,5565068460.0
514,6079363850.0,Rheumatology,6079363850.0
515,-1.0,Dermatology,7177751894.0
516,2324918663.0,Radiology,2324918663.0
517,2668250303.0,Urology,9267401856.0
518,2854871996.0,Endocrinology,1090870317.0
519,6510828410.0,Orthopedics,1218640053.0
520,9619516877.0,Pulmonology,9619516877.0
521,5144099828.0,Pathology,1584873767.0
522,2694917952.0,Vascular Surgery,1470600932.0
523,2610237679.0,Internal Medicine,2610237679.0
524,6368890859.0,Rheumatology,6368890859.0
525,3694168784.0,Pathology,8321776821.0
526,1364714170.0,General Surgery,1364714170.0
527,3338296830.0,Emergency Medicine,3338296830.0
528,4652885723.0,Orthopedics,4592174796.0
529,3323646093.0,OB/GYN,3323646093.0
530,7026877131.0,Podiatry,7208042902.0
531,9043210080.0,Anesthesiology,9043210080.0
532,4298673916.0,ENT,8275113316.0
533,4908108692.0,Infectious Disease,5335943130.0
534,1949456961.0,Infectious Disease,1949456961.0
535,-1.0,Gastroenterology,8610883908.0
536,6927479280.0,Endocrinology,5450448343.0
537,6299302677.0,Plastic Surgery,6299302677.0
538,8623414405.0,Dermatology,-1.0
539,-1.0,Psychiatry,7460728316.0
540,4724110138.0,Family Medicine,4724110138.0
541,3186980398.0,Gastroenterology,3186980398.0
542,4943895991.0,Ophthalmology,8015380149.0
543,1896324383.0,Anesthesiology,1896324383.0
544,3046572593.0,Plastic Surgery,3046572593.0
545,2364919386.0,Cardiology,4746712505.0
546,5315864754.0,Physical Medicine & Rehabilitation,5315864754.0
547,7808480880.0,Primary Care,7808480880.0
548,4029778660.0,Plastic Surgery,4029778660.0
549,3986611145.0,Podiatry,3986611145.0
550,2693601838.0,ENT,7306709043.0
551,7305953323.0,Emergency Medicine,7305953323.0
552,6570239455.0,Pediatrics,3886667035.0
553,6667987217.0,Pediatrics,6667987217.0
554,3154036452.0,Radiology,3154036452.0
555,8281511215.0,Primary Care,8281511215.0
556,6592227466.0,Emergency Medicine,6592227466.0
557,3233866964.0,ENT,3233866964.0
558,7084060349.0,Podiatry,7716124296.0
559,8833588689.0,Ophthalmology,-1.0
560,6169457994.0,Physical Medicine & Rehabilitation,6169457994.0
561,7009225839.0,ENT,-1.0
562,4861796075.0,Oncology,4861796075.0
563,5086613517.0,Pulmonology,5086613517.0
564,4042625360.0,Ophthalmology,7520026539.0
565,5395013320.0,Primary Care,5395013320.0
566,6014805529.0,Primary Care,7013365992.0
567,4792135573.0,Infectious Disease,4792135573.0
568,6006218347.0,Dermatology,6006218347.0
569,6165304376.0,ENT,6165304376.0
570,6642201119.0,Neurology,8873999355.0
571,3715248432.0,Vascular Surgery,3715248432.0
572,9346312079.0,Endocrinology,9346312079.0
573,7496691038.0,Psychiatry,7496691038.0
574,6275816824.0,General Surgery,6275816824.0
575,7628087488.0,Emergency Medicine,7628087488.0
576,7222097130.0,Primary Care,3971433472.0
577,-1.0,Pediatrics,6038208776.0
578,4572357978.0,Rheumatology,2819142505.0
579,8588928121.0,Orthopedics,1236329792.0
580,4179272522.0,Primary Care,1940453067.0
581,4886958219.0,Urology,9301361162.0
582,2795615023.0,Physical Medicine & Rehabilitation,2795615023.0
583,-1.0,Anesthesiology,2344275311.0
584,9270780160.0,Psychiatry,-1.0
585,4544683724.0,Neurology,4544683724.0
586,5506341057.0,Psychiatry,5506341057.0
587,8605695669.0,Nephrology,-1.0
588,5759163820.0,Endocrinology,5759163820.0
589,9351077012.0,Pediatrics,9351077012.0
590,-1.0,Cardiology,7468039211.0
591,6891490448.0,Nephrology,6891490448.0
592,-1.0,Vascular Surgery,-1.0
593,4983661172.0,Anesthesiology,1408387304.0
594,2073994016.0,Rheumatology,5374916597.0
595,-1.0,Podiatry,6122352653.0
596,1435954833.0,Plastic Surgery,-1.0
597,-1.0,Family Medicine,-1.0
598,9697354961.0,Family Medicine,9697354961.0
599,8249315123.0,Pulmonology,8249315123.0
600,3302333490.0,Anesthesiology,3302333490.0
601,6313758032.0,Family Medicine,1260694617.0
602,5019957915.0,Oncology,5019957915.0
603,9726908278.0,Endocrinology,9726908278.0
604,7859904332.0,Physical Medicine & Rehabilitation,9700023021.0
605,6323740456.0,Cardiology,4977102406.0
606,-1.0,Infectious Disease,2849649210.0
607,9357475916.0,Oncology,9357475916.0
608,4731989676.0,Psychiatry,5854397596.0
609,7258105807.0,ENT,7258105807.0
610,6472086746.0,Endocrinology,4228712244.0
611,4635738455.0,Psychiatry,4635738455.0
612,2118435301.0,Pediatrics,2118435301.0
613,6360837474.0,ENT,6360837474.0
614,2433400257.0,Urology,3166548470.0
615,3142452709.0,Gastroenterology,3142452709.0
616,9326826781.0,General Surgery,7892884405.0
617,7517616549.0,Rheumatology,7517616549.0
618,5808216311.0,Infectious Disease,5808216311.0
619,1723185774.0,OB/GYN,4769970180.0
620,8137764127.0,Primary Care,8137764127.0
621,8339532919.0,Gastroenterology,8339532919.0
622,8359820939.0,Pediatrics,8359820939.0
623,2293248488.0,Cardiology,7505598197.0
624,5760130713.0,Psychiatry,5760130713.0
625,9584045520.0,Emergency Medicine,-1.0
626,4834703369.0,Endocrinology,1361779117.0
627,4057767497.0,Radiology,4057767497.0
628,8650577678.0,Radiology,8592882148.0
629,9175690539.0,Gastroenterology,9175690539.0
630,4751511984.0,Neurology,4751511984.0
631,1978316519.0,OB/GYN,1978316519.0
632,4408903107.0,Cardiology,4408903107.0
633,1800181889.0,Radiology,1800181889.0
634,4266466941.0,Rheumatology,4266466941.0
635,6227277682.0,Oncology,4199940961.0
636,8953512015.0,Cardiology,8953512015.0
637,8215535604.0,Anesthesiology,8215535604.0
638,-1.0,Allergy & Immunology,3465260174.0
639,5530213482.0,Psychiatry,5530213482.0
640,3663727197.0,Allergy & Immunology,3663727197.0
641,7539399243.0,Allergy & Immunology,-1.0
642,6667775644.0,Pulmonology,6667775644.0
643,8014915880.0,Pathology,4898016930.0
644,5369127161.0,Gastroenterology,-1.0
645,4746123831.0,Primary Care,4746123831.0
646,6788039585.0,Nephrology,4507037394.0
647,6389177633.0,Orthopedics,6389177633.0
648,3646930819.0,Cardiology,3646930819.0
649,7049530959.0,Vascular Surgery,7049530959.0
650,-1.0,Radiology,7775750049.0
651,5933179746.0,Vascular Surgery,5933179746.0
652,9724991864.0,Nephrology,3908576810.0
653,2175945569.0,Infectious Disease,7609722342.0
654,6324367157.0,Podiatry,6324367157.0
655,3442561079.0,Neurology,8982239393.0
656,4641637153.0,Ophthalmology,4641637153.0
657,2168041588.0,Gastroenterology,2168041588.0
658,7370602194.0,Cardiology,7370602194.0
659,5886208179.0,Gastroenterology,5886208179.0
660,9954587710.0,Infectious Disease,9954587710.0
661,8067372072.0,Rheumatology,9161806186.0
662,5456204585.0,OB/GYN,3248822950.0
663,6720396142.0,Neurology,6720396142.0
664,6515490818.0,Oncology,6515490818.0
665,6177452419.0,Anesthesiology,6177452419.0
666,2372322277.0,Oncology,2372322277.0
667,1975552068.0,Allergy & Immunology,4799422267.0
668,7532669066.0,Pathology,7532669066.0
669,3591164476.0,General Surgery,9405425773.0
670,6723577230.0,Ophthalmology,5085928138.0
671,6342338967.0,Emergency Medicine,6342338967.0
672,2112724127.0,Emergency Medicine,-1.0
673,3597215154.0,Family Medicine,9893144209.0
674,5045422600.0,Oncology,7773656612.0
675,-1.0,Allergy & Immunology,5090138007.0
676,9306517195.0,Vascular Surgery,9306517195.0
677,6890105611.0,Emergency Medicine,6890105611.0
678,3671824490.0,Cardiology,-1.0
679,3575422095.0,Pediatrics,3575422095.0
680,2374911007.0,General Surgery,2374911007.0
681,7239587766.0,Pathology,2177173316.0
682,4733616459.0,Oncology,2694720630.0
683,6798582529.0,Gastroenterology,5653629394.0
684,-1.0,Dermatology,2952130776.0
685,8201299357.0,Family Medicine,8201299357.0
686,7493985530.0,Ophthalmology,7493985530.0
687,5022894537.0,Pulmonology,5022894537.0
688,7431813987.0,Physical Medicine & Rehabilitation,3372810329.0
689,4931038429.0,General Surgery,4931038429.0
690,8631177201.0,Dermatology,8631177201.0
691,5305652480.0,Physical Medicine & Rehabilitation,6582599696.0
692,8115443919.0,Primary Care,3941428849.0
693,-1.0,Oncology,4158643786.0
694,4265284144.0,Infectious Disease,4265284144.0
695,3578129028.0,Anesthesiology,7774680797.0
696,8524625316.0,Psychiatry,8524625316.0
697,6386498527.0,Plastic Surgery,6950018448.0
698,8353871802.0,Vascular Surgery,1271435542.0
699,7155264331.0,Oncology,7155264331.0
700,6921525436.0,Plastic Surgery,7826352269.0
701,-1.0,Neurology,2732081668.0
702,9238201923.0,Plastic Surgery,9238201923.0
703,7486516832.0,ENT,7486516832.0
704,8780838551.0,Cardiology,5609609930.0
705,3871906390.0,Orthopedics,3871906390.0
706,1855584194.0,Neurology,-1.0
707,1373556805.0,Pediatrics,1373556805.0
708,8660206297.0,Nephrology,8660206297.0
709,4067919621.0,Psychiatry,4067919621.0
710,2747509852.0,Infectious Disease,-1.0
711,3254133368.0,OB/GYN,3254133368.0
712,3313993297.0,Anesthesiology,3313993297.0
713,3039641939.0,Primary Care,4269465147.0
714,1470939445.0,Vascular Surgery,1470939445.0
715,3685760051.0,Anesthesiology,9247272276.0
716,-1.0,Primary Care,5400525001.0
717,7450094573.0,Emergency Medicine,-1.0
718,4870280937.0,Vascular Surgery,4870280937.0
719,6036958650.0,Primary Care,6036958650.0
720,4771700556.0,OB/GYN,4771700556.0
721,7046251495.0,Anesthesiology,7046251495.0
722,1043639637.0,Oncology,-1.0
723,7329243215.0,Orthopedics,7329243215.0
724,1246351029.0,Dermatology,1246351029.0
725,7506920200.0,Internal Medicine,7506920200.0
726,1359207645.0,ENT,1359207645.0
727,1611077723.0,Pulmonology,5933468798.0
728,7183417249.0,ENT,7183417249.0
729,4074187947.0,Family Medicine,4074187947.0
730,3872920236.0,Podiatry,3872920236.0
731,5362709739.0,Plastic Surgery,1460753476.0
732,2939053184.0,Pathology,2939053184.0
733,2298481206.0,Pathology,2298481206.0
734,9875703831.0,Primary Care,9875703831.0
735,6672357218.0,Pathology,6599852206.0
736,-1.0,Podiatry,5191755442.0
737,1716309186.0,ENT,1716309186.0
738,3418416972.0,Orthopedics,4621111206.0
739,5743940506.0,Pulmonology,9762021267.0
740,6676575488.0,Podiatry,6676575488.0
741,-1.0,Nephrology,5499785681.0
742,6620138568.0,Plastic Surgery,6620138568.0
743,4919706735.0,Urology,4919706735.0
744,1803982387.0,Podiatry,1803982387.0
745,5668955416.0,Vascular Surgery,1925925044.0
746,5081499111.0,Anesthesiology,5081499111.0
747,6000111501.0,Plastic Surgery,9272350174.0
748,-1.0,Physical Medicine & Rehabilitation,9215907813.0
749,1340975920.0,Emergency Medicine,7617854641.0
750,-1.0,Emergency Medicine,9376279584.0
751,8123833948.0,Infectious Disease,7107765863.0
752,3829998009.0,Allergy & Immunology,3829998009.0
753,6972537466.0,Neurology,9104939822.0
754,5611736782.0,Cardiology,2204631770.0
755,9919329410.0,Internal Medicine,2445792396.0
756,5700393123.0,OB/GYN,5700393123.0
757,1270366110.0,Radiology,1270366110.0
758,9017817824.0,ENT,9059453365.0
759,5646880148.0,Radiology,5646880148.0
760,4085570264.0,Allergy & Immunology,4085570264.0
761,2074320602.0,Pediatrics,2074320602.0
762,-1.0,OB/GYN,8498830090.0
763,4917727278.0,Cardiology,4917727278.0
764,8573962964.0,Emergency Medicine,8573962964.0
765,4719780110.0,Physical Medicine & Rehabilitation,4719780110.0
766,8774772376.0,Dermatology,1286744990.0
767,9602885936.0,General Surgery,-1.0
768,2291821111.0,Endocrinology,2291821111.0
769,5516825943.0,Urology,3596943804.0
770,8303655837.0,Oncology,2415214981.0
771,3408843891.0,Allergy & Immunology,6378462473.0
772,9558483771.0,Nephrology,1006792739.0
773,5012520768.0,Rheumatology,5012520768.0
774,2897158366.0,Radiology,-1.0
775,2631539419.0,Orthopedics,2631539419.0
776,5819625680.0,Endocrinology,5819625680.0
777,1115170841.0,Vascular Surgery,-1.0
778,8312603168.0,Infectious Disease,8312603168.0
779,1118246046.0,Pathology,1118246046.0
780,2981028339.0,General Surgery,4545049820.0
781,6348324494.0,Endocrinology,-1.0
782,6267460413.0,OB/GYN,1744490999.0
783,8508517877.0,Family Medicine,5535324380.0
784,7717423384.0,Ophthalmology,7717423384.0
785,-1.0,Dermatology,9463211012.0
786,2262498713.0,Infectious Disease,-1.0
787,8692551359.0,Pathology,8126670366.0
788,8986617486.0,ENT,6685909963.0
789,8874242713.0,Ophthalmology,9303900685.0
790,8975746608.0,Vascular Surgery,6177899630.0
791,4324869428.0,Psychiatry,4324869428.0
792,1018658620.0,Radiology,1018658620.0
793,7145702684.0,Cardiology,7145702684.0
794,-1.0,Allergy & Immunology,3001548533.0
795,6871005324.0,Ophthalmology,6871005324.0
796,9368888421.0,Pediatrics,8347176332.0
797,1501551011.0,Emergency Medicine,-1.0
798,3636167678.0,Infectious Disease,3636167678.0
799,-1.0,ENT,-1.0
800,4419410162.0,OB/GYN,4419410162.0
801,1641889887.0,Rheumatology,1641889887.0
802,3577385098.0,Orthopedics,4693450084.0
803,7981511936.0,Pathology,9804468036.0
804,4801095574.0,Psychiatry,9812451754.0
805,2302407938.0,Emergency Medicine,2302407938.0
806,-1.0,Cardiology,9585846518.0
807,8573538960.0,Gastroenterology,8573538960.0
808,3028519189.0,Podiatry,-1.0
809,2959373785.0,Vascular Surgery,-1.0
810,4131575764.0,Pathology,4131575764.0
811,1607196157.0,Nephrology,1607196157.0
812,7969674420.0,Physical Medicine & Rehabilitation,7969674420.0
813,-1.0,Podiatry,2051194393.0
814,5057274399.0,Anesthesiology,5057274399.0
815,4452419330.0,Gastroenterology,7409767228.0
816,7243352390.0,Psychiatry,2001654452.0
817,1910364493.0,Primary Care,1910364493.0
818,6100488195.0,Ophthalmology,6100488195.0
819,4767496059.0,Family Medicine,6295755383.0
820,2128928014.0,Nephrology,2128928014.0
821,-1.0,Infectious Disease,6920574539.0
822,3471511796.0,Psychiatry,3471511796.0
823,-1.0,Vascular Surgery,3955812263.0
824,8613701350.0,Plastic Surgery,8613701350.0
825,6926717770.0,Family Medicine,6926717770.0
826,2182134112.0,Pulmonology,2182134112.0
827,1676604772.0,Allergy & Immunology,1676604772.0
828,4039672520.0,Oncology,9204156625.0
829,5051881463.0,Pulmonology,5051881463.0
830,5976642492.0,Podiatry,7532734237.0
831,3424340744.0,Neurology,5670102329.0
832,1415334610.0,Allergy & Immunology,8764766087.0
833,-1.0,OB/GYN,8849479416.0
834,2621028147.0,Rheumatology,4968070904.0
835,8834402141.0,Anesthesiology,-1.0
836,5334732358.0,Psychiatry,5334732358.0
837,5952255182.0,Physical Medicine & Rehabilitation,5682165096.0
838,-1.0,Podiatry,8911530775.0
839,2469293337.0,General Surgery,8160632739.0
840,2582098699.0,Infectious Disease,2582098699.0
841,4819768686.0,Physical Medicine & Rehabilitation,4819768686.0
842,7865754002.0,Pediatrics,7865754002.0
843,1536121369.0,Rheumatology,9036001839.0
844,2914590233.0,Orthopedics,9384034725.0
845,5729910432.0,ENT,5729910432.0
846,4910432609.0,Radiology,9294004206.0
847,1547762075.0,ENT,1547762075.0
848,6386059807.0,Pathology,6386059807.0
849,-1.0,Psychiatry,7050997599.0
850,-1.0,Nephrology,2331324699.0
851,7984412292.0,Primary Care,7984412292.0
852,4428763547.0,Psychiatry,9199709266.0
853,7374775639.0,Oncology,7374775639.0
854,9158080779.0,Physical Medicine & Rehabilitation,9158080779.0
855,8534618164.0,Urology,8534618164.0
856,2593765711.0,Podiatry,4708507989.0
857,7763740453.0,Pediatrics,8751049050.0
858,-1.0,General Surgery,-1.0
859,7133849777.0,Family Medicine,7133849777.0
860,5120004493.0,Psychiatry,2051029945.0
861,2418081099.0,Rheumatology,2418081099.0
862,3951331472.0,Psychiatry,4695616250.0
863,7119960204.0,Oncology,7119960204.0
864,5762146702.0,Ophthalmology,4767160726.0
865,5060469890.0,Physical Medicine & Rehabilitation,1887338274.0
866,5922930745.0,Primary Care,-1.0
867,-1.0,Cardiology,5991402847.0
868,6190240924.0,Urology,-1.0
869,7406767748.0,Vascular Surgery,7406767748.0
870,-1.0,Family Medicine,9800965219.0
871,6421504228.0,Anesthesiology,2375902193.0
872,1392245997.0,Cardiology,1392245997.0
873,9026301048.0,Plastic Surgery,-1.0
874,5749236808.0,Emergency Medicine,8158220188.0
875,7861020478.0,Allergy & Immunology,2174005566.0
876,2466538300.0,Dermatology,9216316921.0
877,4444516981.0,Vascular Surgery,4444516981.0
878,5231055228.0,Endocrinology,5231055228.0
879,1126505935.0,Family Medicine,1126505935.0
880,4731547225.0,Orthopedics,4731547225.0
881,6597934134.0,General Surgery,-1.0
882,1599727985.0,Gastroenterology,1599727985.0
883,-1.0,Vascular Surgery,8111312076.0
884,6789448659.0,Pulmonology,6789448659.0
885,3037564969.0,Physical Medicine & Rehabilitation,3037564969.0
886,1981971938.0,Vascular Surgery,1981971938.0
887,1562021516.0,Endocrinology,4513934107.0
888,3953315788.0,Pathology,9608084335.0
889,7136777415.0,Vascular Surgery,5119444451.0
890,1407650680.0,Anesthesiology,-1.0
891,8228930583.0,Vascular Surgery,8228930583.0
892,8336898091.0,Emergency Medicine,3091265152.0
893,4682797529.0,Oncology,4682797529.0
894,8129391249.0,Emergency Medicine,8129391249.0
895,-1.0,Urology,8748902092.0
896,9309645577.0,Dermatology,9309645577.0
897,3685585090.0,Nephrology,4104368865.0
898,1795212538.0,OB/GYN,5178587180.0
899,5184564874.0,Primary Care,-1.0
900,6496933442.0,Dermatology,6496933442.0
901,7937750130.0,Endocrinology,7937750130.0
902,5972277002.0,Oncology,7273153437.0
903,4944899549.0,Nephrology,2441410233.0
904,9068857465.0,Dermatology,8590397475.0
905,7692375192.0,Allergy & Immunology,8124416880.0
906,5723304144.0,Anesthesiology,-1.0
907,7120262465.0,General Surgery,7120262465.0
908,5852312091.0,Rheumatology,5852312091.0
909,6994451417.0,Emergency Medicine,6994451417.0
910,8666074487.0,Rheumatology,7491240668.0
911,9422509886.0,General Surgery,6025754542.0
912,7707854414.0,Cardiology,7707854414.0
913,7035216541.0,Pediatrics,7035216541.0
914,2261191283.0,Pediatrics,2261191283.0
915,-1.0,Internal Medicine,5852914708.0
916,5757968510.0,Physical Medicine & Rehabilitation,-1.0
917,4576111591.0,Family Medicine,5599949190.0
918,6574503703.0,Podiatry,6574503703.0
919,5704029171.0,Urology,1991785045.0
920,-1.0,Podiatry,4503770272.0
921,1465705342.0,Pulmonology,4458911158.0
922,7418263314.0,Physical Medicine & Rehabilitation,3083138004.0
923,1688669716.0,Podiatry,8046937518.0
924,2804951407.0,Gastroenterology,2804951407.0
925,6504829392.0,Psychiatry,6504829392.0
926,9272460488.0,Vascular Surgery,9272460488.0
927,7103889958.0,Ophthalmology,7103889958.0
928,6364282848.0,Anesthesiology,6364282848.0
929,3995115611.0,Allergy & Immunology,3995115611.0
930,7451858617.0,Psychiatry,7451858617.0
931,-1.0,Physical Medicine & Rehabilitation,8889600175.0
932,-1.0,Psychiatry,1583704324.0
933,1410221085.0,Emergency Medicine,-1.0
934,6463640105.0,Internal Medicine,6463640105.0
935,3467807099.0,Endocrinology,3467807099.0
936,1021374018.0,ENT,6288426920.0
937,4741076839.0,Infectious Disease,4907322006.0
938,5227941857.0,Emergency Medicine,5227941857.0
939,6686166474.0,Rheumatology,6686166474.0
940,3618188178.0,Allergy & Immunology,3618188178.0
941,1128754686.0,Ophthalmology,5496832996.0
942,1357561213.0,Allergy & Immunology,1357561213.0
943,1966088651.0,Pulmonology,1966088651.0
944,9504724761.0,Plastic Surgery,9504724761.0
945,6381757026.0,Psychiatry,6381757026.0
946,-1.0,OB/GYN,9710746816.0
947,4956362540.0,Gastroenterology,-1.0
948,5704311166.0,Psychiatry,5704311166.0
949,-1.0,OB/GYN,5983289810.0
950,3477578011.0,Vascular Surgery,3477578011.0
951,5853540975.0,Vascular Surgery,5853540975.0
952,-1.0,OB/GYN,4176750647.0
953,1139082827.0,Physical Medicine & Rehabilitation,6789343317.0
954,3058024565.0,Rheumatology,9841838688.0
955,5403510324.0,Family Medicine,5403510324.0
956,-1.0,Emergency Medicine,1966489211.0
957,6041646576.0,Ophthalmology,6041646576.0
958,6997230445.0,Vascular Surgery,7337789522.0
959,1501119337.0,Endocrinology,3262643735.0
960,9583864766.0,Primary Care,9583864766.0
961,4601406440.0,Urology,4601406440.0
962,6669955364.0,Anesthesiology,6669955364.0
963,2935866295.0,Dermatology,2912542620.0
964,4259564609.0,Pulmonology,1496092879.0
965,9709580819.0,Podiatry,9709580819.0
966,4296793876.0,Orthopedics,7420462973.0
967,9930333784.0,Dermatology,9930333784.0
968,4413598790.0,OB/GYN,7664402044.0
969,2172180491.0,Cardiology,1060093811.0
970,9663024857.0,Infectious Disease,7290652503.0
971,4476252444.0,Physical Medicine & Rehabilitation,4476252444.0
972,3975009057.0,Pulmonology,3975009057.0
973,9625656293.0,Emergency Medicine,9625656293.0
974,-1.0,Rheumatology,5113495206.0
975,3091557458.0,Anesthesiology,3091557458.0
976,7313226025.0,Gastroenterology,7313226025.0
977,2816208531.0,ENT,2648559262.0
978,5819372113.0,OB/GYN,1378900285.0
979,3960905453.0,Plastic Surgery,-1.0
980,2136726892.0,General Surgery,2136726892.0
981,4878929220.0,Infectious Disease,4878929220.0
982,1741597322.0,Oncology,1741597322.0
983,7654306648.0,Plastic Surgery,-1.0
984,2715155243.0,ENT,2715155243.0
985,9674596936.0,Orthopedics,9674596936.0
986,2630110128.0,Pediatrics,8689354690.0
987,-1.0,Dermatology,3942854725.0
988,2079898502.0,Primary Care,-1.0
989,7592903310.0,Rheumatology,7592903310.0
990,1182852834.0,Infectious Disease,1182852834.0
991,3981385225.0,Pathology,3981385225.0
992,8089062999.0,Orthopedics,-1.0
993,7495255966.0,Endocrinology,7495255966.0
994,2258964802.0,Internal Medicine,2258964802.0
995,9724393265.0,Emergency Medicine,9724393265.0
996,3367385291.0,Orthopedics,3367385291.0
997,4009663602.0,Orthopedics,2798728480.0
998,8207803934.0,Emergency Medicine,7567947283.0
999,-1.0,Oncology,8999384161.0
1000,-1.0,Urology,4933868190.0
1001,7071536934.0,General Surgery,9034800388.0
1002,2005102559.0,Neurology,2005102559.0
1003,8726754729.0,Cardiology,-1.0
1004,4897253412.0,Gastroenterology,-1.0
1005,2435731500.0,ENT,5417180238.0
1006,1616152681.0,Orthopedics,1616152681.0
1007,2762511121.0,ENT,2762511121.0
1008,9681045368.0,Oncology,4281648667.0
1009,2750473645.0,Infectious Disease,2750473645.0
1010,4876877928.0,Orthopedics,4876877928.0
1011,6848434932.0,Dermatology,1913225003.0
1012,6489511283.0,Pediatrics,6489511283.0
1013,4751509023.0,Internal Medicine,3075764056.0
1014,8536205444.0,Internal Medicine,6632731554.0
1015,2610300273.0,Psychiatry,2610300273.0
1016,4418828570.0,Radiology,-1.0
1017,8021444011.0,Gastroenterology,8021444011.0
1018,8534483048.0,Gastroenterology,8534483048.0
1019,-1.0,Emergency Medicine,6450634898.0
1020,6055533844.0,Internal Medicine,5738162367.0
1021,1653924391.0,Rheumatology,1653924391.0
1022,5880373288.0,Cardiology,5880373288.0
1023,5923940434.0,Family Medicine,5923940434.0
1024,8358996577.0,Anesthesiology,8358996577.0
1025,1512093687.0,Internal Medicine,1512093687.0
1026,5873529311.0,Radiology,5873529311.0
1027,5296790158.0,Radiology,5296790158.0
1028,7638924354.0,OB/GYN,1508419584.0
1029,9353456768.0,Orthopedics,9353456768.0
1030,5386405648.0,Family Medicine,5386405648.0
1031,-1.0,Family Medicine,8164878074.0
1032,6070264390.0,Podiatry,2686902108.0
1033,4934496107.0,Endocrinology,4934496107.0
1034,9998899945.0,Endocrinology,2636995340.0
1035,4532173418.0,Cardiology,8840330637.0
1036,-1.0,Emergency Medicine,2850707619.0
1037,1487730383.0,Oncology,8893337632.0
1038,-1.0,OB/GYN,7878818522.0
1039,1142766316.0,Psychiatry,-1.0
1040,2451413560.0,Physical Medicine & Rehabilitation,2451413560.0
1041,-1.0,Pediatrics,1667811863.0
1042,3803744849.0,Physical Medicine & Rehabilitation,5920436888.0
1043,6465627768.0,Dermatology,6465627768.0
1044,3577418939.0,Anesthesiology,1850233998.0
1045,4021952801.0,OB/GYN,4021952801.0
1046,1778411697.0,General Surgery,1778411697.0
1047,8951498039.0,Urology,8951498039.0
1048,3167796058.0,Allergy & Immunology,3167796058.0
1049,8277194571.0,Psychiatry,8219130417.0
1050,1739252238.0,ENT,1739252238.0
1051,3576214947.0,Endocrinology,3576214947.0
1052,2185165025.0,Orthopedics,2185165025.0
1053,5754765755.0,Radiology,5754765755.0
1054,5354209613.0,Internal Medicine,9725731371.0
1055,7546898241.0,Emergency Medicine,4785307792.0
1056,9469043199.0,Neurology,9469043199.0
1057,4580671460.0,Primary Care,7472827948.0
1058,7366337616.0,Psychiatry,7366337616.0
1059,7400325839.0,Pulmonology,4264760698.0
1060,2289624427.0,Internal Medicine,2289624427.0
1061,4485201635.0,Plastic Surgery,4485201635.0
1062,5927905410.0,Rheumatology,5927905410.0
1063,9198472869.0,Pediatrics,9198472869.0
1064,5613018394.0,Vascular Surgery,5613018394.0
1065,4933545466.0,Physical Medicine & Rehabilitation,4933545466.0
1066,8118240999.0,Cardiology,5600302555.0
1067,4250698831.0,OB/GYN,4250698831.0
1068,6472001976.0,Emergency Medicine,6472001976.0
1069,3254069197.0,Pathology,1205519209.0
1070,6756332150.0,Endocrinology,-1.0
1071,9057068336.0,Ophthalmology,9057068336.0
1072,1612576201.0,Infectious Disease,1612576201.0
1073,2262745715.0,Radiology,2262745715.0
1074,6588019889.0,Radiology,6588019889.0
1075,3281169403.0,Ophthalmology,3281169403.0
1076,-1.0,Primary Care,6523199078.0
1077,1979048220.0,Physical Medicine & Rehabilitation,1979048220.0
1078,9746627301.0,Podiatry,6775162007.0
1079,7213172814.0,Podiatry,-1.0
1080,4171173360.0,Gastroenterology,4171173360.0
1081,2531999175.0,OB/GYN,2531999175.0
1082,5985704790.0,OB/GYN,5985704790.0
1083,-1.0,Anesthesiology,5182545496.0
1084,5734980659.0,Pediatrics,5734980659.0
1085,9155179392.0,Oncology,9155179392.0
1086,7329743090.0,Pulmonology,6107739491.0
1087,5367559533.0,Cardiology,-1.0
1088,1811405047.0,Primary Care,1811405047.0
1089,4119491798.0,Cardiology,4119491798.0
1090,3139131324.0,Dermatology,3139131324.0
1091,-1.0,Urology,4881257367.0
1092,5664848084.0,Primary Care,5664848084.0
1093,6384726919.0,Radiology,5150302848.0
1094,-1.0,Anesthesiology,3020646988.0
1095,3730248478.0,Internal Medicine,7409286996.0
1096,4163547418.0,Orthopedics,4163547418.0
1097,8051867440.0,Pulmonology,4718270536.0
1098,1697389798.0,Neurology,1697389798.0
1099,8552304952.0,Dermatology,8552304952.0
1100,2791532400.0,Ophthalmology,2791532400.0
1101,-1.0,Vascular Surgery,9894308703.0
1102,1474434332.0,Primary Care,1474434332.0
1103,8828160589.0,Family Medicine,5961908953.0
1104,4249599563.0,Orthopedics,4249599563.0
1105,3908503113.0,Infectious Disease,5693285616.0
1106,4178299775.0,Neurology,4178299775.0
1107,8277863632.0,Urology,6208047995.0
1108,2270436719.0,Gastroenterology,2270436719.0
1109,7332103085.0,Endocrinology,5131904857.0
1110,5971350322.0,Anesthesiology,8656013462.0
1111,6561982502.0,Pediatrics,3263643138.0
1112,4346258017.0,Pathology,8302041933.0
1113,-1.0,Gastroenterology,3688446467.0
1114,-1.0,Pathology,-1.0
1115,8955834329.0,Nephrology,8955834329.0
1116,2723504965.0,Urology,2723504965.0
1117,3826772991.0,Endocrinology,3826772991.0
1118,9444073092.0,ENT,9444073092.0
1119,7562288074.0,Endocrinology,7562288074.0
1120,4851325366.0,Oncology,4851325366.0
1121,6792638620.0,Pathology,6792638620.0
1122,8637718187.0,Family Medicine,-1.0
1123,1886823531.0,Internal Medicine,1886823531.0
1124,6993612051.0,Oncology,6993612051.0
1125,-1.0,Internal Medicine,7652830454.0
1126,3036394000.0,Anesthesiology,3036394000.0
1127,4949801453.0,Endocrinology,4949801453.0
1128,1112729226.0,Cardiology,5533984464.0
1129,1041430068.0,Podiatry,1041430068.0
1130,4677942534.0,Endocrinology,5008880992.0
1131,6700029200.0,General Surgery,6700029200.0
1132,-1.0,Orthopedics,2813660149.0
1133,7434803615.0,Neurology,4871987446.0
1134,-1.0,Rheumatology,6223262065.0
1135,5248970908.0,Cardiology,5248970908.0
1136,5602730904.0,Anesthesiology,5602730904.0
1137,4430319690.0,Rheumatology,4430319690.0
1138,5593301898.0,General Surgery,9455398499.0
1139,-1.0,Allergy & Immunology,4984423599.0
1140,7354458743.0,General Surgery,9603971164.0
1141,5264815575.0,Gastroenterology,5264815575.0
1142,-1.0,Dermatology,1584574045.0
1143,9229145004.0,Rheumatology,9229145004.0
1144,7378283909.0,Urology,1410129871.0
1145,7154471984.0,Dermatology,7154471984.0
1146,6429375645.0,Emergency Medicine,-1.0
1147,1345099769.0,Internal Medicine,1345099769.0
1148,4714448882.0,OB/GYN,4714448882.0
1149,5494310712.0,Cardiology,9064417433.0
1150,4467990956.0,Vascular Surgery,9296645495.0
1151,5706337930.0,Primary Care,-1.0
1152,9471306442.0,Pediatrics,9471306442.0
1153,-1.0,Physical Medicine & Rehabilitation,9512295568.0
1154,3030638564.0,General Surgery,2581901029.0
1155,1881351238.0,Pediatrics,1881351238.0
1156,1784500134.0,OB/GYN,1784500134.0
1157,5299171297.0,Pulmonology,4327393821.0
1158,4221741859.0,Pathology,4221741859.0
1159,6717516887.0,Ophthalmology,6717516887.0
1160,6305160342.0,Internal Medicine,6305160342.0
1161,9226032256.0,Vascular Surgery,9226032256.0
1162,2200589997.0,Primary Care,2200589997.0
1163,9375661256.0,Physical Medicine & Rehabilitation,9375661256.0
1164,-1.0,Urology,-1.0
1165,8342913134.0,Primary Care,-1.0
1166,6208260061.0,Physical Medicine & Rehabilitation,6208260061.0
1167,2518433834.0,OB/GYN,6378549045.0
1168,2705454431.0,Pathology,2705454431.0
1169,5199848083.0,Physical Medicine & Rehabilitation,5199848083.0
1170,-1.0,Physical Medicine & Rehabilitation,7861471668.0
1171,6869891456.0,Podiatry,-1.0
1172,2732065338.0,Family Medicine,2732065338.0
1173,2362941028.0,Ophthalmology,1767035211.0
1174,2694799285.0,Ophthalmology,2694799285.0
1175,5448276953.0,Pediatrics,9968534064.0
1176,7184949643.0,Neurology,7184949643.0
1177,5902255727.0,Nephrology,5902255727.0
1178,9565002273.0,Emergency Medicine,9565002273.0
1179,4226091368.0,Anesthesiology,4226091368.0
1180,1475641654.0,Psychiatry,7763425521.0
1181,9397041061.0,Vascular Surgery,9397041061.0
1182,3874879137.0,Gastroenterology,1408613616.0
1183,2584288034.0,Psychiatry,-1.0
1184,2769753981.0,Physical Medicine & Rehabilitation,4394948915.0
1185,3691907159.0,Podiatry,3691907159.0
1186,8877444318.0,Dermatology,8877444318.0
1187,1726670039.0,Rheumatology,9147219136.0
1188,-1.0,Internal Medicine,2041504613.0
1189,2183736293.0,Pathology,2183736293.0
1190,1308108493.0,Cardiology,1308108493.0
1191,1835882089.0,Infectious Disease,-1.0
1192,-1.0,Rheumatology,9248982296.0
1193,-1.0,Allergy & Immunology,5322385617.0
1194,3130209140.0,OB/GYN,2823644618.0
1195,2375325559.0,Podiatry,2375325559.0
1196,3617377805.0,ENT,3617377805.0
1197,7729620601.0,Ophthalmology,6811057154.0
1198,1762943237.0,Anesthesiology,1762943237.0
1199,-1.0,Urology,9682739123.0
1200,8200460216.0,Pulmonology,6596609864.0
1201,6048096802.0,Rheumatology,6048096802.0
1202,4955816119.0,Podiatry,4955816119.0
1203,5522758283.0,Pulmonology,5522758283.0
1204,2242627930.0,Family Medicine,2242627930.0
1205,6608065785.0,Family Medicine,6608065785.0
1206,1507702829.0,Emergency Medicine,7807683190.0
1207,-1.0,Pathology,7480667587.0
1208,-1.0,Orthopedics,4816373750.0
1209,7054856909.0,Physical Medicine & Rehabilitation,-1.0
1210,6733158970.0,Plastic Surgery,6733158970.0
1211,9332027773.0,ENT,9332027773.0
1212,7440338880.0,Vascular Surgery,7440338880.0
1213,9403748506.0,Pathology,-1.0
1214,-1.0,Internal Medicine,7555217903.0
1215,-1.0,Nephrology,4672214312.0
1216,1878586679.0,Cardiology,1878586679.0
1217,-1.0,Dermatology,4814597420.0
1218,7321180787.0,Primary Care,7321180787.0
1219,-1.0,ENT,9716199001.0
1220,8049441942.0,Allergy & Immunology,8049441942.0
1221,3844045164.0,Endocrinology,3844045164.0
1222,3483827971.0,Radiology,3483827971.0
1223,7839626408.0,Endocrinology,7839626408.0
1224,2217162916.0,Anesthesiology,2217162916.0
1225,6171239466.0,Gastroenterology,4013957268.0
1226,3123961937.0,Rheumatology,3123961937.0
1227,1004847288.0,Podiatry,1004847288.0
1228,7652478210.0,OB/GYN,7652478210.0
1229,7692685951.0,Anesthesiology,8055189643.0
1230,5895723294.0,Orthopedics,5895723294.0
1231,1127237194.0,Internal Medicine,6816840946.0
1232,7357775256.0,Oncology,7357775256.0
1233,1071135963.0,Family Medicine,3663679060.0
1234,5365409541.0,Gastroenterology,5365409541.0
1235,4431078106.0,Allergy & Immunology,9340856811.0
1236,1458762697.0,Pediatrics,1458762697.0
1237,4863002149.0,OB/GYN,7809170874.0
1238,3638678581.0,Urology,-1.0
1239,7367666321.0,Ophthalmology,7367666321.0
1240,-1.0,Rheumatology,3560435123.0
1241,9585752886.0,Pathology,9585752886.0
1242,4012419787.0,Orthopedics,4012419787.0
1243,2984461015.0,Endocrinology,-1.0
1244,8226879852.0,Cardiology,8226879852.0
1245,3852325403.0,Oncology,3852325403.0
1246,1492264809.0,Psychiatry,4321788893.0
1247,5047101003.0,Urology,-1.0
1248,8275652470.0,Radiology,8275652470.0
1249,4549548567.0,Orthopedics,3305505185.0
1250,7736142481.0,Psychiatry,7736142481.0
1251,6145458987.0,Pediatrics,6145458987.0
1252,6867972819.0,Urology,6867972819.0
1253,6950952784.0,Allergy & Immunology,-1.0
1254,9321755793.0,Physical Medicine & Rehabilitation,9917452682.0
1255,1553155490.0,ENT,1553155490.0
1256,8063531098.0,Infectious Disease,5689542396.0
1257,6239384745.0,Cardiology,7235218683.0
1258,2597120365.0,Cardiology,2597120365.0
1259,9159005428.0,General Surgery,9159005428.0
1260,4220479048.0,Plastic Surgery,-1.0
1261,-1.0,ENT,1041842844.0
1262,5420258513.0,Family Medicine,8564406639.0
1263,4079282743.0,Infectious Disease,-1.0
1264,6049590132.0,Infectious Disease,6049590132.0
1265,3909635823.0,General Surgery,1520368375.0
1266,8624454880.0,General Surgery,8624454880.0
1267,3803913396.0,Internal Medicine,3803913396.0
1268,5550833043.0,ENT,1000677678.0
1269,-1.0,Physical Medicine & Rehabilitation,6717612593.0
1270,-1.0,Emergency Medicine,6967382782.0
1271,3105400301.0,General Surgery,3105400301.0
1272,2602544581.0,Endocrinology,-1.0
1273,6249278045.0,Internal Medicine,6249278045.0
1274,5507464649.0,Internal Medicine,5507464649.0
1275,1048750473.0,Physical Medicine & Rehabilitation,1048750473.0
1276,9301891589.0,Pulmonology,9301891589.0
1277,3020753934.0,Pediatrics,6873359599.0
1278,8263007482.0,Emergency Medicine,8263007482.0
1279,1320526074.0,ENT,-1.0
1280,4831562592.0,Internal Medicine,7082958670.0
1281,5714255033.0,Pulmonology,5714255033.0
1282,2884614495.0,Plastic Surgery,2884614495.0
1283,5359582487.0,Primary Care,9952384272.0
1284,2899868676.0,Urology,2899868676.0
1285,2208222796.0,Neurology,2208222796.0
1286,8180101072.0,Family Medicine,8180101072.0
1287,2053753182.0,Internal Medicine,2053753182.0
1288,8419749935.0,Ophthalmology,-1.0
1289,4639618881.0,Pediatrics,4639618881.0
1290,6065365127.0,Ophthalmology,6080832353.0
1291,7790475966.0,Nephrology,7790475966.0
1292,3077935216.0,Ophthalmology,3077935216.0
1293,6933852220.0,Podiatry,6933852220.0
1294,1457632732.0,Neurology,1457632732.0
1295,4908201827.0,Urology,4908201827.0
1296,4549582675.0,Radiology,9518375819.0
1297,3177529650.0,Physical Medicine & Rehabilitation,3177529650.0
1298,3475667951.0,Orthopedics,7809317563.0
1299,2160598266.0,Family Medicine,2160598266.0
1300,4033423665.0,Anesthesiology,7042151979.0
1301,7469485764.0,Podiatry,7469485764.0
1302,8510416166.0,Ophthalmology,8510416166.0
1303,7404238705.0,Dermatology,7404238705.0
1304,6834741794.0,Endocrinology,6834741794.0
1305,2756070122.0,Emergency Medicine,6633901461.0
1306,-1.0,Urology,2381420377.0
1307,2297602688.0,Dermatology,2297602688.0
1308,3456283110.0,Orthopedics,3456283110.0
1309,3381580667.0,Vascular Surgery,7989404458.0
1310,8375312491.0,Orthopedics,7848381574.0
1311,7444616725.0,OB/GYN,7444616725.0
1312,1500275778.0,Allergy & Immunology,1500275778.0
1313,4961067014.0,Cardiology,4961067014.0
1314,9615270274.0,Rheumatology,-1.0
1315,3603958409.0,Dermatology,3603958409.0
1316,4198375570.0,Rheumatology,4198375570.0
1317,8785532495.0,Urology,5659455729.0
1318,1651921884.0,Pathology,1400491759.0
1319,9824750522.0,Rheumatology,9824750522.0
1320,6902427921.0,Urology,6902427921.0
1321,9789926366.0,Infectious Disease,2425144191.0
1322,2885330933.0,Psychiatry,8601950647.0
1323,3554223931.0,Physical Medicine & Rehabilitation,3554223931.0
1324,5727675931.0,Radiology,5727675931.0
1325,1247508299.0,Radiology,1247508299.0
1326,6846297479.0,Internal Medicine,5353528999.0
1327,9214451056.0,Podiatry,9214451056.0
1328,6992094064.0,Rheumatology,6992094064.0
1329,4209043134.0,Endocrinology,-1.0
1330,-1.0,Vascular Surgery,8654621945.0
1331,2876440371.0,ENT,2876440371.0
1332,-1.0,Endocrinology,8114772251.0
1333,4473829163.0,Radiology,4473829163.0
1334,5626388820.0,Pediatrics,4285278205.0
1335,-1.0,Infectious Disease,6976112055.0
1336,3696275651.0,Ophthalmology,-1.0
1337,2074677056.0,Urology,2074677056.0
1338,4320477479.0,Gastroenterology,4320477479.0
1339,2951648195.0,Oncology,-1.0
1340,6256205686.0,Family Medicine,6256205686.0
1341,3131117034.0,Podiatry,3131117034.0
1342,8971223923.0,Pathology,8971223923.0
1343,2406772445.0,Cardiology,-1.0
1344,2313552042.0,General Surgery,2313552042.0
1345,2681936367.0,Vascular Surgery,-1.0
1346,3733389690.0,Radiology,3733389690.0
1347,9147736635.0,Anesthesiology,9147736635.0
1348,6854132124.0,Orthopedics,6552651647.0
1349,5736621817.0,Physical Medicine & Rehabilitation,8521574923.0
1350,2570864585.0,Dermatology,-1.0
1351,1038282607.0,Endocrinology,1038282607.0
1352,2408434291.0,General Surgery,7641375099.0
1353,5558832196.0,Emergency Medicine,5558832196.0
1354,5759272717.0,Rheumatology,5759272717.0
1355,5586163550.0,Urology,5586163550.0
1356,3377788470.0,Pathology,3377788470.0
1357,1820366993.0,General Surgery,2937105285.0
1358,2065354117.0,Podiatry,2065354117.0
1359,8931126455.0,Neurology,8931126455.0
1360,6902842342.0,Plastic Surgery,6902842342.0
1361,4863461116.0,OB/GYN,4863461116.0
1362,1972472567.0,Radiology,1972472567.0
1363,1682757684.0,Internal Medicine,7056341817.0
1364,-1.0,Urology,8588536155.0
1365,4459716271.0,Family Medicine,-1.0
1366,-1.0,Dermatology,6297134067.0
1367,6268366551.0,Pediatrics,6268366551.0
1368,3768624284.0,Dermatology,3768624284.0
1369,5948254671.0,Rheumatology,5948254671.0
1370,6854009954.0,Podiatry,6854009954.0
1371,8215987738.0,Allergy & Immunology,8215987738.0
1372,-1.0,Neurology,3472535778.0
1373,1124327519.0,Gastroenterology,1124327519.0
1374,-1.0,Neurology,1116707771.0
1375,2032989010.0,Pulmonology,2032989010.0
1376,2952887577.0,Rheumatology,3318976175.0
1377,5925717841.0,Internal Medicine,5925717841.0
1378,7040562787.0,Infectious Disease,-1.0
1379,3820619867.0,Pulmonology,3820619867.0
1380,8197295338.0,Infectious Disease,8197295338.0
1381,3462724281.0,Internal Medicine,1448421119.0
1382,3867261857.0,Emergency Medicine,3867261857.0
1383,-1.0,Internal Medicine,-1.0
1384,2548532916.0,Orthopedics,2548532916.0
1385,8725803230.0,Oncology,8725803230.0
1386,-1.0,Family Medicine,3965789374.0
1387,9357444493.0,Urology,4443010215.0
1388,1790242728.0,Orthopedics,1790242728.0
1389,-1.0,Pediatrics,6989529491.0
1390,4801044279.0,Endocrinology,4801044279.0
1391,2835500317.0,Vascular Surgery,2835500317.0
1392,7083067988.0,Physical Medicine & Rehabilitation,6017138149.0
1393,2901356014.0,Pediatrics,2901356014.0
1394,1459442845.0,Gastroenterology,3163405369.0
1395,-1.0,Rheumatology,6297091582.0
1396,5800834865.0,Vascular Surgery,5800834865.0
1397,2546768677.0,Gastroenterology,2546768677.0
1398,1243329601.0,Internal Medicine,1243329601.0
1399,3834277289.0,ENT,3834277289.0
1400,9264063291.0,Oncology,9264063291.0
1401,8627457007.0,Pediatrics,2347268899.0
1402,2732526008.0,Emergency Medicine,2732526008.0
1403,9275074323.0,Allergy & Immunology,9275074323.0
1404,8100420507.0,Pathology,4151491834.0
1405,6590459705.0,Primary Care,6590459705.0
1406,7029987916.0,Vascular Surgery,3411428683.0
1407,5946387490.0,Radiology,5946387490.0
1408,3107049214.0,Nephrology,3107049214.0
1409,2065630863.0,Primary Care,2065630863.0
1410,2685444628.0,Ophthalmology,2685444628.0
1411,9218525137.0,Pathology,9218525137.0
1412,5016564330.0,Pediatrics,5016564330.0
1413,2686352103.0,Podiatry,2686352103.0
1414,5121529498.0,Endocrinology,5121529498.0
1415,9430468809.0,Rheumatology,9430468809.0
1416,4277431863.0,Oncology,4277431863.0
1417,3255736583.0,Nephrology,3255736583.0
1418,3346800656.0,Allergy & Immunology,3346800656.0
1419,5655805246.0,Pathology,5655805246.0
1420,2383082793.0,Pathology,2383082793.0
1421,8209567608.0,Orthopedics,8209567608.0
1422,-1.0,Oncology,6530318753.0
1423,7773470371.0,Pediatrics,6113013252.0
1424,1898520373.0,Endocrinology,1898520373.0
1425,8513724361.0,Physical Medicine & Rehabilitation,8513724361.0
1426,8366710477.0,Pediatrics,2051498308.0
1427,7984434647.0,Rheumatology,1586225060.0
1428,1612183378.0,Pulmonology,3735247845.0
1429,9609302596.0,Cardiology,-1.0
1430,1947483284.0,Dermatology,1947483284.0
1431,8591920548.0,Vascular Surgery,8591920548.0
1432,8802222979.0,Ophthalmology,3603344259.0
1433,2746236935.0,Dermatology,2746236935.0
1434,3753379182.0,Primary Care,3753379182.0
1435,3559759889.0,Psychiatry,3559759889.0
1436,3334799664.0,Primary Care,9548859744.0
1437,-1.0,Vascular Surgery,2551840718.0
1438,5645905276.0,Psychiatry,4489793699.0
1439,9469713575.0,Psychiatry,9469713575.0
1440,1240733092.0,Radiology,1240733092.0
1441,-1.0,Ophthalmology,5682785101.0
1442,-1.0,Physical Medicine & Rehabilitation,9863781331.0
1443,1829621429.0,Infectious Disease,1829621429.0
1444,1417436465.0,Family Medicine,4072036411.0
1445,4600594033.0,Dermatology,4600594033.0
1446,-1.0,Physical Medicine & Rehabilitation,6031378588.0
1447,8144503908.0,Anesthesiology,-1.0
1448,8793464534.0,Radiology,8793464534.0
1449,1211396443.0,Podiatry,7070997574.0
1450,9497523041.0,Pulmonology,4018360511.0
1451,1248775268.0,Podiatry,1248775268.0
1452,8723546244.0,Ophthalmology,3314262026.0
1453,7127584892.0,Urology,7127584892.0
1454,1500186829.0,Cardiology,-1.0
1455,9940202195.0,Nephrology,9940202195.0
1456,4553144010.0,Radiology,1917227668.0
1457,4990891827.0,Nephrology,4990891827.0
1458,-1.0,OB/GYN,2007192464.0
1459,4854990179.0,Orthopedics,4854990179.0
1460,4529276727.0,Podiatry,4529276727.0
1461,9667528031.0,General Surgery,9667528031.0
1462,7640556632.0,Ophthalmology,7640556632.0
1463,1264048255.0,Cardiology,9944089974.0
1464,7823288650.0,Urology,4895967387.0
1465,1265403963.0,Anesthesiology,9384504944.0
1466,6159675706.0,Pediatrics,6159675706.0
1467,2009317340.0,General Surgery,2009317340.0
1468,1059596634.0,Pediatrics,1059596634.0
1469,6600346133.0,Dermatology,6600346133.0
1470,1378028953.0,Orthopedics,1378028953.0
1471,3694254580.0,Vascular Surgery,1197868306.0
1472,8468071953.0,Endocrinology,6411200009.0
1473,-1.0,Anesthesiology,7481631841.0
1474,1071624258.0,Urology,1071624258.0
1475,-1.0,Nephrology,8287228425.0
1476,-1.0,Neurology,8355092875.0
1477,2966178433.0,Physical Medicine & Rehabilitation,7989308572.0
1478,5723268162.0,Plastic Surgery,4841042335.0
1479,1018770589.0,Emergency Medicine,3832651563.0
1480,5401877062.0,Oncology,5401877062.0
1481,6291895991.0,Allergy & Immunology,3507270013.0
1482,2913592893.0,Plastic Surgery,2913592893.0
1483,5633668009.0,Neurology,5633668009.0
1484,7213830490.0,Cardiology,7213830490.0
1485,3309519220.0,Gastroenterology,6736059629.0
1486,8863747783.0,Vascular Surgery,8863747783.0
1487,7630274264.0,Emergency Medicine,7630274264.0
1488,-1.0,Podiatry,8727865718.0
1489,7563373617.0,Orthopedics,7563373617.0
1490,5485387618.0,Pediatrics,5485387618.0
1491,9403298062.0,Internal Medicine,2091988598.0
1492,9752058817.0,Urology,9752058817.0
1493,2291067101.0,Oncology,4720303399.0
1494,1071910991.0,Urology,-1.0
1495,7074050517.0,Pediatrics,2811006055.0
1496,7944569427.0,Emergency Medicine,7944569427.0
1497,8388975352.0,Internal Medicine,8388975352.0
1498,6932581841.0,Ophthalmology,6932581841.0
1499,1090848040.0,Pediatrics,1090848040.0
1500,4182143192.0,Emergency Medicine,4182143192.0
1501,9209236972.0,Primary Care,9209236972.0
1502,2726106260.0,Gastroenterology,2726106260.0
1503,-1.0,Pulmonology,6698663482.0
1504,-1.0,Urology,6067703428.0
1505,3217722417.0,Podiatry,3217722417.0
1506,-1.0,OB/GYN,7256512773.0
1507,3192968846.0,Nephrology,8730150450.0
1508,4015492314.0,Infectious Disease,4015492314.0
1509,2832508021.0,Rheumatology,2832508021.0
1510,9072159605.0,Oncology,9072159605.0
1511,9781468007.0,Orthopedics,9781468007.0
1512,8761469117.0,OB/GYN,8761469117.0
1513,1827752234.0,ENT,1827752234.0
1514,8960435535.0,Vascular Surgery,8960435535.0
1515,6805486039.0,Pediatrics,6805486039.0
1516,6836509775.0,Family Medicine,6836509775.0
1517,5845296568.0,Infectious Disease,5845296568.0
1518,1678311205.0,Gastroenterology,1678311205.0
1519,8029435188.0,Neurology,5871113443.0
1520,6011649263.0,Pathology,6011649263.0
1521,7504017397.0,Rheumatology,7504017397.0
1522,6256884496.0,ENT,-1.0
1523,4735313433.0,General Surgery,5902725791.0
1524,2533621911.0,Nephrology,5633580741.0
1525,5895996264.0,Plastic Surgery,5895996264.0
1526,8702414544.0,Pulmonology,-1.0
1527,-1.0,Nephrology,2029640252.0
1528,-1.0,Endocrinology,-1.0
1529,2604106208.0,Psychiatry,2604106208.0
1530,3843139149.0,Primary Care,3843139149.0
1531,8289095273.0,Physical Medicine & Rehabilitation,8289095273.0
1532,4143852021.0,Orthopedics,7168712791.0
1533,4297864575.0,Orthopedics,3690425129.0
1534,8739161742.0,Podiatry,8739161742.0
1535,8239558924.0,Infectious Disease,7704179141.0
1536,8027479006.0,Family Medicine,8027479006.0
1537,9265587451.0,Pediatrics,9265587451.0
1538,-1.0,Cardiology,-1.0
1539,-1.0,Dermatology,7420193422.0
1540,5534356444.0,Urology,1414316264.0
1541,2213140390.0,Plastic Surgery,2213140390.0
1542,5559187505.0,Anesthesiology,5076277156.0
1543,3657218780.0,Neurology,3657218780.0
1544,-1.0,Anesthesiology,5592466298.0
1545,9874836844.0,Endocrinology,4513335170.0
1546,3156207443.0,Orthopedics,2974829288.0
1547,8053429914.0,Anesthesiology,8053429914.0
1548,7432215734.0,Psychiatry,7432215734.0
1549,-1.0,OB/GYN,9324262230.0
1550,3517252468.0,Family Medicine,6054332799.0
1551,8272725281.0,Gastroenterology,8272725281.0
1552,2878625527.0,Orthopedics,7893408498.0
1553,2730059192.0,Pediatrics,2730059192.0
1554,9255176775.0,Oncology,-1.0
1555,6094107762.0,General Surgery,6094107762.0
1556,3770939734.0,Nephrology,3770939734.0
1557,-1.0,Pediatrics,7168259697.0
1558,4863329536.0,Psychiatry,-1.0
1559,9461564269.0,Plastic Surgery,9588833609.0
1560,1933998295.0,Urology,1933998295.0
1561,4232557668.0,Nephrology,-1.0
1562,4482485364.0,Anesthesiology,5945751055.0
1563,7421214943.0,Podiatry,6073710505.0
1564,7161887665.0,Orthopedics,7161887665.0
1565,6610225390.0,Pediatrics,6610225390.0
1566,2067378614.0,ENT,5756521244.0
1567,1169128713.0,Allergy & Immunology,1169128713.0
1568,5590665219.0,Radiology,8474958527.0
1569,1518849078.0,Endocrinology,1518849078.0
1570,9078177421.0,Anesthesiology,9078177421.0
1571,1516743556.0,Orthopedics,1419604454.0
1572,9206872731.0,Cardiology,9206872731.0
1573,1625237388.0,Ophthalmology,1625237388.0
1574,1352339683.0,Vascular Surgery,1352339683.0
1575,8781662243.0,ENT,2702179171.0
1576,3981971100.0,Emergency Medicine,7531436568.0
1577,-1.0,Orthopedics,6372895241.0
1578,8032962713.0,Anesthesiology,6995836735.0
1579,6596578419.0,OB/GYN,6596578419.0
1580,6141635751.0,Psychiatry,3260453952.0
1581,-1.0,Psychiatry,-1.0
1582,2398806247.0,Endocrinology,2398806247.0
1583,-1.0,Emergency Medicine,1985463179.0
1584,9523846861.0,Allergy & Immunology,2281354458.0
1585,1297053389.0,Anesthesiology,1297053389.0
1586,1540148130.0,Oncology,1540148130.0
1587,4127538716.0,Pulmonology,4127538716.0
1588,7933367504.0,Plastic Surgery,7933367504.0
1589,7752277876.0,Primary Care,7752277876.0
1590,8780521609.0,Neurology,6268199811.0
1591,3205542649.0,Podiatry,3205542649.0
1592,6268529625.0,Cardiology,6268529625.0
1593,5829594122.0,Podiatry,5829594122.0
1594,2377246195.0,Oncology,2377246195.0
1595,2500493518.0,Allergy & Immunology,4343336925.0
1596,8580857115.0,Nephrology,8580857115.0
1597,5296027584.0,Orthopedics,5296027584.0
1598,4130305126.0,Orthopedics,4130305126.0
1599,4938269146.0,Physical Medicine & Rehabilitation,4938269146.0
1600,3965233999.0,Dermatology,3965233999.0
1601,8044354825.0,Vascular Surgery,-1.0
1602,6103875769.0,Psychiatry,6103875769.0
1603,2097159585.0,Psychiatry,1549475123.0
1604,7412232144.0,Family Medicine,7412232144.0
1605,5566321594.0,Vascular Surgery,5566321594.0
1606,8604238207.0,OB/GYN,-1.0
1607,1679026596.0,Pulmonology,1679026596.0
1608,8716478411.0,Endocrinology,8716478411.0
1609,9544275861.0,Family Medicine,9544275861.0
1610,1662003357.0,Emergency Medicine,-1.0
1611,5186210352.0,Anesthesiology,5186210352.0
1612,1454814371.0,Radiology,1454814371.0
1613,5182609867.0,Ophthalmology,5182609867.0
1614,7274884996.0,Vascular Surgery,7274884996.0
1615,5324360248.0,Oncology,5324360248.0
1616,6003567415.0,Plastic Surgery,6003567415.0
1617,5871583176.0,OB/GYN,5871583176.0
1618,2677642424.0,Neurology,9970753074.0
1619,4536038811.0,Pathology,3813644029.0
1620,9498183077.0,Pediatrics,9498183077.0
1621,7614463949.0,Neurology,7614463949.0
1622,3033278918.0,ENT,-1.0
1623,6884882440.0,Orthopedics,6884882440.0
1624,8986096303.0,Physical Medicine & Rehabilitation,8208608569.0
1625,9708288160.0,Infectious Disease,5786698552.0
1626,3351236804.0,Pulmonology,-1.0
1627,1264064129.0,Pulmonology,9880566871.0
1628,-1.0,Oncology,-1.0
1629,4402160254.0,Neurology,4402160254.0
1630,7144897817.0,Oncology,8325224507.0
1631,2916728422.0,Physical Medicine & Rehabilitation,5903829831.0
1632,-1.0,Gastroenterology,3931997465.0
1633,7371573279.0,Orthopedics,7371573279.0
1634,7651049165.0,Rheumatology,7651049165.0
1635,9089319009.0,Plastic Surgery,2247173503.0
1636,1313766891.0,OB/GYN,5439807028.0
1637,3380355948.0,Neurology,3380355948.0
1638,7160290489.0,Neurology,8516407162.0
1639,3559508648.0,General Surgery,9689791803.0
1640,6549256329.0,Family Medicine,6549256329.0
1641,7550256427.0,Radiology,6788727583.0
1642,-1.0,Physical Medicine & Rehabilitation,1304401362.0
1643,8410598437.0,Infectious Disease,8410598437.0
1644,9933927613.0,Radiology,6990619341.0
1645,5168806107.0,Anesthesiology,5168806107.0
1646,5862655247.0,Vascular Surgery,5862655247.0
1647,-1.0,Allergy & Immunology,5376091538.0
1648,2553854176.0,Gastroenterology,9155931942.0
1649,7276969882.0,Radiology,7276969882.0
1650,6915831426.0,Infectious Disease,6915831426.0
1651,5542371107.0,Gastroenterology,7777982858.0
1652,5747218802.0,Vascular Surgery,-1.0
1653,2275197185.0,OB/GYN,2275197185.0
1654,6438299815.0,Vascular Surgery,6438299815.0
1655,-1.0,Plastic Surgery,1505595570.0
1656,7211200186.0,Pulmonology,7211200186.0
1657,2554145481.0,ENT,9198818712.0
1658,8878919214.0,Physical Medicine & Rehabilitation,-1.0
1659,8420690757.0,Allergy & Immunology,8420690757.0
1660,6241468593.0,Allergy & Immunology,1742609622.0
1661,8106906538.0,Anesthesiology,8106906538.0
1662,6904358583.0,Endocrinology,6904358583.0
1663,3063956944.0,ENT,2700002857.0
1664,2705016899.0,Oncology,7453804700.0
1665,3987248494.0,Psychiatry,3768263341.0
1666,3791815554.0,Anesthesiology,3791815554.0
1667,5263841634.0,Radiology,6404013131.0
1668,4966690762.0,OB/GYN,2572897848.0
1669,5358791907.0,Pediatrics,5358791907.0
1670,-1.0,Primary Care,-1.0
1671,2779724914.0,Gastroenterology,2779724914.0
1672,9669271663.0,Podiatry,8521089296.0
1673,1127495739.0,Pathology,8171444107.0
1674,4967437172.0,General Surgery,4967437172.0
1675,7903739080.0,Pathology,7903739080.0
1676,8047842184.0,Orthopedics,8047842184.0
1677,-1.0,Endocrinology,3082100177.0
1678,7092693247.0,Podiatry,7092693247.0
1679,-1.0,Allergy & Immunology,2211022892.0
1680,4736152218.0,Vascular Surgery,1420368789.0
1681,3962958940.0,Radiology,3962958940.0
1682,3490168510.0,Plastic Surgery,3490168510.0
1683,6562434335.0,Anesthesiology,6562434335.0
1684,2431229740.0,Internal Medicine,2431229740.0
1685,1737620005.0,ENT,1737620005.0
1686,7016293621.0,Family Medicine,7016293621.0
1687,2142492761.0,Plastic Surgery,2142492761.0
1688,1593144041.0,Urology,1593144041.0
1689,3738362362.0,Rheumatology,3738362362.0
1690,7743563940.0,Vascular Surgery,4316711676.0
1691,6352092961.0,ENT,6352092961.0
1692,6739635525.0,Rheumatology,9898526813.0
1693,9368828180.0,Rheumatology,9368828180.0
1694,2679684601.0,Plastic Surgery,9343250747.0
1695,7136173390.0,Pulmonology,7136173390.0
1696,6384311581.0,Endocrinology,6384311581.0
1697,1600566083.0,ENT,1600566083.0
1698,8698043887.0,ENT,8698043887.0
1699,3500947039.0,Radiology,-1.0
1700,8425140298.0,Oncology,6485872560.0
1701,9766069895.0,OB/GYN,9766069895.0
1702,-1.0,Internal Medicine,7516525681.0
1703,2957579670.0,Rheumatology,2957579670.0
1704,2124420145.0,Cardiology,3867519662.0
1705,9145012813.0,Orthopedics,9145012813.0
1706,7529295309.0,Pathology,7529295309.0
1707,4060289049.0,Cardiology,4060289049.0
1708,2818381356.0,Primary Care,2818381356.0
1709,4459519466.0,Internal Medicine,4459519466.0
1710,9455610447.0,Psychiatry,2910748747.0
1711,-1.0,Gastroenterology,2355313511.0
1712,6767712944.0,Pulmonology,6767712944.0
1713,3007382296.0,Rheumatology,3007382296.0
1714,2637750783.0,OB/GYN,2637750783.0
1715,3058755132.0,General Surgery,3058755132.0
1716,6947199197.0,Nephrology,6947199197.0
1717,9854204279.0,Anesthesiology,9854204279.0
1718,3421719519.0,Neurology,9919607071.0
1719,1487587350.0,Podiatry,1487587350.0
1720,7822616916.0,Gastroenterology,7822616916.0
1721,-1.0,Urology,5171456216.0
1722,3693985578.0,Ophthalmology,3693985578.0
1723,8324857808.0,Pathology,8324857808.0
1724,7520493715.0,Pediatrics,7520493715.0
1725,8778037043.0,Gastroenterology,1133715574.0
1726,1002301808.0,Primary Care,1002301808.0
1727,-1.0,Pediatrics,5820096434.0
1728,2338334796.0,Internal Medicine,4381135574.0
1729,6405851839.0,Podiatry,9848195165.0
1730,5632753983.0,Oncology,5632753983.0
1731,-1.0,Gastroenterology,6431847304.0
1732,2185183112.0,Pathology,2185183112.0
1733,3428116280.0,OB/GYN,3428116280.0
1734,9898335967.0,Psychiatry,9898335967.0
1735,3794042404.0,Pulmonology,3794042404.0
1736,2394679025.0,Nephrology,2394679025.0
1737,3186910855.0,Ophthalmology,5731882661.0
1738,6264580840.0,Primary Care,6264580840.0
1739,-1.0,Podiatry,7969239352.0
1740,3884642366.0,Cardiology,3884642366.0
1741,4929345815.0,Endocrinology,-1.0
1742,2526032931.0,Psychiatry,2526032931.0
1743,1674455554.0,Vascular Surgery,-1.0
1744,9562190704.0,Family Medicine,9562190704.0
1745,8721302309.0,Oncology,3493356433.0
1746,5693307665.0,Family Medicine,9826090788.0
1747,2886273393.0,Rheumatology,2886273393.0
1748,1998799778.0,Psychiatry,8874235687.0
1749,9776500600.0,Vascular Surgery,1332573752.0
1750,7487012742.0,Plastic Surgery,2695033510.0
1751,4186812559.0,Nephrology,4274431220.0
1752,6079690890.0,Pathology,6079690890.0
1753,6242086783.0,Primary Care,6242086783.0
1754,7287462513.0,Allergy & Immunology,7720544718.0
1755,9953941533.0,Podiatry,6144195862.0
1756,1272343789.0,General Surgery,1433855945.0
1757,2848480899.0,Anesthesiology,2848480899.0
1758,-1.0,ENT,3835098731.0
1759,7613973097.0,Oncology,7613973097.0
1760,8217611860.0,Pathology,-1.0
1761,4969952018.0,Nephrology,4969952018.0
1762,3451514991.0,Allergy & Immunology,3451514991.0
1763,6262826596.0,Emergency Medicine,6262826596.0
1764,4574252579.0,Nephrology,4574252579.0
1765,7446547678.0,Pulmonology,7446547678.0
1766,7406913885.0,Rheumatology,7406913885.0
1767,-1.0,Nephrology,9882098812.0
1768,2448749090.0,Psychiatry,2448749090.0
1769,1674250569.0,Podiatry,4435341692.0
1770,8095445250.0,Pathology,8095445250.0
1771,2073487379.0,Cardiology,5561351154.0
1772,-1.0,Physical Medicine & Rehabilitation,3015449824.0
1773,3968179935.0,Neurology,3968179935.0
1774,-1.0,Pediatrics,8747167954.0
1775,2817865363.0,Dermatology,2817865363.0
1776,9648610631.0,Family Medicine,-1.0
1777,6005106134.0,Psychiatry,6005106134.0
1778,2670255496.0,Family Medicine,2670255496.0
1779,3507826917.0,Physical Medicine & Rehabilitation,-1.0
1780,5084568275.0,Gastroenterology,6141911540.0
1781,7017906777.0,Rheumatology,8718000677.0
1782,-1.0,Dermatology,7683601497.0
1783,2587495160.0,OB/GYN,6550406366.0
1784,1223567941.0,Infectious Disease,6250576500.0
1785,4164784001.0,Gastroenterology,4164784001.0
1786,-1.0,Psychiatry,6581387160.0
1787,8453557375.0,Gastroenterology,8453557375.0
1788,3198961916.0,Cardiology,2407009663.0
1789,6125880761.0,Pediatrics,7133984380.0
1790,-1.0,OB/GYN,3814963909.0
1791,5886133002.0,Anesthesiology,5886133002.0
1792,9289824456.0,Allergy & Immunology,9289824456.0
1793,-1.0,Psychiatry,3658772734.0
1794,8194531183.0,Radiology,8194531183.0
1795,7113876201.0,Orthopedics,8583225374.0
1796,-1.0,Urology,1388964867.0
1797,1480850393.0,Neurology,1480850393.0
1798,1420854556.0,Gastroenterology,1420854556.0
1799,2223167865.0,Neurology,2223167865.0
1800,6230207584.0,Allergy & Immunology,6230207584.0
1801,-1.0,Gastroenterology,6383802605.0
1802,7385224704.0,Family Medicine,7385224704.0
1803,9709235741.0,Pediatrics,4390637094.0
1804,5276879476.0,Endocrinology,-1.0
1805,5027818352.0,General Surgery,5027818352.0
1806,6214213008.0,Ophthalmology,6214213008.0
1807,8355970528.0,Nephrology,3350312734.0
1808,5669015536.0,Pediatrics,4996443491.0
1809,3499610004.0,Gastroenterology,3499610004.0
1810,7550043232.0,Nephrology,4205648213.0
1811,5604921414.0,Family Medicine,5604921414.0
1812,8084166930.0,Emergency Medicine,8365533286.0
1813,4768544804.0,Primary Care,4768544804.0
1814,3606517080.0,Radiology,3606517080.0
1815,6979676351.0,General Surgery,6979676351.0
1816,-1.0,Infectious Disease,1337933926.0
1817,7416398798.0,Radiology,1577023334.0
1818,2387371777.0,Orthopedics,2387371777.0
1819,2152574890.0,Neurology,2152574890.0
1820,1897952768.0,Orthopedics,1897952768.0
1821,4019695180.0,OB/GYN,-1.0
1822,7162629786.0,Urology,7162629786.0
1823,6072647985.0,Physical Medicine & Rehabilitation,6072647985.0
1824,-1.0,Anesthesiology,4434353815.0
1825,-1.0,Allergy & Immunology,7938817989.0
1826,4729100207.0,OB/GYN,4729100207.0
1827,2687711425.0,Plastic Surgery,5344374751.0
1828,-1.0,Pathology,6945728232.0
1829,3749708434.0,Pediatrics,3749708434.0
1830,5976159420.0,Pulmonology,5976159420.0
1831,5005698566.0,Primary Care,5005698566.0
1832,6057867851.0,Orthopedics,6057867851.0
1833,2179385865.0,Endocrinology,2179385865.0
1834,6329589780.0,OB/GYN,6329589780.0
1835,9212185911.0,Orthopedics,6580105023.0
1836,7003375034.0,Pathology,4553910461.0
1837,-1.0,Physical Medicine & Rehabilitation,3407535986.0
1838,-1.0,Orthopedics,8730121132.0
1839,9806915522.0,Pediatrics,9806915522.0
1840,6792540023.0,Pediatrics,6792540023.0
1841,6260937465.0,Urology,7279889765.0
1842,2205948901.0,Podiatry,3047892237.0
1843,2476811694.0,Rheumatology,1527197371.0
1844,5114483788.0,Rheumatology,-1.0
1845,9241594992.0,Plastic Surgery,9241594992.0
1846,-1.0,Pulmonology,4193557045.0
1847,7442623823.0,Radiology,7442623823.0
1848,2350701477.0,Orthopedics,2350701477.0
1849,5614719602.0,OB/GYN,7554859342.0
1850,3569272442.0,Primary Care,7955739101.0
1851,9119564548.0,Family Medicine,9119564548.0
1852,8208663809.0,OB/GYN,8208663809.0
1853,4431644521.0,Plastic Surgery,4431644521.0
1854,7639064268.0,Vascular Surgery,7639064268.0
1855,1776130576.0,Family Medicine,5910831900.0
1856,-1.0,Pediatrics,6118341434.0
1857,2684371781.0,Urology,2684371781.0
1858,2610694200.0,Oncology,1220026678.0
1859,3905625550.0,Gastroenterology,-1.0
1860,9527364106.0,Endocrinology,-1.0
1861,3727525740.0,Rheumatology,3727525740.0
1862,4123108803.0,Orthopedics,4123108803.0
1863,5666274814.0,Pathology,7115071593.0
1864,9250552073.0,Internal Medicine,8235834707.0
1865,2558830012.0,Pathology,-1.0
1866,6402580787.0,Pediatrics,6402580787.0
1867,5885655423.0,Rheumatology,5885655423.0
1868,-1.0,Podiatry,3321212528.0
1869,3374716512.0,Rheumatology,7135479742.0
1870,7431728332.0,Endocrinology,7431728332.0
1871,1281199333.0,Pathology,3317917120.0
1872,6536866413.0,Pathology,-1.0
1873,1512213630.0,Endocrinology,7137305144.0
1874,9742656117.0,Podiatry,2144619629.0
1875,3118926603.0,OB/GYN,3118926603.0
1876,7776215031.0,Radiology,7776215031.0
1877,7216747850.0,Podiatry,7216747850.0
1878,1005502537.0,Neurology,6955904487.0
1879,4981874017.0,Urology,1248895462.0
1880,8837629299.0,OB/GYN,8837629299.0
1881,6746143382.0,Infectious Disease,6746143382.0
1882,5551636322.0,Pulmonology,5551636322.0
1883,5474078391.0,ENT,1934869936.0
1884,6213112885.0,OB/GYN,9172496004.0
1885,4428266738.0,Vascular Surgery,-1.0
1886,-1.0,General Surgery,8625161091.0
1887,1756389067.0,Orthopedics,1756389067.0
1888,4723534498.0,Pathology,4723534498.0
1889,9794994507.0,Oncology,6479772149.0
1890,2479679716.0,Gastroenterology,2479679716.0
1891,3038689728.0,Cardiology,9220457562.0
1892,5304637278.0,Allergy & Immunology,5304637278.0
1893,5984671649.0,General Surgery,5984671649.0
1894,9563046274.0,OB/GYN,9563046274.0
1895,3534186676.0,Vascular Surgery,3534186676.0
1896,3218334233.0,Orthopedics,3218334233.0
1897,5095943641.0,Internal Medicine,5095943641.0
1898,6141392529.0,Gastroenterology,-1.0
1899,8157055313.0,Psychiatry,8157055313.0
1900,5627846358.0,Physical Medicine & Rehabilitation,5627846358.0
1901,3798292304.0,Primary Care,3798292304.0
1902,2437308013.0,ENT,2437308013.0
1903,7497407953.0,Physical Medicine & Rehabilitation,7497407953.0
1904,3365255336.0,Endocrinology,5224370918.0
1905,4287754238.0,Dermatology,4260093383.0
1906,6719736115.0,Ophthalmology,6719736115.0
1907,2483048737.0,Pulmonology,2483048737.0
1908,8587094479.0,Allergy & Immunology,8587094479.0
1909,8589679668.0,Urology,8589679668.0
1910,5407212847.0,Oncology,5407212847.0
1911,4847969893.0,Ophthalmology,5485720729.0
1912,5354098761.0,Allergy & Immunology,5354098761.0
1913,9960957575.0,OB/GYN,9960957575.0
1914,3304136407.0,Internal Medicine,7828728762.0
1915,3183382165.0,Orthopedics,-1.0
1916,4633212294.0,Infectious Disease,-1.0
1917,-1.0,Plastic Surgery,3249673376.0
1918,-1.0,Pathology,1872395778.0
1919,7679328037.0,Podiatry,7679328037.0
1920,5593031498.0,Gastroenterology,5593031498.0
1921,5036616886.0,Internal Medicine,5036616886.0
1922,9613425697.0,Radiology,9613425697.0
1923,1196197080.0,Pediatrics,3714079478.0
1924,9125201729.0,ENT,9125201729.0
1925,8550388932.0,Dermatology,8550388932.0
1926,9843641767.0,Ophthalmology,2217119725.0
1927,1062966273.0,ENT,1062966273.0
1928,6562144159.0,Physical Medicine & Rehabilitation,-1.0
1929,8514580698.0,Ophthalmology,4825325266.0
1930,2955976516.0,General Surgery,2955976516.0
1931,5652601077.0,ENT,5652601077.0
1932,7839819230.0,Oncology,7839819230.0
1933,6572499854.0,Neurology,3598721414.0
1934,8965627556.0,OB/GYN,8965627556.0
1935,5574704317.0,Primary Care,5574704317.0
1936,6985569796.0,Podiatry,-1.0
1937,1279682481.0,Pathology,1279682481.0
1938,9923293818.0,Pulmonology,9923293818.0
1939,7019239448.0,Physical Medicine & Rehabilitation,7019239448.0
1940,8943926613.0,Ophthalmology,8943926613.0
1941,4274560148.0,Podiatry,4274560148.0
1942,4099565230.0,Orthopedics,4099565230.0
1943,8030578839.0,Urology,7152465330.0
1944,6141226746.0,Podiatry,9876993483.0
1945,5331136363.0,Cardiology,5331136363.0
1946,6103474676.0,General Surgery,6103474676.0
1947,5690233579.0,ENT,5690233579.0
1948,6896899328.0,Infectious Disease,6896899328.0
1949,4869868882.0,Vascular Surgery,7995121065.0
1950,4581759746.0,Dermatology,4610207898.0
1951,5621463184.0,Endocrinology,3057640852.0
1952,8649289318.0,Podiatry,8649289318.0
1953,1987925992.0,Orthopedics,1987925992.0
1954,1776109131.0,Dermatology,1776109131.0
1955,2729067297.0,Anesthesiology,2729067297.0
1956,1753890647.0,Rheumatology,3042384253.0
1957,2530212365.0,General Surgery,2530212365.0
1958,-1.0,Allergy & Immunology,8264085084.0
1959,1563896125.0,Neurology,8895020245.0
1960,4830710918.0,Pathology,4830710918.0
1961,5386240502.0,Gastroenterology,5386240502.0
1962,8349411177.0,Neurology,8349411177.0
1963,9644783539.0,ENT,9644783539.0
1964,7711463369.0,Dermatology,9088209417.0
1965,8971041739.0,Gastroenterology,-1.0
1966,6124128956.0,Endocrinology,9692569954.0
1967,7953020572.0,Ophthalmology,1720385831.0
1968,-1.0,Emergency Medicine,6230560953.0
1969,-1.0,Infectious Disease,6495302274.0
1970,4751622928.0,Orthopedics,4751622928.0
1971,2177429935.0,Psychiatry,2177429935.0
1972,1909997553.0,Radiology,-1.0
1973,9708376770.0,Infectious Disease,9708376770.0
1974,1590675140.0,Psychiatry,1590675140.0
1975,4851638315.0,Allergy & Immunology,8587884198.0
1976,1298737106.0,Ophthalmology,1298737106.0
1977,8826879784.0,Cardiology,8826879784.0
1978,5079161918.0,Infectious Disease,1474636369.0
1979,9785727315.0,General Surgery,-1.0
1980,5108541819.0,Emergency Medicine,5108541819.0
1981,7701274877.0,Ophthalmology,7701274877.0
1982,9959710804.0,Ophthalmology,-1.0
1983,3510608411.0,Rheumatology,3979572449.0
1984,7675430541.0,Primary Care,7675430541.0
1985,1627276995.0,Cardiology,1627276995.0
1986,4011966884.0,ENT,8133355450.0
1987,7411008763.0,Pediatrics,7411008763.0
1988,4935508457.0,Pediatrics,4935508457.0
1989,3817053070.0,Podiatry,7018881718.0
1990,-1.0,Ophthalmology,1433915170.0
1991,9398857972.0,Dermatology,-1.0
1992,-1.0,OB/GYN,9962964367.0
1993,-1.0,Ophthalmology,1196544779.0
1994,4409386903.0,Gastroenterology,4409386903.0
1995,6242397545.0,Physical Medicine & Rehabilitation,6242397545.0
1996,5066808566.0,Neurology,5066808566.0
1997,3731069282.0,Orthopedics,3731069282.0
1998,5963769028.0,Dermatology,5963769028.0
1999,1500273103.0,Anesthesiology,1500273103.0
2000,6890240063.0,Nephrology,6890240063.0
2001,9542146097.0,Allergy & Immunology,9542146097.0
2002,3541238912.0,General Surgery,3541238912.0
2003,7753590861.0,Cardiology,7753590861.0
2004,1034114705.0,ENT,1034114705.0
2005,-1.0,Internal Medicine,2463356163.0
2006,4669833820.0,General Surgery,-1.0
2007,2047905204.0,Psychiatry,2047905204.0
2008,5227047686.0,Pediatrics,5227047686.0
2009,6477766008.0,Endocrinology,6477766008.0
2010,5089189426.0,Infectious Disease,5089189426.0
2011,9068740118.0,OB/GYN,-1.0
2012,2604749040.0,Infectious Disease,2604749040.0
2013,5295224675.0,Pathology,5295224675.0
2014,3740446442.0,Primary Care,8760576166.0
2015,5487005922.0,Dermatology,5487005922.0
2016,8615864755.0,Family Medicine,8615864755.0
2017,8664562780.0,Urology,-1.0
2018,-1.0,Primary Care,4397678155.0
2019,5316245665.0,Vascular Surgery,5316245665.0
2020,-1.0,Plastic Surgery,1451610222.0
2021,4287494121.0,Nephrology,8161543272.0
2022,1851819913.0,Psychiatry,4619800140.0
2023,-1.0,Pediatrics,2632786090.0
2024,6528427385.0,Infectious Disease,6528427385.0
2025,3460489491.0,Emergency Medicine,3460489491.0
2026,6209846241.0,Infectious Disease,6209846241.0
2027,6495379869.0,Primary Care,2824566875.0
2028,4591108099.0,Pathology,8254752128.0
2029,4021167716.0,Oncology,6118911135.0
2030,2904308418.0,Radiology,8494680095.0
2031,3322150992.0,Family Medicine,3322150992.0
2032,2615321904.0,Psychiatry,4990837031.0
2033,3171722069.0,Internal Medicine,3171722069.0
2034,4826467564.0,Psychiatry,4826467564.0
2035,-1.0,Infectious Disease,8496167501.0
2036,7038056729.0,Neurology,7038056729.0
2037,7546035453.0,Emergency Medicine,7546035453.0
2038,7981448409.0,Ophthalmology,7981448409.0
2039,1942571752.0,Cardiology,-1.0
2040,5832857817.0,Allergy & Immunology,5832857817.0
2041,3744833247.0,Rheumatology,3744833247.0
2042,2674762035.0,Pathology,-1.0
2043,9494513064.0,Allergy & Immunology,9494513064.0
2044,4509132563.0,Radiology,4509132563.0
2045,8512122097.0,Psychiatry,-1.0
2046,7385922246.0,ENT,7385922246.0
2047,-1.0,ENT,3072712577.0
2048,4305872050.0,Vascular Surgery,4305872050.0
2049,-1.0,Allergy & Immunology,5529091515.0
2050,7537852544.0,Plastic Surgery,7537852544.0
2051,-1.0,Physical Medicine & Rehabilitation,7180057171.0
2052,7860594026.0,Podiatry,7860594026.0
2053,7193532615.0,Anesthesiology,7193532615.0
2054,8192579713.0,Urology,8192579713.0
2055,9982574848.0,Radiology,9982574848.0
2056,1993998848.0,Pediatrics,1993998848.0
2057,5366583537.0,Pathology,5366583537.0
2058,-1.0,Cardiology,8643478669.0
2059,4104272371.0,Pediatrics,4104272371.0
2060,5291841958.0,Urology,1286567184.0
2061,8348547534.0,Pulmonology,1714933717.0
2062,3735786531.0,General Surgery,3735786531.0
2063,8622566062.0,Neurology,8622566062.0
2064,7283143895.0,Family Medicine,5899214738.0
2065,7627954353.0,Family Medicine,3318881285.0
2066,4937258287.0,Primary Care,8277840860.0
2067,2752347669.0,Cardiology,9874802759.0
2068,8031053243.0,Oncology,8031053243.0
2069,-1.0,Physical Medicine & Rehabilitation,7838535500.0
2070,3849010026.0,Cardiology,3849010026.0
2071,9015008408.0,Pathology,-1.0
2072,8869832965.0,Physical Medicine & Rehabilitation,8869832965.0
2073,-1.0,Urology,9914507434.0
2074,-1.0,Urology,4272602734.0
2075,2970753705.0,Plastic Surgery,6312206637.0
2076,-1.0,Podiatry,1844761343.0
2077,1034175196.0,Infectious Disease,1034175196.0
2078,8127164297.0,Gastroenterology,8127164297.0
2079,7861571879.0,Nephrology,3477391220.0
2080,3169561289.0,Urology,3169561289.0
2081,2619437043.0,Plastic Surgery,3390540784.0
2082,7237666111.0,Family Medicine,7237666111.0
2083,4799177162.0,Pulmonology,4799177162.0
2084,6020616922.0,Family Medicine,6020616922.0
2085,3587838782.0,Pulmonology,-1.0
2086,-1.0,Nephrology,7707379050.0
2087,2688269899.0,General Surgery,2688269899.0
2088,7402419515.0,Physical Medicine & Rehabilitation,-1.0
2089,7199283151.0,Radiology,7199283151.0
2090,4610947195.0,Dermatology,4610947195.0
2091,5993954519.0,Emergency Medicine,5993954519.0
2092,4500557310.0,Neurology,2220963445.0
2093,6115319619.0,Nephrology,7303166374.0
2094,2923306345.0,Endocrinology,2923306345.0
2095,3808129503.0,Pediatrics,3808129503.0
2096,2721959126.0,Orthopedics,4511763375.0
2097,4102828641.0,Plastic Surgery,4102828641.0
2098,4751060216.0,Cardiology,4751060216.0
2099,7533036232.0,Pathology,-1.0
2100,8159821058.0,Family Medicine,2979340450.0
2101,1039262289.0,Pediatrics,1039262289.0
2102,3725717915.0,Pediatrics,-1.0
2103,6526390110.0,Anesthesiology,8544220159.0
2104,5588007201.0,Cardiology,5588007201.0
2105,9585544957.0,Ophthalmology,9585544957.0
2106,7075558807.0,Rheumatology,5040445938.0
2107,5871743247.0,Plastic Surgery,-1.0
2108,2031926400.0,Allergy & Immunology,3329963642.0
2109,-1.0,Primary Care,2573478551.0
2110,2832897650.0,Podiatry,2832897650.0
2111,-1.0,Rheumatology,8077851013.0
2112,-1.0,Gastroenterology,5414558540.0
2113,8468373279.0,Pathology,8468373279.0
2114,1817906089.0,Primary Care,6235239671.0
2115,7432749100.0,Urology,7432749100.0
2116,7923014252.0,General Surgery,7923014252.0
2117,5189867664.0,Allergy & Immunology,5189867664.0
2118,2653821070.0,General Surgery,6858558705.0
2119,9195703289.0,Anesthesiology,9195703289.0
2120,1642037497.0,Orthopedics,1642037497.0
2121,7997023025.0,Dermatology,7997023025.0
2122,1401683351.0,Orthopedics,1401683351.0
2123,9196096398.0,Plastic Surgery,9196096398.0
2124,4547630097.0,Dermatology,-1.0
2125,7191825941.0,Emergency Medicine,7191825941.0
2126,8996744137.0,Anesthesiology,4243996076.0
2127,7540301973.0,Rheumatology,7540301973.0
2128,6451319739.0,Urology,7197265229.0
2129,2476831585.0,Radiology,2476831585.0
2130,-1.0,ENT,9866101024.0
2131,1359873139.0,Infectious Disease,1359873139.0
2132,8700802495.0,Rheumatology,8700802495.0
2133,4950847048.0,Podiatry,7726009837.0
2134,4167244443.0,Anesthesiology,4090238959.0
2135,3217337132.0,Radiology,3217337132.0
2136,7291109928.0,Primary Care,-1.0
2137,6496054316.0,Pulmonology,6496054316.0
2138,2504797898.0,Orthopedics,2504797898.0
2139,2537965898.0,ENT,9020042936.0
2140,1523334661.0,Emergency Medicine,1523334661.0
2141,4108943608.0,Pathology,4108943608.0
2142,8708546563.0,Nephrology,8708546563.0
2143,5650566007.0,Physical Medicine & Rehabilitation,5650566007.0
2144,6576426590.0,General Surgery,8170657309.0
2145,1371160993.0,Infectious Disease,3826400546.0
2146,6257450736.0,Nephrology,6257450736.0
2147,2782960617.0,OB/GYN,2782960617.0
2148,1973944921.0,Urology,3343337547.0
2149,8785139521.0,Pathology,8785139521.0
2150,4784972278.0,Dermatology,4784972278.0
2151,-1.0,Physical Medicine & Rehabilitation,1591719508.0
2152,4654980450.0,Primary Care,2311630068.0
2153,9723455784.0,Radiology,2093685455.0
2154,6887163882.0,Ophthalmology,6817921678.0
2155,1976493768.0,Primary Care,8455683777.0
2156,1357781152.0,Vascular Surgery,1357781152.0
2157,1566464738.0,Podiatry,3943076045.0
2158,-1.0,Psychiatry,5393785906.0
2159,8981543894.0,OB/GYN,8981543894.0
2160,6623360831.0,Internal Medicine,5824908575.0
2161,4482249971.0,ENT,4482249971.0
2162,2655821087.0,Cardiology,2655821087.0
2163,1195980587.0,Urology,1195980587.0
2164,7135543836.0,Nephrology,7533422978.0
2165,8579259920.0,Orthopedics,3830133880.0
2166,8944559914.0,OB/GYN,8944559914.0
2167,1011031667.0,Oncology,1402092272.0
2168,8988119876.0,Nephrology,8988119876.0
2169,-1.0,Ophthalmology,8325043570.0
2170,6809486058.0,General Surgery,3763566321.0
2171,8620154699.0,Anesthesiology,8962992156.0
2172,6288227800.0,Pediatrics,4377357344.0
2173,2915048861.0,Allergy & Immunology,-1.0
2174,2902502763.0,Psychiatry,2902502763.0
2175,-1.0,Urology,9080510951.0
2176,3445907524.0,Gastroenterology,3445907524.0
2177,5088187496.0,Neurology,1329647238.0
2178,3744446292.0,Anesthesiology,3744446292.0
2179,-1.0,Physical Medicine & Rehabilitation,6416249862.0
2180,5182239285.0,Infectious Disease,5182239285.0
2181,2139907416.0,Vascular Surgery,2139907416.0
2182,-1.0,Plastic Surgery,-1.0
2183,9640701016.0,Cardiology,9640701016.0
2184,2453723061.0,Cardiology,2453723061.0
2185,7864363337.0,Ophthalmology,7864363337.0
2186,6270465561.0,Cardiology,6270465561.0
2187,-1.0,Vascular Surgery,8981576848.0
2188,4413520679.0,General Surgery,4413520679.0
2189,4800224112.0,Internal Medicine,4800224112.0
2190,5047104149.0,Podiatry,5047104149.0
2191,1477329638.0,Family Medicine,1477329638.0
2192,1134749473.0,Nephrology,1134749473.0
2193,6464483966.0,Emergency Medicine,6464483966.0
2194,-1.0,Oncology,8394408253.0
2195,-1.0,Pediatrics,-1.0
2196,1797182818.0,Ophthalmology,6238746566.0
2197,5239945630.0,Ophthalmology,5209790109.0
2198,5324669454.0,Psychiatry,5324669454.0
2199,7772412615.0,ENT,7772412615.0
2200,9157883706.0,ENT,9157883706.0
2201,9696334671.0,Primary Care,-1.0
2202,1719442108.0,Emergency Medicine,4801753085.0
2203,5853407612.0,Podiatry,5853407612.0
2204,5757951685.0,Orthopedics,5757951685.0
2205,4995644660.0,Emergency Medicine,5057466666.0
2206,1746087503.0,Neurology,1746087503.0
2207,4955252994.0,Pediatrics,4955252994.0
2208,-1.0,General Surgery,5622205562.0
2209,1013343914.0,Emergency Medicine,1013343914.0
2210,5175019827.0,Cardiology,5175019827.0
2211,-1.0,Endocrinology,4172006012.0
2212,4345515321.0,Pediatrics,-1.0
2213,-1.0,Rheumatology,8210499145.0
2214,9381688418.0,Podiatry,9381688418.0
2215,1937614470.0,Psychiatry,1937614470.0
2216,2733941624.0,Infectious Disease,2733941624.0
2217,4683031554.0,Physical Medicine & Rehabilitation,4683031554.0
2218,4231244980.0,Pulmonology,4231244980.0
2219,8260680104.0,Anesthesiology,8260680104.0
2220,2852934216.0,Vascular Surgery,2852934216.0
2221,6618081021.0,OB/GYN,6618081021.0
2222,1694904767.0,ENT,1694904767.0
2223,8738351331.0,Pathology,8738351331.0
2224,6676450587.0,Gastroenterology,6676450587.0
2225,1939986969.0,Emergency Medicine,1939986969.0
2226,8594420165.0,Emergency Medicine,7230903850.0
2227,8268916871.0,Nephrology,8268916871.0
2228,-1.0,Pulmonology,6012246059.0
2229,8178927766.0,Primary Care,2251537823.0
2230,-1.0,Gastroenterology,8385972235.0
2231,1016673996.0,Infectious Disease,1738527828.0
2232,9434381915.0,Allergy & Immunology,2956836319.0
2233,8561199922.0,Ophthalmology,-1.0
2234,6033995612.0,Plastic Surgery,6033995612.0
2235,5261711194.0,General Surgery,5261711194.0
2236,4100711567.0,Podiatry,-1.0
2237,6781465992.0,ENT,6781465992.0
2238,8745283153.0,Primary Care,8745283153.0
2239,2613076219.0,Vascular Surgery,2613076219.0
2240,9053376113.0,Urology,5310266037.0
2241,6458740756.0,Cardiology,8967401129.0
2242,6222280165.0,Infectious Disease,6222280165.0
2243,1025210091.0,Rheumatology,4412435714.0
2244,9543880001.0,Ophthalmology,9543880001.0
2245,4859338963.0,Family Medicine,4859338963.0
2246,1390493265.0,OB/GYN,1390493265.0
2247,-1.0,Podiatry,6235070382.0
2248,2407633783.0,Emergency Medicine,2407633783.0
2249,4885929843.0,Physical Medicine & Rehabilitation,4885929843.0
2250,4541852788.0,Podiatry,4541852788.0
2251,2829056890.0,Urology,2829056890.0
2252,-1.0,Pathology,2969467684.0
2253,6846152492.0,Dermatology,6846152492.0
2254,5928417345.0,Podiatry,5928417345.0
2255,-1.0,Ophthalmology,6499884316.0
2256,7607288921.0,Plastic Surgery,4952984251.0
2257,8285624787.0,Allergy & Immunology,6605057142.0
2258,6913417379.0,Urology,6913417379.0
2259,9996919595.0,Endocrinology,8731570941.0
2260,8808043113.0,Ophthalmology,-1.0
2261,5304339914.0,Internal Medicine,5304339914.0
2262,4112007191.0,Radiology,4112007191.0
2263,-1.0,Oncology,6165990107.0
2264,3499676025.0,Primary Care,-1.0
2265,6817185905.0,OB/GYN,7563302330.0
2266,1852808613.0,ENT,1852808613.0
2267,8541700116.0,Emergency Medicine,3917385840.0
2268,4661893102.0,OB/GYN,4661893102.0
2269,-1.0,Plastic Surgery,1092484781.0
2270,-1.0,Dermatology,2156735622.0
2271,3979487804.0,Family Medicine,3979487804.0
2272,3007290007.0,Rheumatology,3007290007.0
2273,5080065625.0,Gastroenterology,-1.0
2274,7019900273.0,Vascular Surgery,-1.0
2275,3291270703.0,Pathology,3291270703.0
2276,4133955750.0,Podiatry,4133955750.0
2277,9112094321.0,Pulmonology,3235316251.0
2278,8238760130.0,Rheumatology,8238760130.0
2279,3097484316.0,ENT,3944906585.0
2280,8009390577.0,Vascular Surgery,3144583861.0
2281,4147684913.0,Primary Care,4147684913.0
2282,6377359759.0,Neurology,6377359759.0
2283,5391495878.0,Allergy & Immunology,5391495878.0
2284,2732663107.0,Endocrinology,2732663107.0
2285,8897996887.0,Emergency Medicine,8897996887.0
2286,-1.0,Pathology,5613503623.0
2287,-1.0,Primary Care,5315211627.0
2288,3539302505.0,Podiatry,-1.0
2289,1064484699.0,Cardiology,1064484699.0
2290,-1.0,Psychiatry,8292722149.0
2291,7858164010.0,Infectious Disease,7858164010.0
2292,-1.0,Rheumatology,1213157076.0
2293,8298719245.0,Psychiatry,8700724160.0
2294,-1.0,Infectious Disease,7961501559.0
2295,1179923279.0,Oncology,1179923279.0
2296,9673185158.0,Pulmonology,7021528410.0
2297,7472806994.0,Anesthesiology,7472806994.0
2298,8766339535.0,Orthopedics,8766339535.0
2299,8387972034.0,Family Medicine,3703546943.0
2300,6392415228.0,Radiology,8215378931.0
2301,-1.0,Nephrology,5682754224.0
2302,5615746104.0,Radiology,5615746104.0
2303,1784983542.0,Pulmonology,1784983542.0
2304,5464569299.0,Plastic Surgery,2077142769.0
2305,8288083077.0,Oncology,8288083077.0
2306,6045849677.0,Dermatology,6045849677.0
2307,-1.0,Oncology,5306899362.0
2308,4523371522.0,Radiology,4523371522.0
2309,6334779386.0,Family Medicine,6608709823.0
2310,-1.0,Family Medicine,9010479383.0
2311,-1.0,Ophthalmology,3238126936.0
2312,3660290823.0,Cardiology,8255014556.0
2313,5785481124.0,Urology,4667363718.0
2314,1577737703.0,Anesthesiology,5321124789.0
2315,3159668272.0,Podiatry,3159668272.0
2316,1818520766.0,Infectious Disease,1818520766.0
2317,7382004228.0,Anesthesiology,-1.0
2318,2076027794.0,Infectious Disease,9381244683.0
2319,-1.0,Psychiatry,9606226910.0
2320,1889433605.0,Family Medicine,1889433605.0
2321,5245063515.0,Urology,5245063515.0
2322,6934654971.0,Radiology,-1.0
2323,8676510043.0,Ophthalmology,8676510043.0
2324,6743875978.0,Dermatology,8427644763.0
2325,5737764656.0,Primary Care,5737764656.0
2326,1933058809.0,Vascular Surgery,1933058809.0
2327,9353172844.0,Endocrinology,9353172844.0
2328,7920851374.0,Internal Medicine,5366149622.0
2329,-1.0,Physical Medicine & Rehabilitation,9574712694.0
2330,1552131297.0,Infectious Disease,1552131297.0
2331,1829326917.0,Primary Care,1829326917.0
2332,5752083046.0,Orthopedics,5752083046.0
2333,9811640292.0,Pathology,9811640292.0
2334,8150869292.0,Ophthalmology,8150869292.0
2335,6404582459.0,ENT,1484002611.0
2336,4707279480.0,Gastroenterology,4707279480.0
2337,1093852809.0,Physical Medicine & Rehabilitation,6854562483.0
2338,7991066567.0,Nephrology,3723251891.0
2339,2904319901.0,Orthopedics,2904319901.0
2340,1866056235.0,Physical Medicine & Rehabilitation,1866056235.0
2341,7425524442.0,Plastic Surgery,1231513206.0
2342,9410288290.0,Emergency Medicine,9410288290.0
2343,-1.0,Nephrology,-1.0
2344,5351585770.0,Anesthesiology,5351585770.0
2345,9328604121.0,Orthopedics,9328604121.0
2346,1004123145.0,Psychiatry,1004123145.0
2347,8763170148.0,Oncology,9682494341.0
2348,-1.0,Emergency Medicine,8814343168.0
2349,-1.0,Vascular Surgery,4654772856.0
2350,1773338452.0,Pediatrics,1773338452.0
2351,5371030248.0,Internal Medicine,3728691586.0
2352,5583987616.0,Ophthalmology,5583987616.0
2353,2425006676.0,Cardiology,2425006676.0
2354,7568223339.0,Radiology,9412129769.0
2355,1131267917.0,Rheumatology,7364280035.0
2356,-1.0,Rheumatology,5091875722.0
2357,9704992402.0,Orthopedics,-1.0
2358,-1.0,Rheumatology,2359422830.0
2359,2199357068.0,Pathology,4196586790.0
2360,-1.0,Nephrology,6485594279.0
2361,5043037541.0,Primary Care,2885211082.0
2362,9947713046.0,Endocrinology,3015624913.0
2363,9280782675.0,Infectious Disease,3386032569.0
2364,-1.0,Urology,8967117616.0
2365,3487952241.0,Family Medicine,7303196276.0
2366,8256557537.0,Infectious Disease,8256557537.0
2367,6469864421.0,Podiatry,7709019037.0
2368,6728594127.0,Primary Care,6728594127.0
2369,8298348088.0,Ophthalmology,8298348088.0
2370,1706235580.0,Family Medicine,1706235580.0
2371,6761494575.0,Family Medicine,6761494575.0
2372,6726406418.0,Rheumatology,7097894376.0
2373,8095433356.0,Gastroenterology,8095433356.0
2374,4680799911.0,Family Medicine,4680799911.0
2375,6875597607.0,Dermatology,6875597607.0
2376,9288057824.0,Gastroenterology,9005829981.0
2377,3792920915.0,Nephrology,4263121383.0
2378,4962850544.0,Orthopedics,4962850544.0
2379,6566299577.0,Primary Care,9093032357.0
2380,2910847652.0,Podiatry,2910847652.0
2381,6939746472.0,Family Medicine,6381673774.0
2382,-1.0,Dermatology,2645038111.0
2383,9052143587.0,General Surgery,9052143587.0
2384,7040384625.0,ENT,7040384625.0
2385,9936226790.0,Cardiology,9936226790.0
2386,-1.0,Family Medicine,8832420150.0
2387,3994607170.0,Ophthalmology,-1.0
2388,5435962666.0,Primary Care,8242489259.0
2389,5402020245.0,Podiatry,5402020245.0
2390,4488579543.0,Pathology,-1.0
2391,6083042422.0,Endocrinology,3292571078.0
2392,1197092148.0,Vascular Surgery,1197092148.0
2393,8402698087.0,Physical Medicine & Rehabilitation,-1.0
2394,7270955446.0,Family Medicine,7270955446.0
2395,9909257076.0,Dermatology,9909257076.0
2396,9667651430.0,Rheumatology,9667651430.0
2397,2505222219.0,Oncology,2505222219.0
2398,9830944806.0,Family Medicine,9830944806.0
2399,7066267665.0,Family Medicine,7066267665.0
2400,2281376923.0,Pathology,8859777395.0
2401,1718625803.0,Endocrinology,1718625803.0
2402,5490940353.0,OB/GYN,5490940353.0
2403,2236822210.0,Endocrinology,2236822210.0
2404,-1.0,Pathology,5260661552.0
2405,8493664415.0,Rheumatology,8493664415.0
2406,6065743990.0,ENT,-1.0
2407,1588787875.0,ENT,1588787875.0
2408,5178604256.0,Orthopedics,9848176578.0
2409,6169317325.0,ENT,3715018274.0
2410,7744617116.0,Psychiatry,-1.0
2411,6937704752.0,Neurology,6937704752.0
2412,-1.0,Oncology,2493531038.0
2413,8190457777.0,Orthopedics,8190457777.0
2414,7699971723.0,Cardiology,7699971723.0
2415,8133975751.0,Pathology,4986047241.0
2416,7302604314.0,Gastroenterology,7302604314.0
2417,-1.0,Ophthalmology,5144708101.0
2418,-1.0,Dermatology,3307863942.0
2419,5794660682.0,General Surgery,2263213642.0
2420,1005250264.0,Primary Care,8280928146.0
2421,2842689134.0,Cardiology,3650841692.0
2422,9877722802.0,Pathology,3573579837.0
2423,-1.0,Pediatrics,8042997784.0
2424,6984037689.0,Dermatology,6984037689.0
2425,8636512160.0,Endocrinology,8636512160.0
2426,2008441755.0,General Surgery,2008441755.0
2427,1843046681.0,Pulmonology,1843046681.0
2428,2228388623.0,Cardiology,9983202989.0
2429,4643576871.0,Nephrology,4643576871.0
2430,6097417358.0,Plastic Surgery,6097417358.0
2431,4309260670.0,Infectious Disease,6545807946.0
2432,2131165735.0,Vascular Surgery,8483335063.0
2433,3641467392.0,Psychiatry,-1.0
2434,7010237528.0,Endocrinology,4203298804.0
2435,8583450980.0,Podiatry,8583450980.0
2436,8641714687.0,Dermatology,8641714687.0
2437,2219460880.0,Psychiatry,6840625415.0
2438,-1.0,Neurology,8234062195.0
2439,1198514136.0,Emergency Medicine,1198514136.0
2440,1053087238.0,Emergency Medicine,1053087238.0
2441,5753253590.0,Internal Medicine,4397646037.0
2442,8465958999.0,Podiatry,3082935480.0
2443,-1.0,Oncology,2958788771.0
2444,5237351050.0,Family Medicine,-1.0
2445,6076345845.0,ENT,6076345845.0
2446,3521300895.0,Radiology,4965888470.0
2447,4944811666.0,Allergy & Immunology,4944811666.0
2448,6082544784.0,Internal Medicine,3243283624.0
2449,8350829699.0,Endocrinology,8350829699.0
2450,1159151675.0,Psychiatry,1159151675.0
2451,4213853162.0,Internal Medicine,4213853162.0
2452,1945826486.0,Ophthalmology,-1.0
2453,4935462811.0,Plastic Surgery,4935462811.0
2454,1318570313.0,Urology,8893268422.0
2455,2942091426.0,Neurology,4870353009.0
2456,8739238825.0,Anesthesiology,8739238825.0
2457,-1.0,Oncology,4632959610.0
2458,-1.0,Vascular Surgery,3872111537.0
2459,1428501516.0,Plastic Surgery,2987454380.0
2460,2224224246.0,Cardiology,2224224246.0
2461,5873454866.0,Psychiatry,5873454866.0
2462,3939637388.0,Allergy & Immunology,3939637388.0
2463,7891351401.0,Urology,7891351401.0
2464,-1.0,Anesthesiology,2127061808.0
2465,2375723254.0,Plastic Surgery,3861619220.0
2466,8628842157.0,Plastic Surgery,8628842157.0
2467,7385863902.0,Emergency Medicine,6521420747.0
2468,-1.0,Nephrology,9188554798.0
2469,8972930896.0,Radiology,8972930896.0
2470,1435979641.0,Dermatology,1435979641.0
2471,-1.0,ENT,5625342041.0
2472,6602511745.0,Internal Medicine,6602511745.0
2473,7547701286.0,Pathology,7547701286.0
2474,3237646664.0,Gastroenterology,3237646664.0
2475,7909326720.0,Rheumatology,7909326720.0
2476,7089085190.0,Plastic Surgery,7089085190.0
2477,5576646185.0,Infectious Disease,7417177670.0
2478,2930446141.0,Rheumatology,2930446141.0
2479,4105064001.0,Radiology,5506006525.0
2480,1508617313.0,Vascular Surgery,8799160628.0
2481,5141285960.0,Rheumatology,5141285960.0
2482,4650051715.0,Anesthesiology,9119428100.0
2483,2012968988.0,Nephrology,2012968988.0
2484,6731730751.0,Orthopedics,6731730751.0
2485,6702392602.0,Urology,-1.0
2486,5066388518.0,Radiology,6833241557.0
2487,9294666194.0,Oncology,4212943453.0
2488,3094381758.0,General Surgery,3094381758.0
2489,2653779563.0,Physical Medicine & Rehabilitation,2653779563.0
2490,3614663568.0,Physical Medicine & Rehabilitation,5055409024.0
2491,7146318035.0,Family Medicine,4309809481.0
2492,5639613442.0,Rheumatology,5639613442.0
2493,4921196010.0,Pediatrics,9897977382.0
2494,1563502062.0,Vascular Surgery,-1.0
2495,-1.0,Pathology,9942494378.0
2496,4490722186.0,Podiatry,6114240139.0
2497,9941932983.0,Family Medicine,3541407072.0
2498,2782157530.0,Allergy & Immunology,8586557841.0
2499,9057984307.0,Family Medicine,2516737575.0
2500,7876759525.0,Emergency Medicine,7876759525.0
2501,9503167458.0,Allergy & Immunology,-1.0
2502,2263513519.0,Vascular Surgery,2263513519.0
2503,5486934774.0,Plastic Surgery,5486934774.0
2504,-1.0,Endocrinology,4526375668.0
2505,9095535261.0,Cardiology,9095535261.0
2506,7241025565.0,Pathology,4877691921.0
2507,-1.0,Psychiatry,3988251428.0
2508,2358961337.0,Vascular Surgery,2358961337.0
2509,1682781467.0,ENT,-1.0
2510,8073059651.0,Endocrinology,8073059651.0
2511,3799293393.0,Cardiology,3799293393.0
2512,3764474604.0,Emergency Medicine,3764474604.0
2513,4266296360.0,ENT,4266296360.0
2514,3436289709.0,Neurology,3436289709.0
2515,4713368213.0,General Surgery,4713368213.0
2516,7588919626.0,Urology,7588919626.0
2517,9257061242.0,Ophthalmology,9257061242.0
2518,6310688903.0,Radiology,6310688903.0
2519,1723704269.0,Endocrinology,3435714168.0
2520,9922723063.0,Gastroenterology,9922723063.0
2521,6744039057.0,Vascular Surgery,6744039057.0
2522,8648084558.0,Family Medicine,8648084558.0
2523,9754355973.0,Gastroenterology,2074532263.0
2524,9312085761.0,Nephrology,9312085761.0
2525,-1.0,Psychiatry,8003950322.0
2526,3392042450.0,Physical Medicine & Rehabilitation,3392042450.0
2527,3814446299.0,Gastroenterology,3814446299.0
2528,5179888323.0,Orthopedics,5179888323.0
2529,2627677155.0,Orthopedics,2627677155.0
2530,9431299488.0,Vascular Surgery,9513084781.0
2531,8178556785.0,Anesthesiology,6452922591.0
2532,-1.0,Dermatology,1225052083.0
2533,7695269902.0,Urology,7695269902.0
2534,2775519219.0,OB/GYN,2775519219.0
2535,6529037732.0,Cardiology,6529037732.0
2536,3773946400.0,ENT,3773946400.0
2537,1118988531.0,Radiology,1359889352.0
2538,2674778305.0,Emergency Medicine,2674778305.0
2539,5290464716.0,Emergency Medicine,4732028315.0
2540,6698349136.0,Nephrology,6698349136.0
2541,7051440357.0,Pathology,7051440357.0
2542,-1.0,Rheumatology,6781057298.0
2543,-1.0,Internal Medicine,7575868324.0
2544,8557470772.0,ENT,9251318745.0
2545,5418588710.0,Gastroenterology,5418588710.0
2546,2646331504.0,Pulmonology,1910410356.0
2547,8824192025.0,Pathology,-1.0
2548,-1.0,Rheumatology,6906189747.0
2549,3195155142.0,Radiology,5367615313.0
2550,2905452099.0,Nephrology,-1.0
2551,2052811909.0,Neurology,2052811909.0
2552,2348993465.0,Nephrology,-1.0
2553,3424849408.0,Orthopedics,3424849408.0
2554,8121196375.0,Urology,8121196375.0
2555,-1.0,Internal Medicine,4946432805.0
2556,6920691967.0,Pathology,6920691967.0
2557,9910544383.0,OB/GYN,9910544383.0
2558,7875068995.0,Pathology,7875068995.0
2559,5876328741.0,Podiatry,5876328741.0
2560,6773951619.0,Allergy & Immunology,6773951619.0
2561,-1.0,Ophthalmology,9748911506.0
2562,2282044148.0,Oncology,5843930444.0
2563,9059268380.0,Pathology,9059268380.0
2564,1199206384.0,Cardiology,1199206384.0
2565,4810677834.0,Urology,4810677834.0
2566,2699887270.0,Dermatology,2699887270.0
2567,3646349248.0,Orthopedics,3646349248.0
2568,4887238730.0,Rheumatology,4887238730.0
2569,6816218289.0,Gastroenterology,-1.0
2570,9624570829.0,Dermatology,9624570829.0
2571,3984115643.0,Gastroenterology,3984115643.0
2572,4218845963.0,Urology,4218845963.0
2573,5568408912.0,ENT,3893248479.0
2574,2948526738.0,Emergency Medicine,2948526738.0
2575,6846766925.0,Ophthalmology,9560645589.0
2576,5729952677.0,Plastic Surgery,5729952677.0
2577,2844836938.0,Emergency Medicine,4409972707.0
2578,7558280812.0,Oncology,7558280812.0
2579,9996515483.0,Pediatrics,-1.0
2580,7742907757.0,Neurology,7742907757.0
2581,2247437523.0,Podiatry,2247437523.0
2582,4618105265.0,Nephrology,6282552840.0
2583,-1.0,Rheumatology,1103207870.0
2584,2613930214.0,Allergy & Immunology,2982148105.0
2585,4854570434.0,Rheumatology,4854570434.0
2586,1111413563.0,Emergency Medicine,1111413563.0
2587,3604827192.0,Pulmonology,6307301227.0
2588,-1.0,Podiatry,-1.0
2589,2855453390.0,Internal Medicine,2855453390.0
2590,2701728624.0,Infectious Disease,2701728624.0
2591,3204833223.0,Dermatology,3204833223.0
2592,6182870116.0,Vascular Surgery,6182870116.0
2593,3276297510.0,Nephrology,3276297510.0
2594,9617909120.0,Cardiology,9617909120.0
2595,1814436678.0,Podiatry,1755473517.0
2596,4564248927.0,Ophthalmology,-1.0
2597,1971835392.0,Radiology,1971835392.0
2598,7414673077.0,Plastic Surgery,7414673077.0
2599,5907901744.0,Dermatology,5653683670.0
2600,6319807982.0,Allergy & Immunology,6319807982.0
2601,8616095594.0,Psychiatry,8616095594.0
2602,3093825472.0,Gastroenterology,-1.0
2603,3858984193.0,Gastroenterology,3858984193.0
2604,6551405716.0,Radiology,9112410161.0
2605,1981744437.0,Allergy & Immunology,1981744437.0
2606,-1.0,Endocrinology,2380199637.0
2607,1619132743.0,ENT,1619132743.0
2608,3576212952.0,Oncology,3576212952.0
2609,2298235387.0,ENT,2298235387.0
2610,9813902271.0,Anesthesiology,9813902271.0
2611,3993121885.0,Ophthalmology,3993121885.0
2612,8549092491.0,Emergency Medicine,8549092491.0
2613,-1.0,Podiatry,8837082543.0
2614,3102895903.0,Ophthalmology,1110152805.0
2615,6011717427.0,Pulmonology,6011717427.0
2616,6764451684.0,Primary Care,6764451684.0
2617,-1.0,Cardiology,5884150410.0
2618,5515628633.0,OB/GYN,5515628633.0
2619,6288685322.0,OB/GYN,6288685322.0
2620,4691217634.0,Cardiology,1265143649.0
2621,2843563009.0,Allergy & Immunology,1323951134.0
2622,-1.0,General Surgery,3850066815.0
2623,3889662004.0,Cardiology,3889662004.0
2624,4357675979.0,Plastic Surgery,4357675979.0
2625,8695129534.0,Nephrology,8695129534.0
2626,1944344373.0,Ophthalmology,1944344373.0
2627,2719948432.0,Family Medicine,3280489078.0
2628,1710404224.0,Vascular Surgery,2766838964.0
2629,2944053813.0,Internal Medicine,2944053813.0
2630,-1.0,Ophthalmology,7009791435.0
2631,-1.0,Endocrinology,5080006170.0
2632,6505706239.0,Urology,5515059702.0
2633,9697414638.0,Pulmonology,9697414638.0
2634,9769878938.0,Allergy & Immunology,9465999075.0
2635,2899169638.0,Vascular Surgery,2899169638.0
2636,9924488511.0,Orthopedics,9924488511.0
2637,-1.0,Internal Medicine,3018176579.0
2638,-1.0,OB/GYN,2009538345.0
2639,7561782621.0,Oncology,4900972296.0
2640,8880426060.0,Pathology,8880426060.0
2641,4128039534.0,Gastroenterology,-1.0
2642,6291628812.0,Anesthesiology,9145540045.0
2643,9464013070.0,Internal Medicine,9464013070.0
2644,2141600678.0,Rheumatology,3002494718.0
2645,8665986525.0,Emergency Medicine,1945693595.0
2646,4209700340.0,Dermatology,4209700340.0
2647,7114733717.0,Primary Care,7114733717.0
2648,1914201261.0,Cardiology,1914201261.0
2649,9518504093.0,Gastroenterology,-1.0
2650,5906579123.0,Family Medicine,5906579123.0
2651,1169889594.0,Plastic Surgery,1169889594.0
2652,2634106492.0,General Surgery,2634106492.0
2653,3601503399.0,General Surgery,3601503399.0
2654,-1.0,Psychiatry,5723504893.0
2655,7973074025.0,Urology,9840903987.0
2656,4823889367.0,Family Medicine,4823889367.0
2657,6541656257.0,Rheumatology,6541656257.0
2658,5223195646.0,Allergy & Immunology,5223195646.0
2659,8933554338.0,Podiatry,8933554338.0
2660,2862734209.0,Family Medicine,9847260710.0
2661,6695183060.0,Urology,6695183060.0
2662,4310415016.0,Rheumatology,4310415016.0
2663,7573120172.0,Internal Medicine,7573120172.0
2664,9878863684.0,Primary Care,9878863684.0
2665,2960730480.0,Gastroenterology,1302206974.0
2666,-1.0,Gastroenterology,9382661360.0
2667,1822873088.0,Oncology,9383056781.0
2668,2824782506.0,Rheumatology,2824782506.0
2669,5660589433.0,Ophthalmology,5660589433.0
2670,3888603367.0,Pulmonology,3888603367.0
2671,2836433558.0,Pathology,1275795404.0
2672,5102611752.0,Allergy & Immunology,5102611752.0
2673,-1.0,Psychiatry,5727349037.0
2674,-1.0,Podiatry,5420666225.0
2675,-1.0,Orthopedics,9423487473.0
2676,5376842282.0,Pathology,5376842282.0
2677,4210581718.0,Plastic Surgery,4210581718.0
2678,6413407687.0,Gastroenterology,5925586439.0
2679,1225953184.0,OB/GYN,1225953184.0
2680,4294833050.0,Orthopedics,-1.0
2681,2056881682.0,OB/GYN,1115192932.0
2682,2094233834.0,Nephrology,5918886177.0
2683,-1.0,Dermatology,9345116088.0
2684,4311402472.0,Infectious Disease,4311402472.0
2685,-1.0,Podiatry,6626544188.0
2686,6317189421.0,Urology,7995353749.0
2687,6504099682.0,Endocrinology,6504099682.0
2688,1854316681.0,Emergency Medicine,6703195346.0
2689,2601198885.0,Ophthalmology,2601198885.0
2690,2129819217.0,Pulmonology,5806117008.0
2691,8013262671.0,Emergency Medicine,4209241271.0
2692,9562716638.0,Dermatology,3150101614.0
2693,9837042860.0,Orthopedics,1536959834.0
2694,2345840745.0,Endocrinology,2345840745.0
2695,1595776128.0,Physical Medicine & Rehabilitation,1595776128.0
2696,6126037320.0,Family Medicine,6126037320.0
2697,5210798990.0,General Surgery,5210798990.0
2698,9832661129.0,Oncology,9832661129.0
2699,-1.0,Anesthesiology,7508461289.0
2700,8997418957.0,Psychiatry,8997418957.0
2701,-1.0,Plastic Surgery,1855167466.0
2702,6542943838.0,Vascular Surgery,6542943838.0
2703,4095476665.0,Rheumatology,4095476665.0
2704,9837427517.0,Emergency Medicine,7117347720.0
2705,4485761415.0,OB/GYN,4485761415.0
2706,-1.0,Pediatrics,8754357125.0
2707,-1.0,Nephrology,6871704354.0
2708,3374969448.0,Infectious Disease,3374969448.0
2709,3918046336.0,Urology,3850839506.0
2710,4988068944.0,Rheumatology,9884037800.0
2711,4111279791.0,Nephrology,4111279791.0
2712,9778061621.0,Ophthalmology,9778061621.0
2713,9814241140.0,Podiatry,9814241140.0
2714,1683855081.0,Gastroenterology,1683855081.0
2715,4770015184.0,Nephrology,4770015184.0
2716,-1.0,Nephrology,2750115705.0
2717,-1.0,Plastic Surgery,7517938612.0
2718,8745045001.0,Endocrinology,8745045001.0
2719,6444022456.0,Plastic Surgery,6444022456.0
2720,3446034887.0,General Surgery,7675390339.0
2721,1067779246.0,OB/GYN,1627575654.0
2722,5683143581.0,Pathology,5683143581.0
2723,5717062885.0,Dermatology,5717062885.0
2724,1404235365.0,General Surgery,8816311148.0
2725,9520940324.0,Oncology,9520940324.0
2726,8255033473.0,Emergency Medicine,7911116982.0
2727,6557607354.0,Emergency Medicine,6557607354.0
2728,1626674261.0,Rheumatology,4120092279.0
2729,3314002068.0,Anesthesiology,3314002068.0
2730,-1.0,Urology,7888791835.0
2731,3085068274.0,Oncology,2454685747.0
2732,5856127658.0,Anesthesiology,5856127658.0
2733,9342462477.0,Orthopedics,5123281330.0
2734,1542934161.0,Pathology,1542934161.0
2735,-1.0,Anesthesiology,6154353092.0
2736,5203589186.0,Urology,5203589186.0
2737,-1.0,Rheumatology,9945098335.0
2738,5031086659.0,Plastic Surgery,5031086659.0
2739,9665735603.0,OB/GYN,9665735603.0
2740,4174628090.0,Pulmonology,4174628090.0
2741,4264447303.0,Pediatrics,1992716252.0
2742,3714924293.0,Infectious Disease,3714924293.0
2743,4299204248.0,Physical Medicine & Rehabilitation,6980060638.0
2744,9560528777.0,Family Medicine,9560528777.0
2745,8822525355.0,Nephrology,7694560237.0
2746,9856264217.0,Urology,5412555267.0
2747,3873116056.0,General Surgery,6976603106.0
2748,8954951305.0,Psychiatry,-1.0
2749,5172413186.0,Pulmonology,5172413186.0
2750,2953676676.0,Psychiatry,2953676676.0
2751,-1.0,Podiatry,4404889130.0
2752,2459990228.0,Psychiatry,8988871886.0
2753,3051649180.0,Vascular Surgery,3051649180.0
2754,3847057976.0,Pulmonology,3847057976.0
2755,4887695563.0,Gastroenterology,2125663333.0
2756,9753722094.0,Plastic Surgery,9753722094.0
2757,5930425078.0,Physical Medicine & Rehabilitation,9689760332.0
2758,8820716211.0,Allergy & Immunology,8793148085.0
2759,3517700971.0,Pathology,3517700971.0
2760,8228478353.0,ENT,8228478353.0
2761,3179320310.0,Ophthalmology,3179320310.0
2762,1616423848.0,Internal Medicine,9175826512.0
2763,6095156544.0,Emergency Medicine,6095156544.0
2764,4526687645.0,Psychiatry,4526687645.0
2765,8958602837.0,Emergency Medicine,8958602837.0
2766,5046450750.0,Pediatrics,2973606864.0
2767,7844307229.0,Neurology,7844307229.0
2768,2960379288.0,Gastroenterology,2960379288.0
2769,9837774039.0,Physical Medicine & Rehabilitation,9274023200.0
2770,2821138190.0,Oncology,2821138190.0
2771,2628199646.0,Pulmonology,2628199646.0
2772,9161487626.0,Oncology,9634068319.0
2773,1591852141.0,Infectious Disease,1591852141.0
2774,8115628227.0,Pediatrics,8115628227.0
2775,6576373571.0,OB/GYN,6576373571.0
2776,5267251871.0,Radiology,5267251871.0
2777,6223689079.0,Plastic Surgery,-1.0
2778,1311570307.0,Gastroenterology,1311570307.0
2779,6451370453.0,Family Medicine,-1.0
2780,3654728627.0,Dermatology,5599290129.0
2781,4231461054.0,Urology,2488150735.0
2782,-1.0,Nephrology,6120627986.0
2783,3338196881.0,Podiatry,3338196881.0
2784,2006451779.0,Infectious Disease,2006451779.0
2785,8938293777.0,Physical Medicine & Rehabilitation,9327724125.0
2786,5606736607.0,Vascular Surgery,-1.0
2787,2591589823.0,Nephrology,2591589823.0
2788,6557477402.0,Anesthesiology,6557477402.0
2789,8118477454.0,General Surgery,8118477454.0
2790,7821920734.0,OB/GYN,7821920734.0
2791,4520399955.0,Physical Medicine & Rehabilitation,9991194297.0
2792,7573442717.0,Emergency Medicine,7573442717.0
2793,2280717524.0,Rheumatology,2280717524.0
2794,3853595056.0,Urology,6175038741.0
2795,1918920620.0,Physical Medicine & Rehabilitation,1918920620.0
2796,5290285300.0,Anesthesiology,5290285300.0
2797,1593158202.0,OB/GYN,1593158202.0
2798,-1.0,Podiatry,9189797508.0
2799,5332533199.0,ENT,5332533199.0
2800,1129738207.0,Orthopedics,1129738207.0
2801,6112823642.0,Physical Medicine & Rehabilitation,6112823642.0
2802,9167489057.0,Plastic Surgery,9167489057.0
2803,5372660943.0,Pediatrics,5372660943.0
2804,1046300897.0,Ophthalmology,1046300897.0
2805,5417744298.0,Dermatology,5417744298.0
2806,7769777475.0,Pediatrics,7769777475.0
2807,5911625145.0,Pathology,5911625145.0
2808,8107258941.0,Psychiatry,8066542353.0
2809,4614283282.0,Oncology,4614283282.0
2810,9155807841.0,Family Medicine,9155807841.0
2811,9770592892.0,Radiology,6694978960.0
2812,9373210359.0,Pediatrics,8170316283.0
2813,-1.0,Pulmonology,5990212370.0
2814,7698285682.0,Dermatology,7698285682.0
2815,8194054256.0,OB/GYN,6291848845.0
2816,6671233208.0,Psychiatry,6671233208.0
2817,2622555846.0,Neurology,8802140671.0
2818,3986257683.0,OB/GYN,1563158711.0
2819,5784154528.0,Pathology,5784154528.0
2820,7247886041.0,Radiology,8012636497.0
2821,-1.0,Ophthalmology,6112120116.0
2822,9797329728.0,OB/GYN,9055657621.0
2823,3577849657.0,Emergency Medicine,6540003171.0
2824,9012328127.0,Allergy & Immunology,2713073791.0
2825,1818503364.0,Emergency Medicine,1818503364.0
2826,8603442566.0,Oncology,8603442566.0
2827,6327951223.0,Podiatry,6327951223.0
2828,4889726996.0,Radiology,-1.0
2829,5391090337.0,Endocrinology,5391090337.0
2830,-1.0,Infectious Disease,9880689842.0
2831,9905258500.0,Radiology,9905258500.0
2832,9063079139.0,Infectious Disease,9063079139.0
2833,9135754389.0,Podiatry,9135754389.0
2834,3610721442.0,Emergency Medicine,7835899860.0
2835,6919048740.0,ENT,9428190108.0
2836,6527129795.0,Rheumatology,-1.0
2837,8483150537.0,Gastroenterology,8483150537.0
2838,9862583795.0,Anesthesiology,9862583795.0
2839,8295971445.0,Family Medicine,8295971445.0
2840,2295067571.0,Plastic Surgery,2295067571.0
2841,6167450976.0,Neurology,5636166449.0
2842,4253473539.0,Rheumatology,4253473539.0
2843,5045892188.0,Infectious Disease,5045892188.0
2844,4289185246.0,Internal Medicine,9399156532.0
2845,9421518487.0,Endocrinology,5499685919.0
2846,7181455756.0,Physical Medicine & Rehabilitation,-1.0
2847,1276475275.0,Endocrinology,1276475275.0
2848,9981540040.0,Orthopedics,9981540040.0
2849,1987243526.0,Primary Care,1987243526.0
2850,6326403406.0,Gastroenterology,-1.0
2851,7910817577.0,Nephrology,7910817577.0
2852,-1.0,Endocrinology,6276339732.0
2853,9195122957.0,Endocrinology,9195122957.0
2854,5412211686.0,ENT,1940356911.0
2855,7745467498.0,Family Medicine,7745467498.0
2856,4969078221.0,Physical Medicine & Rehabilitation,5388366868.0
2857,7587494767.0,Nephrology,7587494767.0
2858,2526194146.0,Allergy & Immunology,6463580269.0
2859,-1.0,Orthopedics,1230020161.0
2860,-1.0,Pathology,3108307952.0
2861,1637088959.0,Anesthesiology,1637088959.0
2862,5141688400.0,Radiology,-1.0
2863,3425783849.0,Ophthalmology,-1.0
2864,3070177372.0,Gastroenterology,-1.0
2865,1067198189.0,Primary Care,1067198189.0
2866,1933479178.0,Physical Medicine & Rehabilitation,7735647781.0
2867,-1.0,Primary Care,5972692057.0
2868,2780016559.0,Family Medicine,4933914581.0
2869,7064191466.0,Neurology,1706114977.0
2870,-1.0,Dermatology,6055434544.0
2871,3676538990.0,Pathology,1633996855.0
2872,4436406092.0,Physical Medicine & Rehabilitation,1002890607.0
2873,6511412632.0,Gastroenterology,1080729572.0
2874,9642713632.0,Family Medicine,9642713632.0
2875,3173530799.0,Radiology,2283332886.0
2876,9457665185.0,ENT,9457665185.0
2877,7472388712.0,Ophthalmology,7472388712.0
2878,3478044003.0,Plastic Surgery,3478044003.0
2879,5346793445.0,Ophthalmology,5346793445.0
2880,3593393772.0,Family Medicine,3593393772.0
2881,3750269340.0,Vascular Surgery,3750269340.0
2882,5545850584.0,OB/GYN,4088920414.0
2883,6235005958.0,Neurology,2688665850.0
2884,-1.0,ENT,2617998404.0
2885,6364508651.0,Dermatology,6364508651.0
2886,9607646309.0,Rheumatology,7855565708.0
2887,3262496662.0,Infectious Disease,3262496662.0
2888,8116581001.0,Urology,7285425698.0
2889,2595976710.0,Infectious Disease,2595976710.0
2890,1502395125.0,General Surgery,1502395125.0
2891,5106442139.0,OB/GYN,9832454642.0
2892,8405370349.0,Psychiatry,5848572081.0
2893,5529870909.0,Internal Medicine,3310331328.0
2894,1735563832.0,OB/GYN,1735563832.0
2895,7285549500.0,Pediatrics,7285549500.0
2896,2068687175.0,Infectious Disease,2068687175.0
2897,1629176876.0,Podiatry,3987108721.0
2898,8730566271.0,General Surgery,9151450741.0
2899,-1.0,Primary Care,9892481056.0
2900,7505818220.0,Family Medicine,2425506324.0
2901,9643525901.0,Internal Medicine,3842748246.0
2902,1540137296.0,Allergy & Immunology,1540137296.0
2903,3316951071.0,Neurology,3316951071.0
2904,5681614306.0,Pediatrics,5681614306.0
2905,-1.0,ENT,7927464592.0
2906,-1.0,Vascular Surgery,6914731030.0
2907,8565945631.0,Pulmonology,8565945631.0
2908,7495614564.0,Endocrinology,7495614564.0
2909,5941089356.0,Nephrology,5941089356.0
2910,8665078769.0,Internal Medicine,8665078769.0
2911,8886846400.0,Pathology,2179195488.0
2912,2835021905.0,Dermatology,2835021905.0
2913,8050936384.0,Dermatology,8050936384.0
2914,-1.0,Pulmonology,1919649089.0
2915,2618270081.0,Family Medicine,2618270081.0
2916,8760642358.0,Nephrology,8760642358.0
2917,1594780135.0,Dermatology,7424170403.0
2918,-1.0,Ophthalmology,1792443897.0
2919,2073755632.0,Vascular Surgery,2073755632.0
2920,7080118015.0,Plastic Surgery,-1.0
2921,5794928932.0,Pulmonology,5794928932.0
2922,2218469455.0,Physical Medicine & Rehabilitation,2218469455.0
2923,5675847285.0,Dermatology,5675847285.0
2924,3439970171.0,Pulmonology,-1.0
2925,2578662692.0,Neurology,5210898876.0
2926,3442183999.0,Psychiatry,3442183999.0
2927,8324687182.0,Urology,8324687182.0
2928,9933702652.0,Neurology,9933702652.0
2929,3032971126.0,Plastic Surgery,3032971126.0
2930,4959218902.0,Allergy & Immunology,-1.0
2931,3246147132.0,Psychiatry,3246147132.0
2932,4386287675.0,ENT,4386287675.0
2933,-1.0,Pathology,5945236997.0
2934,4358554365.0,Ophthalmology,3696281977.0
2935,-1.0,OB/GYN,9153367901.0
2936,-1.0,Podiatry,9299757653.0
2937,5801195339.0,OB/GYN,3511362025.0
2938,9910467285.0,Family Medicine,9910467285.0
2939,1877204248.0,Dermatology,6082658671.0
2940,4387264700.0,Psychiatry,7146266235.0
2941,5879986988.0,Neurology,5879986988.0
2942,4248149900.0,Allergy & Immunology,4248149900.0
2943,4080507337.0,Radiology,4080507337.0
2944,9318189486.0,Infectious Disease,1912704411.0
2945,8876276535.0,Emergency Medicine,8876276535.0
2946,6091881739.0,Rheumatology,6091881739.0
2947,7991986741.0,Allergy & Immunology,7991986741.0
2948,8457729712.0,Psychiatry,9426912348.0
2949,9896358359.0,Urology,9896358359.0
2950,-1.0,Pathology,5075027913.0
2951,7139456572.0,Allergy & Immunology,7139456572.0
2952,1258155182.0,Psychiatry,1258155182.0
2953,5533921266.0,ENT,5533921266.0
2954,8266159318.0,ENT,8266159318.0
2955,6698712691.0,Allergy & Immunology,6698712691.0
2956,6334162880.0,Dermatology,6334162880.0
2957,4648360242.0,Endocrinology,9412534147.0
2958,9602036367.0,Radiology,6867036221.0
2959,4050325243.0,Orthopedics,4050325243.0
2960,8821899780.0,Oncology,8821899780.0
2961,8831629636.0,Internal Medicine,8831629636.0
2962,3023399168.0,Pathology,3023399168.0
2963,-1.0,Vascular Surgery,3166860023.0
2964,8563669597.0,Plastic Surgery,8563669597.0
2965,6271763012.0,Infectious Disease,8233881509.0
2966,6028554337.0,Vascular Surgery,3111312804.0
2967,4032501215.0,Orthopedics,5584995097.0
2968,6764581137.0,Podiatry,6764581137.0
2969,-1.0,Vascular Surgery,3993272840.0
2970,9098173013.0,Primary Care,9098173013.0
2971,5296962054.0,Orthopedics,5296962054.0
2972,6282889763.0,OB/GYN,6282889763.0
2973,8401674542.0,Physical Medicine & Rehabilitation,8401674542.0
2974,6806357653.0,Infectious Disease,6400594652.0
2975,-1.0,Anesthesiology,6126033644.0
2976,7017653034.0,Pathology,7017653034.0
2977,3084839399.0,Rheumatology,3084839399.0
2978,7358520704.0,Primary Care,6177089784.0
2979,4806010595.0,Cardiology,4806010595.0
2980,3126187333.0,Family Medicine,4606315897.0
2981,8626138802.0,Emergency Medicine,8626138802.0
2982,9608299530.0,Neurology,9608299530.0
2983,4031765433.0,Oncology,-1.0
2984,5562470175.0,Internal Medicine,3888867082.0
2985,3526767947.0,Emergency Medicine,3526767947.0
2986,7487534182.0,OB/GYN,5145524846.0
2987,8535375473.0,Physical Medicine & Rehabilitation,2708082917.0
2988,4381952186.0,Pediatrics,4381952186.0
2989,-1.0,Orthopedics,9925889192.0
2990,1262858175.0,Pulmonology,1262858175.0
2991,6790024996.0,Nephrology,7422531435.0
2992,8602163695.0,Cardiology,8602163695.0
2993,4044608073.0,Radiology,4044608073.0
2994,5102142411.0,Neurology,5102142411.0
2995,-1.0,Pathology,5140460939.0
2996,-1.0,Podiatry,3257921022.0
2997,6888264673.0,Cardiology,-1.0
2998,1830728880.0,Pulmonology,2922494271.0
2999,4379681353.0,Allergy & Immunology,4379681353.0
3000,3483210174.0,ENT,6526063705.0
3001,2928761313.0,Allergy & Immunology,2716506015.0
3002,7977267911.0,Gastroenterology,2719488455.0
3003,8948573913.0,Gastroenterology,8417417986.0
3004,-1.0,Physical Medicine & Rehabilitation,4971685036.0
3005,6941360796.0,OB/GYN,6941360796.0
3006,8402722005.0,Internal Medicine,8402722005.0
3007,8701879782.0,Pediatrics,8701879782.0
3008,8989870040.0,Rheumatology,4607928640.0
3009,3979360096.0,Urology,8384799491.0
3010,-1.0,Dermatology,1348332110.0
3011,3378313269.0,Family Medicine,3378313269.0
3012,4910510841.0,Emergency Medicine,4910510841.0
3013,6776581663.0,Nephrology,6776581663.0
3014,7547784647.0,Neurology,7547784647.0
3015,7633012221.0,Oncology,7633012221.0
3016,-1.0,Pulmonology,6441701821.0
3017,1395346763.0,Pulmonology,1395346763.0
3018,2458198451.0,Vascular Surgery,2458198451.0
3019,-1.0,Infectious Disease,4390543744.0
3020,8302280245.0,Pediatrics,8302280245.0
3021,7603226577.0,Primary Care,7603226577.0
3022,4998260109.0,Orthopedics,4998260109.0
3023,9773000884.0,Urology,-1.0
3024,2331039957.0,Internal Medicine,2331039957.0
3025,7298806502.0,Podiatry,7298806502.0
3026,5174100846.0,Family Medicine,7096759446.0
3027,7388836126.0,Ophthalmology,7388836126.0
3028,4278108191.0,Family Medicine,-1.0
3029,7245346399.0,Gastroenterology,7245346399.0
3030,5610973669.0,Endocrinology,3183052475.0
3031,7547518979.0,ENT,7547518979.0
3032,5907409771.0,Allergy & Immunology,5907409771.0
3033,5101751387.0,Primary Care,1147864058.0
3034,4470302359.0,Allergy & Immunology,9433929267.0
3035,5756663747.0,Nephrology,5756663747.0
3036,1122643545.0,Ophthalmology,1122643545.0
3037,5755971220.0,Psychiatry,5755971220.0
3038,9341227108.0,Vascular Surgery,9341227108.0
3039,4804937484.0,Neurology,5066537853.0
3040,5421592782.0,Pulmonology,3980503816.0
3041,1305517870.0,Internal Medicine,-1.0
3042,1037811610.0,Nephrology,1037811610.0
3043,4505619917.0,Endocrinology,-1.0
3044,-1.0,Cardiology,2706700954.0
3045,1811314470.0,Internal Medicine,1811314470.0
3046,5133988634.0,Gastroenterology,5133988634.0
3047,5260523439.0,Radiology,5260523439.0
3048,6051818675.0,Plastic Surgery,-1.0
3049,8551027673.0,Pediatrics,9000848624.0
3050,8768773991.0,Pathology,8768773991.0
3051,5058272742.0,Vascular Surgery,5058272742.0
3052,7937993287.0,Vascular Surgery,7937993287.0
3053,2638061586.0,Anesthesiology,2638061586.0
3054,3510378462.0,Ophthalmology,3510378462.0
3055,9751516468.0,Orthopedics,9751516468.0
3056,8607435146.0,Allergy & Immunology,6367105676.0
3057,7485728824.0,Vascular Surgery,7485728824.0
3058,6943891262.0,Gastroenterology,6943891262.0
3059,4946965703.0,Anesthesiology,4946965703.0
3060,1359438635.0,Family Medicine,1359438635.0
3061,5120584320.0,Nephrology,5120584320.0
3062,7663417867.0,Dermatology,7663417867.0
3063,6910726321.0,Family Medicine,6910726321.0
3064,5377604860.0,Vascular Surgery,5377604860.0
3065,6516945248.0,Physical Medicine & Rehabilitation,6516945248.0
3066,-1.0,Pulmonology,4905299577.0
3067,5671328227.0,Endocrinology,8960335838.0
3068,5786555111.0,Internal Medicine,5786555111.0
3069,4878269039.0,OB/GYN,4351129449.0
3070,9449789837.0,Emergency Medicine,9449789837.0
3071,5858839243.0,Infectious Disease,5858839243.0
3072,1961189885.0,Pulmonology,1961189885.0
3073,4344856732.0,Pediatrics,9032417015.0
3074,4829425048.0,Allergy & Immunology,4829425048.0
3075,3024482067.0,Plastic Surgery,3024482067.0
3076,9576178517.0,Physical Medicine & Rehabilitation,5723684905.0
3077,-1.0,Ophthalmology,6277882131.0
3078,9850659228.0,Physical Medicine & Rehabilitation,9850659228.0
3079,8766760796.0,Ophthalmology,8766760796.0
3080,2134900434.0,Nephrology,2134900434.0
3081,5192846042.0,Oncology,5192846042.0
3082,4912773429.0,Pediatrics,4912773429.0
3083,9213466250.0,General Surgery,9278007251.0
3084,9544081115.0,Nephrology,4551155660.0
3085,-1.0,Nephrology,2870122068.0
3086,9493209128.0,Cardiology,9493209128.0
3087,4669411645.0,Nephrology,4669411645.0
3088,7012312997.0,Infectious Disease,7131185091.0
3089,1161658918.0,ENT,7094347910.0
3090,1813743830.0,Internal Medicine,1813743830.0
3091,9801724134.0,Pulmonology,9801724134.0
3092,-1.0,Cardiology,1416056343.0
3093,1264069218.0,General Surgery,-1.0
3094,9997051069.0,Infectious Disease,9997051069.0
3095,5593796203.0,Endocrinology,5593796203.0
3096,1082797040.0,Rheumatology,1082797040.0
3097,3373077218.0,Plastic Surgery,3373077218.0
3098,1346078411.0,OB/GYN,1346078411.0
3099,5230737404.0,Pediatrics,5230737404.0
3100,9669680778.0,Radiology,9669680778.0
3101,2930718638.0,Dermatology,2930718638.0
3102,5500340462.0,Pulmonology,7826006232.0
3103,4222051513.0,Psychiatry,4222051513.0
3104,2938264714.0,Orthopedics,8819178082.0
3105,7990165022.0,Pathology,7990165022.0
3106,3576180666.0,Pulmonology,1219499453.0
3107,8078239546.0,Orthopedics,2838212078.0
3108,1612646771.0,Family Medicine,1612646771.0
3109,4158080357.0,Urology,4158080357.0
3110,7101791420.0,Plastic Surgery,7101791420.0
3111,5241002910.0,Ophthalmology,5241002910.0
3112,2361792016.0,ENT,2361792016.0
3113,3295127484.0,Endocrinology,3295127484.0
3114,-1.0,Primary Care,3427495632.0
3115,6788660328.0,Ophthalmology,6788660328.0
3116,4403428729.0,Anesthesiology,4403428729.0
3117,6195148443.0,Emergency Medicine,2154285758.0
3118,4427741097.0,General Surgery,-1.0
3119,8175175160.0,Orthopedics,8175175160.0
3120,8139159634.0,Vascular Surgery,8139159634.0
3121,5848950368.0,Endocrinology,5848950368.0
3122,-1.0,Psychiatry,6616661361.0
3123,3313346852.0,Plastic Surgery,3313346852.0
3124,3369899340.0,Orthopedics,3369899340.0
3125,7237631715.0,Infectious Disease,7237631715.0
3126,7062813381.0,Gastroenterology,7842371451.0
3127,7763892579.0,Oncology,7763892579.0
3128,3309677381.0,Radiology,5976839794.0
3129,3415643663.0,Cardiology,9016649338.0
3130,8013703658.0,Urology,-1.0
3131,8897460042.0,Emergency Medicine,8897460042.0
3132,6743818629.0,Pulmonology,6743818629.0
3133,7764194607.0,Radiology,6797503233.0
3134,7225005492.0,Vascular Surgery,7225005492.0
3135,8769646224.0,Infectious Disease,8769646224.0
3136,5667760951.0,Endocrinology,1632393776.0
3137,3760786161.0,Nephrology,3760786161.0
3138,9396734394.0,Primary Care,6235124815.0
3139,5200656353.0,Nephrology,-1.0
3140,3174276085.0,Endocrinology,8947884469.0
3141,1670747485.0,Plastic Surgery,1670747485.0
3142,2432214956.0,Gastroenterology,2432214956.0
3143,2898329787.0,Pathology,2898329787.0
3144,2845988316.0,Emergency Medicine,1313944745.0
3145,6977006366.0,Oncology,6977006366.0
3146,6082453991.0,Allergy & Immunology,6082453991.0
3147,3026800941.0,Podiatry,3283371133.0
3148,4165873005.0,Pulmonology,4165873005.0
3149,2925078968.0,OB/GYN,4857522850.0
3150,6532043071.0,Radiology,6532043071.0
3151,6317727777.0,Urology,6317727777.0
3152,3609024939.0,Allergy & Immunology,-1.0
3153,7519795910.0,ENT,4108595684.0
3154,-1.0,Pathology,8765375697.0
3155,1530402737.0,Anesthesiology,1530402737.0
3156,-1.0,Neurology,9718859146.0
3157,5477330907.0,Orthopedics,5477330907.0
3158,7114738485.0,Primary Care,1594459212.0
3159,2943612110.0,Physical Medicine & Rehabilitation,6903330330.0
3160,2388438102.0,Infectious Disease,2388438102.0
3161,7295266486.0,Psychiatry,7295266486.0
3162,9700921983.0,ENT,-1.0
3163,5471158508.0,Gastroenterology,5288046974.0
3164,5968750827.0,Oncology,5968750827.0
3165,-1.0,Radiology,8329644585.0
3166,7636535341.0,Internal Medicine,7636535341.0
3167,5290941764.0,Pediatrics,1652051547.0
3168,1520818836.0,Neurology,1520818836.0
3169,3977168607.0,Oncology,3977168607.0
3170,8183812977.0,Gastroenterology,8183812977.0
3171,4823346354.0,Endocrinology,4823346354.0
3172,3211441979.0,Pathology,3211441979.0
3173,4412634618.0,Rheumatology,4412634618.0
3174,2774920001.0,Ophthalmology,6260044082.0
3175,9301251045.0,Nephrology,2843987051.0
3176,9032573130.0,OB/GYN,9032573130.0
3177,6489994026.0,Cardiology,6489994026.0
3178,3524445831.0,Nephrology,1548533641.0
3179,-1.0,Emergency Medicine,7648345452.0
3180,5118794591.0,Radiology,5118794591.0
3181,9810503338.0,Infectious Disease,9810503338.0
3182,-1.0,Urology,7550139546.0
3183,9529261412.0,Rheumatology,-1.0
3184,1222500976.0,Plastic Surgery,-1.0
3185,9085085822.0,Pediatrics,8837624129.0
3186,3933217062.0,Anesthesiology,-1.0
3187,6322520473.0,Allergy & Immunology,6322520473.0
3188,4403112126.0,Ophthalmology,4403112126.0
3189,7825225784.0,General Surgery,5289621615.0
3190,4738670174.0,Pulmonology,-1.0
3191,6725038117.0,Radiology,8454390892.0
3192,1831287016.0,Family Medicine,8648311638.0
3193,4339878973.0,Ophthalmology,4339878973.0
3194,4281104738.0,Physical Medicine & Rehabilitation,9420439970.0
3195,4234405592.0,Nephrology,-1.0
3196,4303373458.0,Anesthesiology,-1.0
3197,9738518055.0,Nephrology,9364957395.0
3198,2718988851.0,Dermatology,3538025775.0
3199,9851745355.0,Ophthalmology,9851745355.0
3200,5106893220.0,Internal Medicine,5106893220.0
3201,3088618501.0,Pediatrics,3088618501.0
3202,8629413683.0,Podiatry,8629413683.0
3203,5708351504.0,Family Medicine,5708351504.0
3204,5971407550.0,Pediatrics,5971407550.0
3205,-1.0,Family Medicine,5601407544.0
3206,5409514899.0,Podiatry,5409514899.0
3207,1311987868.0,Oncology,1311987868.0
3208,4461558269.0,Infectious Disease,4461558269.0
3209,-1.0,Family Medicine,7564877420.0
3210,7010091529.0,Gastroenterology,7010091529.0
3211,1311831661.0,Nephrology,4194070524.0
3212,8240940498.0,Internal Medicine,8240940498.0
3213,2176363031.0,Family Medicine,1721827873.0
3214,4319306719.0,Internal Medicine,5802647656.0
3215,3207160929.0,OB/GYN,-1.0
3216,4600414984.0,Pediatrics,9223915042.0
3217,4655073624.0,Podiatry,-1.0
3218,-1.0,Emergency Medicine,9579002187.0
3219,5806368768.0,Pediatrics,5806368768.0
3220,1381708520.0,Urology,1381708520.0
3221,4967909438.0,Psychiatry,4967909438.0
3222,8841458420.0,Radiology,8841458420.0
3223,9644057445.0,Ophthalmology,9644057445.0
3224,6709827988.0,Internal Medicine,2746193892.0
3225,1276655738.0,Dermatology,1276655738.0
3226,3567900251.0,Rheumatology,-1.0
3227,3263047835.0,Plastic Surgery,3263047835.0
3228,6539890206.0,Primary Care,-1.0
3229,-1.0,Rheumatology,9362658287.0
3230,6059762573.0,Pediatrics,6059762573.0
3231,7049001493.0,Plastic Surgery,7049001493.0
3232,8364295431.0,Radiology,8364295431.0
3233,5973319056.0,Cardiology,5973319056.0
3234,4356141519.0,Family Medicine,2689222129.0
3235,3573594440.0,Primary Care,3573594440.0
3236,1286387753.0,Family Medicine,1286387753.0
3237,7621562469.0,Pathology,7621562469.0
3238,6944142262.0,Physical Medicine & Rehabilitation,6944142262.0
3239,3196364598.0,Pathology,9133917071.0
3240,5243253355.0,Plastic Surgery,1246124348.0
3241,1092307558.0,Radiology,1092307558.0
3242,4837405436.0,Psychiatry,4837405436.0
3243,8192642678.0,Physical Medicine & Rehabilitation,1743058988.0
3244,2994012789.0,Urology,2994012789.0
3245,5245043800.0,Nephrology,5245043800.0
3246,7509608814.0,Radiology,7509608814.0
3247,8814292341.0,Pediatrics,8814292341.0
3248,7492815612.0,Urology,6939261612.0
3249,4287709186.0,Primary Care,4287709186.0
3250,5462834039.0,Gastroenterology,5462834039.0
3251,2124023059.0,General Surgery,2124023059.0
3252,7193796102.0,Plastic Surgery,8247625162.0
3253,7936360766.0,Internal Medicine,7936360766.0
3254,5505411721.0,Rheumatology,5505411721.0
3255,8972056714.0,Internal Medicine,8972056714.0
3256,3419394235.0,Cardiology,3419394235.0
3257,-1.0,ENT,6909888517.0
3258,6057135307.0,Orthopedics,6057135307.0
3259,9847550931.0,Nephrology,9847550931.0
3260,5115068398.0,Ophthalmology,2669365859.0
3261,5224074302.0,Orthopedics,5224074302.0
3262,2120324674.0,Gastroenterology,2120324674.0
3263,1366637148.0,Internal Medicine,1366637148.0
3264,4412260278.0,Allergy & Immunology,2726011214.0
3265,2119980130.0,Podiatry,2119980130.0
3266,9261208252.0,Primary Care,3347140857.0
3267,3725058806.0,Radiology,-1.0
3268,7735563741.0,Emergency Medicine,7691940818.0
3269,5119829469.0,Plastic Surgery,4660803766.0
3270,3933600326.0,Neurology,4376685680.0
3271,4983352173.0,Neurology,4983352173.0
3272,6621808556.0,Family Medicine,6621808556.0
3273,1852399067.0,Plastic Surgery,1852399067.0
3274,4411011158.0,Physical Medicine & Rehabilitation,4411011158.0
3275,-1.0,Pediatrics,6746513068.0
3276,9977486924.0,OB/GYN,9977486924.0
3277,4102606641.0,Primary Care,4102606641.0
3278,9476076392.0,Nephrology,9476076392.0
3279,2533897596.0,OB/GYN,2533897596.0
3280,6145222573.0,Nephrology,6145222573.0
3281,9151560334.0,Neurology,9151560334.0
3282,7830290429.0,Rheumatology,7830290429.0
3283,7206881263.0,Anesthesiology,7206881263.0
3284,1640979105.0,Pediatrics,5807786681.0
3285,6084998783.0,Psychiatry,9295930400.0
3286,5549728898.0,Infectious Disease,3711598713.0
3287,-1.0,Radiology,9486083839.0
3288,4065978705.0,Pediatrics,4065978705.0
3289,1055248201.0,Anesthesiology,1055248201.0
3290,-1.0,Pediatrics,8745968369.0
3291,3817883872.0,Neurology,6361511744.0
3292,6174114553.0,Plastic Surgery,6174114553.0
3293,4845284736.0,Radiology,4845284736.0
3294,8644311151.0,Cardiology,7195609782.0
3295,8403360560.0,Radiology,8403360560.0
3296,8972424720.0,Infectious Disease,8972424720.0
3297,8355554562.0,Physical Medicine & Rehabilitation,8355554562.0
3298,2655137747.0,Allergy & Immunology,2655137747.0
3299,8118083267.0,Pathology,8118083267.0
3300,7501272538.0,Cardiology,7501272538.0
3301,-1.0,Neurology,9084427417.0
3302,9570021067.0,Physical Medicine & Rehabilitation,6867356945.0
3303,4892537570.0,Pulmonology,4892537570.0
3304,9741553924.0,OB/GYN,9741553924.0
3305,8833685626.0,OB/GYN,-1.0
3306,5573893298.0,Pediatrics,2231970902.0
3307,-1.0,Neurology,5572670663.0
3308,7059726570.0,Vascular Surgery,9474615910.0
3309,9069049958.0,Neurology,9069049958.0
3310,3049163708.0,General Surgery,5353975306.0
3311,5604055120.0,Allergy & Immunology,9091202914.0
3312,4642432004.0,Gastroenterology,4642432004.0
3313,4973004177.0,Gastroenterology,4973004177.0
3314,1554465497.0,Pulmonology,3150125407.0
3315,9066647198.0,Internal Medicine,9066647198.0
3316,7332115686.0,Cardiology,-1.0
3317,-1.0,Primary Care,9894802782.0
3318,8934110333.0,Psychiatry,3463967877.0
3319,7054307581.0,Internal Medicine,7054307581.0
3320,9788110644.0,Plastic Surgery,9788110644.0
3321,-1.0,Neurology,8258746411.0
3322,1535502069.0,Pulmonology,1535502069.0
3323,5313915933.0,Internal Medicine,5313915933.0
3324,6944525712.0,OB/GYN,6944525712.0
3325,7388748888.0,Primary Care,7388748888.0
3326,5029291319.0,Pediatrics,3743138460.0
3327,6360966061.0,Orthopedics,9779900449.0
3328,1203414538.0,Urology,1203414538.0
3329,7642365889.0,Orthopedics,2963002594.0
3330,3085416061.0,Family Medicine,3085416061.0
3331,8821815074.0,Ophthalmology,8821815074.0
3332,5754329742.0,Endocrinology,5754329742.0
3333,-1.0,Radiology,9689853136.0
3334,5196240877.0,Pulmonology,3667715615.0
3335,5330889036.0,Oncology,6932159634.0
3336,2176662219.0,Vascular Surgery,2176662219.0
3337,1439427140.0,Ophthalmology,1439427140.0
3338,9146212299.0,Physical Medicine & Rehabilitation,1874965309.0
3339,6915334476.0,Pulmonology,6915334476.0
3340,1568185470.0,Pulmonology,1568185470.0
3341,9957643727.0,Orthopedics,-1.0
3342,3757536074.0,Radiology,-1.0
3343,9739216787.0,Vascular Surgery,9739216787.0
3344,9929525100.0,ENT,1263828354.0
3345,1240251661.0,Rheumatology,9167648173.0
3346,7395581932.0,Allergy & Immunology,1956004196.0
3347,5698718379.0,Infectious Disease,5698718379.0
3348,7949274479.0,Psychiatry,-1.0
3349,9899689747.0,Pathology,9899689747.0
3350,7499752071.0,Primary Care,5718426237.0
3351,1657675888.0,Physical Medicine & Rehabilitation,1657675888.0
3352,-1.0,Emergency Medicine,6314702792.0
3353,-1.0,General Surgery,9105272436.0
3354,7545252618.0,Endocrinology,4572841870.0
3355,7843965817.0,Internal Medicine,7843965817.0
3356,1124331395.0,Allergy & Immunology,1124331395.0
3357,1084526110.0,Internal Medicine,1084526110.0
3358,3117369705.0,Gastroenterology,3117369705.0
3359,6916301780.0,Vascular Surgery,6916301780.0
3360,2148679234.0,Anesthesiology,-1.0
3361,4301805593.0,ENT,2980277531.0
3362,8495636795.0,Infectious Disease,8495636795.0
3363,8268862104.0,Anesthesiology,8268862104.0
3364,7872873371.0,General Surgery,7872873371.0
3365,9928819570.0,Endocrinology,9928819570.0
3366,-1.0,Internal Medicine,4159496650.0
3367,8756769446.0,Cardiology,-1.0
3368,6856000716.0,Neurology,4444929548.0
3369,4187988846.0,Rheumatology,3533524403.0
3370,2323586087.0,Neurology,2323586087.0
3371,7935843605.0,Pathology,7935843605.0
3372,5865306369.0,ENT,5865306369.0
3373,3272643775.0,Pediatrics,9307532236.0
3374,6018854794.0,Plastic Surgery,6343485632.0
3375,-1.0,Infectious Disease,5914110094.0
3376,3249936731.0,Dermatology,-1.0
3377,8350343413.0,Plastic Surgery,5789422023.0
3378,6686039480.0,Pathology,6686039480.0
3379,1353183979.0,Emergency Medicine,1353183979.0
3380,8243746556.0,Anesthesiology,8243746556.0
3381,1855226225.0,Cardiology,1855226225.0
3382,4975575744.0,Oncology,4975575744.0
3383,5277084664.0,Plastic Surgery,1506296057.0
3384,-1.0,Pediatrics,3026565803.0
3385,-1.0,Primary Care,4215284742.0
3386,4977155716.0,Ophthalmology,4977155716.0
3387,8858766173.0,Primary Care,8858766173.0
3388,2654333291.0,General Surgery,2741591226.0
3389,8290734790.0,Gastroenterology,-1.0
3390,4425670637.0,OB/GYN,4425670637.0
3391,-1.0,Gastroenterology,5415127805.0
3392,6539856155.0,OB/GYN,8261609240.0
3393,-1.0,Gastroenterology,3704895305.0
3394,8066422240.0,Urology,9312935189.0
3395,8985645850.0,Radiology,3226343317.0
3396,2387545832.0,Psychiatry,9842399805.0
3397,3651030484.0,Physical Medicine & Rehabilitation,3651030484.0
3398,4998184156.0,Plastic Surgery,4998184156.0
3399,3775094726.0,Urology,-1.0
3400,9131216463.0,Pulmonology,3125621041.0
3401,8439518982.0,Ophthalmology,8439518982.0
3402,2044331936.0,Orthopedics,2044331936.0
3403,2021795614.0,Orthopedics,2021795614.0
3404,5962697693.0,Dermatology,5962697693.0
3405,-1.0,OB/GYN,-1.0
3406,9939039251.0,Endocrinology,9939039251.0
3407,9863217924.0,Anesthesiology,-1.0
3408,9967680809.0,Nephrology,9967680809.0
3409,6467576990.0,OB/GYN,6467576990.0
3410,4873147483.0,Emergency Medicine,4873147483.0
3411,7092038329.0,Nephrology,8147436664.0
3412,7558641561.0,OB/GYN,7558641561.0
3413,1049832004.0,Neurology,5407238755.0
3414,1006423822.0,Internal Medicine,1006423822.0
3415,5838310974.0,Anesthesiology,7092745048.0
3416,6262297731.0,Orthopedics,6262297731.0
3417,5979283596.0,Pulmonology,2781096195.0
3418,7226622354.0,ENT,7226622354.0
3419,5715903364.0,Allergy & Immunology,5715903364.0
3420,4013180286.0,Podiatry,4013180286.0
3421,6069650000.0,Endocrinology,5739097303.0
3422,7615175036.0,Pediatrics,7615175036.0
3423,6287793163.0,Infectious Disease,6287793163.0
3424,5708994795.0,Anesthesiology,1294513187.0
3425,1041531046.0,Nephrology,9920006894.0
3426,2032398249.0,Pediatrics,2032398249.0
3427,1205665083.0,Plastic Surgery,1205665083.0
3428,9929920713.0,Allergy & Immunology,5276120766.0
3429,8406648395.0,Primary Care,6393210176.0
3430,4510886562.0,OB/GYN,4510886562.0
3431,8490646376.0,Nephrology,-1.0
3432,7810109748.0,Neurology,7810109748.0
3433,4601779423.0,Nephrology,4004926983.0
3434,6938171032.0,Pulmonology,6938171032.0
3435,1832016743.0,Primary Care,1832016743.0
3436,8899980156.0,Rheumatology,8899980156.0
3437,2844099618.0,Orthopedics,2844099618.0
3438,7481294448.0,Family Medicine,7481294448.0
3439,4516911409.0,Family Medicine,4516911409.0
3440,8377306021.0,Anesthesiology,5019482947.0
3441,6640042225.0,Allergy & Immunology,6640042225.0
3442,5518046005.0,Pathology,5518046005.0
3443,4683585586.0,Cardiology,4683585586.0
3444,3474349799.0,Neurology,3474349799.0
3445,5133799712.0,Orthopedics,5133799712.0
3446,4569592370.0,Physical Medicine & Rehabilitation,3987721185.0
3447,1965615040.0,Oncology,2585280394.0
3448,3280069602.0,Physical Medicine & Rehabilitation,7653932979.0
3449,4518308588.0,Physical Medicine & Rehabilitation,4518308588.0
3450,6259640788.0,Radiology,6578901978.0
3451,1660370908.0,Rheumatology,1660370908.0
3452,1120346729.0,General Surgery,1120346729.0
3453,7873411172.0,Pulmonology,-1.0
3454,3318650511.0,OB/GYN,3318650511.0
3455,9259464192.0,Radiology,9259464192.0
3456,5625548730.0,Endocrinology,5625548730.0
3457,9475343686.0,Allergy & Immunology,9475343686.0
3458,6638851791.0,Anesthesiology,6638851791.0
3459,9611537583.0,Primary Care,9611537583.0
3460,9639044885.0,Infectious Disease,5444153448.0
3461,1066244679.0,Allergy & Immunology,1066244679.0
3462,2763138690.0,Podiatry,2763138690.0
3463,2967799880.0,Ophthalmology,2967799880.0
3464,3026690440.0,OB/GYN,3211564985.0
3465,1731517326.0,Dermatology,-1.0
3466,7301072967.0,Radiology,7301072967.0
3467,1597579155.0,ENT,1597579155.0
3468,6687206971.0,Anesthesiology,6687206971.0
3469,1410127815.0,Neurology,1410127815.0
3470,5316320735.0,Plastic Surgery,4478842296.0
3471,3537868976.0,Podiatry,3537868976.0
3472,-1.0,Allergy & Immunology,1722124509.0
3473,5567743118.0,Cardiology,5567743118.0
3474,8677457907.0,Dermatology,8677457907.0
3475,1052932290.0,ENT,1052932290.0
3476,1212943085.0,Vascular Surgery,1212943085.0
3477,4567799446.0,Oncology,5837670180.0
3478,5942423191.0,Endocrinology,-1.0
3479,8954835349.0,Orthopedics,8954835349.0
3480,5542576853.0,Podiatry,5542576853.0
3481,1626785308.0,Pulmonology,1626785308.0
3482,4779805199.0,Vascular Surgery,-1.0
3483,8875096662.0,Nephrology,8875096662.0
3484,9046197909.0,Ophthalmology,9046197909.0
3485,7915090071.0,Oncology,7915090071.0
3486,6525213275.0,Nephrology,2202461617.0
3487,-1.0,Family Medicine,6791123870.0
3488,9516301686.0,Ophthalmology,9516301686.0
3489,1748246572.0,Pathology,-1.0
3490,9259157845.0,Rheumatology,9259157845.0
3491,-1.0,Allergy & Immunology,8884394611.0
3492,2420535159.0,ENT,2420535159.0
3493,4957321396.0,Pulmonology,4957321396.0
3494,6206015111.0,Pulmonology,6206015111.0
3495,5518813344.0,Radiology,2865174561.0
3496,4707807308.0,Primary Care,4707807308.0
3497,2876975522.0,OB/GYN,2876975522.0
3498,7488758768.0,Gastroenterology,7488758768.0
3499,4083015586.0,Orthopedics,1396644479.0
3500,3315496427.0,Pathology,3315496427.0
3501,1676047395.0,Radiology,1676047395.0
3502,4284106564.0,Rheumatology,4841209376.0
3503,3190227431.0,Urology,8663678144.0
3504,3398510824.0,Gastroenterology,3398510824.0
3505,9729229346.0,Vascular Surgery,9729229346.0
3506,6407323241.0,Cardiology,8536137752.0
3507,6350369667.0,General Surgery,4859946021.0
3508,2249831874.0,Plastic Surgery,2249831874.0
3509,5519607470.0,Cardiology,5519607470.0
3510,2395925222.0,Cardiology,1399853698.0
3511,8810992929.0,Internal Medicine,6493878804.0
3512,-1.0,ENT,3540741595.0
3513,7857947709.0,Nephrology,7857947709.0
3514,4245570982.0,Pulmonology,4245570982.0
3515,6988559484.0,Urology,-1.0
3516,2835415852.0,Rheumatology,2835415852.0
3517,7226758780.0,Cardiology,7226758780.0
3518,6054647130.0,Plastic Surgery,8825971921.0
3519,7685516848.0,Pulmonology,2659180311.0
3520,4559184883.0,Vascular Surgery,4559184883.0
3521,5958959143.0,Rheumatology,-1.0
3522,6213634642.0,Pediatrics,6213634642.0
3523,5758876878.0,Oncology,5758876878.0
3524,5307967688.0,General Surgery,9715147304.0
3525,6608599560.0,Endocrinology,6608599560.0
3526,3786516452.0,Physical Medicine & Rehabilitation,3786516452.0
3527,9422071492.0,Orthopedics,9422071492.0
3528,8557254730.0,Nephrology,8557254730.0
3529,5746677104.0,Rheumatology,5746677104.0
3530,6153407834.0,Rheumatology,6153407834.0
3531,6387133174.0,Primary Care,6387133174.0
3532,4859357762.0,Podiatry,4859357762.0
3533,2440603960.0,Pulmonology,1868151442.0
3534,6185118898.0,General Surgery,6185118898.0
3535,6197695041.0,Emergency Medicine,4292172611.0
3536,4797939029.0,Physical Medicine & Rehabilitation,9669431974.0
3537,3554950583.0,Neurology,3554950583.0
3538,7902950398.0,Psychiatry,7902950398.0
3539,3100198814.0,ENT,3100198814.0
3540,5929678361.0,OB/GYN,5929678361.0
3541,9838067760.0,Gastroenterology,9838067760.0
3542,2757721882.0,Urology,2757721882.0
3543,1584482506.0,Physical Medicine & Rehabilitation,1584482506.0
3544,5136070578.0,Rheumatology,5136070578.0
3545,-1.0,Pulmonology,6614824413.0
3546,9580441802.0,Podiatry,9580441802.0
3547,1005113633.0,Primary Care,1005113633.0
3548,9308878234.0,Radiology,8972274874.0
3549,2492054991.0,Vascular Surgery,-1.0
3550,5807789425.0,Allergy & Immunology,5807789425.0
3551,3436507567.0,General Surgery,9232223948.0
3552,3985904649.0,Gastroenterology,4967482043.0
3553,8239421105.0,Endocrinology,8239421105.0
3554,8211813187.0,Plastic Surgery,8211813187.0
3555,4193236715.0,Urology,5387260845.0
3556,2333606165.0,Nephrology,5018807099.0
3557,-1.0,Pathology,2822019158.0
3558,6973627111.0,Endocrinology,7205801048.0
3559,9552623807.0,Infectious Disease,9552623807.0
3560,2759869561.0,Anesthesiology,2759869561.0
3561,3007093117.0,Endocrinology,3007093117.0
3562,-1.0,Nephrology,8954079867.0
3563,4319975372.0,Radiology,-1.0
3564,1401913949.0,Neurology,7424487117.0
3565,7045485090.0,ENT,7045201220.0
3566,7951902330.0,Allergy & Immunology,7951902330.0
3567,5155324773.0,Anesthesiology,5155324773.0
3568,8796293088.0,Radiology,8796293088.0
3569,3343259163.0,Ophthalmology,3343259163.0
3570,6834698404.0,General Surgery,6834698404.0
3571,1322344974.0,Infectious Disease,7101888498.0
3572,8572921555.0,ENT,-1.0
3573,5523113145.0,Neurology,-1.0
3574,2844690554.0,Rheumatology,-1.0
3575,7398322497.0,Pediatrics,-1.0
3576,1986399651.0,Nephrology,8037560591.0
3577,5876830856.0,OB/GYN,5876830856.0
3578,2008110018.0,Emergency Medicine,5848214955.0
3579,5034722983.0,Anesthesiology,5034722983.0
3580,-1.0,Ophthalmology,-1.0
3581,5857181464.0,Family Medicine,6135814827.0
3582,-1.0,Orthopedics,9345229399.0
3583,2571117171.0,Neurology,2571117171.0
3584,1267698902.0,Podiatry,1267698902.0
3585,1888518891.0,Gastroenterology,1888518891.0
3586,9594339914.0,Internal Medicine,9594339914.0
3587,-1.0,OB/GYN,7417567959.0
3588,3779506681.0,Endocrinology,3779506681.0
3589,6501732573.0,Dermatology,4019171198.0
3590,9045897249.0,Psychiatry,9045897249.0
3591,8589415939.0,Gastroenterology,1102648326.0
3592,2075500493.0,ENT,9304972753.0
3593,1893380803.0,Infectious Disease,1893380803.0
3594,8202725858.0,Psychiatry,7633280741.0
3595,1635885849.0,Vascular Surgery,1635885849.0
3596,5734127482.0,Plastic Surgery,5734127482.0
3597,1622009556.0,Plastic Surgery,1622009556.0
3598,-1.0,Gastroenterology,4265529386.0
3599,7940878005.0,Rheumatology,7940878005.0
3600,3968050530.0,Oncology,3981343291.0
3601,1383539822.0,Infectious Disease,1383539822.0
3602,1756347070.0,Pediatrics,-1.0
3603,5497143326.0,Anesthesiology,5497143326.0
3604,9647679295.0,Anesthesiology,6916183232.0
3605,5950724801.0,Internal Medicine,5950724801.0
3606,1742084252.0,Endocrinology,1742084252.0
3607,7602474923.0,Family Medicine,7602474923.0
3608,2891673334.0,Internal Medicine,-1.0
3609,-1.0,Urology,2862148968.0
3610,7546928283.0,Pediatrics,7546928283.0
3611,5430809445.0,Physical Medicine & Rehabilitation,5430809445.0
3612,3367183914.0,General Surgery,1109562211.0
3613,8122042835.0,Cardiology,3232567905.0
3614,-1.0,Urology,8058679999.0
3615,4212933655.0,Podiatry,4212933655.0
3616,2054988072.0,Endocrinology,2054988072.0
3617,1383428853.0,Infectious Disease,8917432157.0
3618,4275926985.0,Internal Medicine,3395371140.0
3619,3127657643.0,General Surgery,-1.0
3620,2718866989.0,Allergy & Immunology,2718866989.0
3621,2186346730.0,Oncology,2186346730.0
3622,3233741461.0,Neurology,6770829381.0
3623,6115750294.0,Primary Care,6115750294.0
3624,1701406202.0,Neurology,7055256649.0
3625,4260587490.0,Infectious Disease,2807860552.0
3626,7270360487.0,Primary Care,7270360487.0
3627,4019219484.0,Infectious Disease,-1.0
3628,8979174969.0,Primary Care,8979174969.0
3629,-1.0,Urology,5633259825.0
3630,2406470575.0,Rheumatology,2406470575.0
3631,3299837590.0,Neurology,3299837590.0
3632,5842373700.0,Neurology,5842373700.0
3633,-1.0,Gastroenterology,6914243427.0
3634,-1.0,Pulmonology,7234031733.0
3635,4952342924.0,Psychiatry,5521650439.0
3636,1884300678.0,Emergency Medicine,1884300678.0
3637,2309186996.0,Allergy & Immunology,2309186996.0
3638,6600955228.0,Allergy & Immunology,6600955228.0
3639,5641959772.0,Plastic Surgery,5641959772.0
3640,4120946447.0,Rheumatology,4120946447.0
3641,-1.0,Dermatology,9397601728.0
3642,3276660290.0,Oncology,5853237275.0
3643,1882973081.0,Primary Care,-1.0
3644,1356883272.0,Neurology,1356883272.0
3645,2762549480.0,Allergy & Immunology,2762549480.0
3646,1528353758.0,Vascular Surgery,1972841710.0
3647,3508990774.0,Physical Medicine & Rehabilitation,-1.0
3648,2044060736.0,ENT,2044060736.0
3649,6818005837.0,Family Medicine,6818005837.0
3650,9378431385.0,Infectious Disease,9378431385.0
3651,2295189353.0,Gastroenterology,2295189353.0
3652,-1.0,Ophthalmology,4988606543.0
3653,5026508020.0,OB/GYN,8620115398.0
3654,7441658392.0,Allergy & Immunology,7441658392.0
3655,5030218650.0,Primary Care,5030218650.0
3656,-1.0,Physical Medicine & Rehabilitation,5451159796.0
3657,8288721755.0,Physical Medicine & Rehabilitation,8288721755.0
3658,9498435585.0,Physical Medicine & Rehabilitation,3028398754.0
3659,8437965451.0,Physical Medicine & Rehabilitation,8437965451.0
3660,8699405145.0,Pulmonology,1463388549.0
3661,2042086420.0,Vascular Surgery,-1.0
3662,6286655829.0,Physical Medicine & Rehabilitation,6286655829.0
3663,6172025088.0,Urology,6172025088.0
3664,8201657412.0,ENT,8201657412.0
3665,8617360361.0,Anesthesiology,8617360361.0
3666,3429019820.0,OB/GYN,3300410603.0
3667,-1.0,Orthopedics,4410631499.0
3668,7249131725.0,Urology,-1.0
3669,9934732205.0,Radiology,9934732205.0
3670,-1.0,Ophthalmology,7551924297.0
3671,7789894969.0,Orthopedics,8595449035.0
3672,5789633176.0,Emergency Medicine,3345186726.0
3673,1417124022.0,Radiology,1417124022.0
3674,6062840421.0,Emergency Medicine,6062840421.0
3675,4277126738.0,Neurology,-1.0
3676,9626479694.0,Dermatology,9626479694.0
3677,-1.0,Anesthesiology,4389907086.0
3678,2701863688.0,Physical Medicine & Rehabilitation,6043556397.0
3679,3775097146.0,Primary Care,3775097146.0
3680,9572442790.0,Emergency Medicine,9572442790.0
3681,5557202847.0,Cardiology,5557202847.0
3682,-1.0,Psychiatry,8582302820.0
3683,3096471391.0,Podiatry,3096471391.0
3684,6150137259.0,Gastroenterology,6512473073.0
3685,-1.0,Radiology,4187526779.0
3686,4398194022.0,Cardiology,4398194022.0
3687,2520585151.0,ENT,2520585151.0
3688,7403618535.0,Urology,7403618535.0
3689,7756133581.0,Gastroenterology,2182482501.0
3690,1419438537.0,General Surgery,1419438537.0
3691,1368570209.0,Neurology,1368570209.0
3692,7644679689.0,Pediatrics,7228589099.0
3693,7435820151.0,Vascular Surgery,7435820151.0
3694,8861702173.0,Pediatrics,2338071035.0
3695,9400666399.0,Family Medicine,9400666399.0
3696,1871241447.0,Orthopedics,1871241447.0
3697,3906691687.0,Pathology,-1.0
3698,-1.0,Plastic Surgery,8129657181.0
3699,7663237365.0,Physical Medicine & Rehabilitation,7663237365.0
3700,-1.0,Pathology,2754947472.0
3701,6925149894.0,OB/GYN,6925149894.0
3702,9728758948.0,Infectious Disease,9728758948.0
3703,2052025838.0,Psychiatry,8990953120.0
3704,4731897202.0,Rheumatology,1870364501.0
3705,2283560032.0,Pulmonology,5534940717.0
3706,3194880840.0,Family Medicine,3194880840.0
3707,-1.0,Urology,6244291385.0
3708,8589750998.0,Physical Medicine & Rehabilitation,3373532144.0
3709,-1.0,Orthopedics,2047225988.0
3710,7913460903.0,Nephrology,1692260865.0
3711,2276293556.0,Anesthesiology,2276293556.0
3712,4191739394.0,Pediatrics,4191739394.0
3713,1021537349.0,Pulmonology,1021537349.0
3714,1996980049.0,Oncology,1996980049.0
3715,-1.0,Pathology,3822966125.0
3716,5487388603.0,OB/GYN,-1.0
3717,-1.0,Neurology,9073973350.0
3718,6285111559.0,Internal Medicine,6285111559.0
3719,9112676784.0,Gastroenterology,1926908177.0
3720,2178508211.0,ENT,-1.0
3721,4934323885.0,Gastroenterology,9977741353.0
3722,3198412860.0,ENT,2889124482.0
3723,4969115197.0,Emergency Medicine,4066503343.0
3724,2324674174.0,Infectious Disease,2655596037.0
3725,3172620347.0,Radiology,8832317049.0
3726,-1.0,Dermatology,-1.0
3727,2474731513.0,Urology,6927755019.0
3728,8671018609.0,Infectious Disease,8671018609.0
3729,3754792544.0,Allergy & Immunology,3754792544.0
3730,2866092821.0,Oncology,2866092821.0
3731,1575313061.0,Gastroenterology,1575313061.0
3732,6448508300.0,Ophthalmology,6448508300.0
3733,6708555365.0,Dermatology,-1.0
3734,6969135358.0,ENT,7511789345.0
3735,6970795209.0,General Surgery,6970795209.0
3736,4793171654.0,Endocrinology,4971179056.0
3737,5916836707.0,Urology,5916836707.0
3738,2654984428.0,Infectious Disease,-1.0
3739,8395557226.0,Urology,-1.0
3740,-1.0,Infectious Disease,2821400851.0
3741,9633533290.0,Nephrology,9633533290.0
3742,2366852221.0,Psychiatry,8329147838.0
3743,3849232839.0,Rheumatology,8588168284.0
3744,1011756664.0,OB/GYN,1011756664.0
3745,7268929405.0,Gastroenterology,7268929405.0
3746,7417403386.0,Infectious Disease,2852680206.0
3747,6314943127.0,Pathology,6314943127.0
3748,2107399563.0,OB/GYN,2107399563.0
3749,-1.0,Psychiatry,1861601765.0
3750,7276670087.0,General Surgery,7276670087.0
3751,7337772725.0,Rheumatology,7337772725.0
3752,6367419685.0,Allergy & Immunology,6367419685.0
3753,-1.0,Plastic Surgery,5035629754.0
3754,4060550147.0,Radiology,4060550147.0
3755,9950913099.0,Orthopedics,9950913099.0
3756,1462917728.0,Pathology,1462917728.0
3757,3057380250.0,Pulmonology,3057380250.0
3758,8943866829.0,Cardiology,8943866829.0
3759,-1.0,Psychiatry,8958848294.0
3760,3886938847.0,General Surgery,5404728667.0
3761,3111814708.0,OB/GYN,3111814708.0
3762,7594134964.0,Physical Medicine & Rehabilitation,1371529741.0
3763,8658602946.0,General Surgery,-1.0
3764,5174677615.0,Neurology,7123069871.0
3765,-1.0,Gastroenterology,7358980667.0
3766,4403565157.0,Allergy & Immunology,4403565157.0
3767,8149805821.0,Allergy & Immunology,8149805821.0
3768,-1.0,Oncology,5651392850.0
3769,5749741271.0,Radiology,3295889998.0
3770,6597837495.0,Endocrinology,6597837495.0
3771,3189865928.0,Rheumatology,1575636814.0
3772,5501528110.0,Physical Medicine & Rehabilitation,-1.0
3773,8924383984.0,Primary Care,8924383984.0
3774,8425136942.0,Dermatology,8425136942.0
3775,8750287671.0,Neurology,7067664273.0
3776,9137862629.0,OB/GYN,5182397584.0
3777,8532051002.0,OB/GYN,8532051002.0
3778,1221612995.0,ENT,1221612995.0
3779,9473163280.0,Physical Medicine & Rehabilitation,9473163280.0
3780,3131206829.0,Allergy & Immunology,6209592616.0
3781,1162117256.0,Physical Medicine & Rehabilitation,2638844388.0
3782,6789753893.0,Gastroenterology,6789753893.0
3783,7546306953.0,Neurology,6128603222.0
3784,8303853049.0,Physical Medicine & Rehabilitation,8303853049.0
3785,2441027824.0,Oncology,2441027824.0
3786,5663801308.0,ENT,4638758794.0
3787,6241094005.0,Plastic Surgery,9790547502.0
3788,6460522214.0,Radiology,6460522214.0
3789,8203426392.0,Pathology,9343594133.0
3790,6752211372.0,Pathology,6752211372.0
3791,1523893241.0,Anesthesiology,1523893241.0
3792,4518871744.0,Allergy & Immunology,-1.0
3793,-1.0,ENT,4755317390.0
3794,4203931525.0,Pediatrics,7622682923.0
3795,7786957957.0,Orthopedics,7786957957.0
3796,9478415511.0,Gastroenterology,9478415511.0
3797,8387395021.0,Dermatology,1989401796.0
3798,4756463034.0,Primary Care,-1.0
3799,-1.0,Family Medicine,3921845810.0
3800,1330486187.0,Emergency Medicine,1330486187.0
3801,6461974809.0,Oncology,8047907245.0
3802,5269267449.0,Radiology,5269267449.0
3803,1416555576.0,Radiology,1416555576.0
3804,2087815852.0,Urology,2087815852.0
3805,6919736734.0,Internal Medicine,6919736734.0
3806,1674332429.0,Pulmonology,1674332429.0
3807,7539303689.0,Oncology,7539303689.0
3808,5297869651.0,Orthopedics,7740532559.0
3809,5704170329.0,Neurology,8391941503.0
3810,6388500844.0,Vascular Surgery,6388500844.0
3811,-1.0,Urology,5016450649.0
3812,7105574449.0,Allergy & Immunology,7105574449.0
3813,1795048055.0,Radiology,1795048055.0
3814,1713867006.0,ENT,1713867006.0
3815,8885327450.0,Anesthesiology,8885327450.0
3816,1954720281.0,General Surgery,1954720281.0
3817,3380064537.0,Neurology,1459884583.0
3818,-1.0,Family Medicine,3588224202.0
3819,-1.0,Plastic Surgery,6982112058.0
3820,5197702821.0,Ophthalmology,8248193187.0
3821,2001478427.0,Orthopedics,2001478427.0
3822,8103123072.0,Rheumatology,-1.0
3823,2754058263.0,Endocrinology,3487999997.0
3824,3010409194.0,Urology,3010409194.0
3825,4027173701.0,Psychiatry,4027173701.0
3826,3470738735.0,Neurology,2703069104.0
3827,6326916471.0,General Surgery,6326916471.0
3828,5229537468.0,Ophthalmology,5229537468.0
3829,9759305846.0,Pediatrics,1620409787.0
3830,1536125194.0,Allergy & Immunology,7661485256.0
3831,-1.0,Physical Medicine & Rehabilitation,3497983389.0
3832,4999673414.0,Cardiology,4992794363.0
3833,9159416252.0,ENT,6368400111.0
3834,-1.0,Physical Medicine & Rehabilitation,3710566582.0
3835,9167683678.0,Radiology,3153552689.0
3836,-1.0,Rheumatology,6761407157.0
3837,7376649850.0,Pulmonology,5904669177.0
3838,9771852156.0,Oncology,9771852156.0
3839,1473029049.0,Pulmonology,1473029049.0
3840,3205311267.0,Gastroenterology,3205311267.0
3841,5336127859.0,Anesthesiology,5336127859.0
3842,8560504306.0,Anesthesiology,8560504306.0
3843,-1.0,Internal Medicine,1894309868.0
3844,5691587262.0,Cardiology,5691587262.0
3845,1775591300.0,Family Medicine,8499310583.0
3846,2947957237.0,Emergency Medicine,2947957237.0
3847,1294050451.0,Endocrinology,1294050451.0
3848,8907814712.0,Internal Medicine,8907814712.0
3849,1065857791.0,Podiatry,1065857791.0
3850,3584862196.0,Infectious Disease,3584862196.0
3851,6286787774.0,Primary Care,7841134345.0
3852,5254923696.0,Emergency Medicine,-1.0
3853,4724448033.0,Pediatrics,-1.0
3854,8389496579.0,Pediatrics,8389496579.0
3855,9786121831.0,Ophthalmology,-1.0
3856,3703750755.0,Vascular Surgery,6511362810.0
3857,6902614211.0,Psychiatry,6902614211.0
3858,-1.0,Vascular Surgery,5276345770.0
3859,5087357728.0,Dermatology,-1.0
3860,9870374607.0,ENT,6676791678.0
3861,4609734448.0,Nephrology,3652627504.0
3862,4085157909.0,Vascular Surgery,4085157909.0
3863,9355126557.0,ENT,9355126557.0
3864,5811406571.0,Pediatrics,5811406571.0
3865,1503784616.0,Emergency Medicine,1503784616.0
3866,5943324387.0,OB/GYN,5943324387.0
3867,3806215682.0,OB/GYN,3806215682.0
3868,4907331090.0,Psychiatry,4907331090.0
3869,8138395069.0,Cardiology,8138395069.0
3870,3162425423.0,Orthopedics,3162425423.0
3871,8274328171.0,Orthopedics,8274328171.0
3872,4495858808.0,Anesthesiology,4495858808.0
3873,8573824182.0,Rheumatology,-1.0
3874,7458935790.0,Podiatry,2303149096.0
3875,9172908825.0,Rheumatology,9172908825.0
3876,4040409964.0,Cardiology,-1.0
3877,4016934569.0,Pediatrics,4016934569.0
3878,2809998995.0,Pathology,2809998995.0
3879,2687738937.0,General Surgery,2687738937.0
3880,6537714388.0,Neurology,6537714388.0
3881,1286967409.0,Podiatry,1286967409.0
3882,6852230291.0,Radiology,3672874600.0
3883,8359880081.0,Allergy & Immunology,8359880081.0
3884,1221696347.0,Family Medicine,1221696347.0
3885,1175118024.0,Oncology,1175118024.0
3886,6258396060.0,Pathology,6258396060.0
3887,1435098559.0,Psychiatry,1435098559.0
3888,6189517187.0,ENT,6189517187.0
3889,9419445903.0,Orthopedics,-1.0
3890,6470355877.0,Dermatology,6470355877.0
3891,7208619610.0,Cardiology,7208619610.0
3892,5639625630.0,Emergency Medicine,3456727401.0
3893,6101762091.0,Vascular Surgery,1351687395.0
3894,-1.0,Emergency Medicine,9736322281.0
3895,7605097681.0,Urology,7605097681.0
3896,5024825971.0,Vascular Surgery,5024825971.0
3897,5536224717.0,Pathology,5536224717.0
3898,2692504896.0,Ophthalmology,8289155008.0
3899,7999240863.0,Pediatrics,7999240863.0
3900,4843500210.0,Oncology,4843500210.0
3901,3304913884.0,Emergency Medicine,6972457656.0
3902,2166077574.0,Family Medicine,5699233025.0
3903,4277561834.0,Internal Medicine,9983352833.0
3904,5980945846.0,Emergency Medicine,5980945846.0
3905,3471601626.0,Family Medicine,3471601626.0
3906,-1.0,Gastroenterology,9342890236.0
3907,5952059278.0,Physical Medicine & Rehabilitation,2586866780.0
3908,8355760638.0,Rheumatology,1272804667.0
3909,1754321211.0,Psychiatry,1754321211.0
3910,-1.0,Plastic Surgery,3223123466.0
3911,4139778173.0,Allergy & Immunology,4139778173.0
3912,7107226324.0,Ophthalmology,4713067380.0
3913,-1.0,Podiatry,2604060189.0
3914,7704401333.0,Pediatrics,7704401333.0
3915,7170950494.0,Nephrology,7170950494.0
3916,1891929137.0,Plastic Surgery,4049354444.0
3917,9414458664.0,Gastroenterology,9414458664.0
3918,8533156974.0,Pulmonology,-1.0
3919,3252224016.0,Infectious Disease,3912001917.0
3920,9234930973.0,Rheumatology,9234930973.0
3921,4506222455.0,Radiology,5667303509.0
3922,9918573705.0,Emergency Medicine,4771666327.0
3923,1404589321.0,General Surgery,-1.0
3924,6649334064.0,Emergency Medicine,6649334064.0
3925,-1.0,Endocrinology,7823421383.0
3926,6822362090.0,Anesthesiology,6822362090.0
3927,-1.0,Pulmonology,9383660041.0
3928,7689680766.0,ENT,7416702081.0
3929,8060926433.0,Neurology,8060926433.0
3930,6183361933.0,Physical Medicine & Rehabilitation,9555280766.0
3931,7515756878.0,Allergy & Immunology,7515756878.0
3932,9604360044.0,Cardiology,7915713382.0
3933,2128097218.0,Allergy & Immunology,1847467382.0
3934,4900179544.0,Neurology,4900179544.0
3935,2625035499.0,Physical Medicine & Rehabilitation,2625035499.0
3936,-1.0,Podiatry,3456335839.0
3937,9779041827.0,Cardiology,3713891389.0
3938,8442057019.0,Emergency Medicine,8442057019.0
3939,-1.0,Allergy & Immunology,8396987201.0
3940,3568114320.0,Pediatrics,3568114320.0
3941,3006902845.0,Radiology,3006902845.0
3942,5288282161.0,Internal Medicine,5288282161.0
3943,5243939720.0,Family Medicine,5243939720.0
3944,5205684275.0,Pediatrics,5205684275.0
3945,3361388464.0,Rheumatology,3361388464.0
3946,1541363532.0,Pediatrics,1541363532.0
3947,8357617586.0,Pulmonology,8357617586.0
3948,8479455700.0,Nephrology,8479455700.0
3949,6649827836.0,General Surgery,6649827836.0
3950,5583579348.0,Pathology,5583579348.0
3951,1864305237.0,Physical Medicine & Rehabilitation,1864305237.0
3952,-1.0,Oncology,4589182564.0
3953,-1.0,Oncology,8523608307.0
3954,-1.0,Rheumatology,9194196378.0
3955,1243376637.0,Oncology,7137186015.0
3956,6277501644.0,Endocrinology,6277501644.0
3957,4761528424.0,Nephrology,4761528424.0
3958,5518908675.0,Pulmonology,5518908675.0
3959,6254707267.0,OB/GYN,6254707267.0
3960,6379012098.0,OB/GYN,6379012098.0
3961,6975857369.0,OB/GYN,-1.0
3962,6095359489.0,Allergy & Immunology,-1.0
3963,7104891000.0,OB/GYN,3496476841.0
3964,7025494053.0,Ophthalmology,2656284142.0
3965,4857459052.0,Vascular Surgery,-1.0
3966,1735888343.0,Urology,1735888343.0
3967,3624410325.0,Dermatology,3624410325.0
3968,3528924461.0,Primary Care,3528924461.0
3969,-1.0,Emergency Medicine,3939629904.0
3970,-1.0,Emergency Medicine,7783667060.0
3971,-1.0,Emergency Medicine,4690461734.0
3972,2153007516.0,Emergency Medicine,2153007516.0
3973,9759053215.0,Primary Care,9717446899.0
3974,4572255055.0,Neurology,4572255055.0
3975,-1.0,Pulmonology,6469458472.0
3976,4639017775.0,Oncology,5342657412.0
3977,3721377569.0,OB/GYN,3721377569.0
3978,3698470384.0,Allergy & Immunology,3698470384.0
3979,6426225421.0,Infectious Disease,-1.0
3980,4644358139.0,General Surgery,8444104309.0
3981,9635425513.0,Psychiatry,7714016059.0
3982,7187578950.0,Pediatrics,7187578950.0
3983,7253513875.0,Urology,9253591573.0
3984,1106996713.0,Gastroenterology,1106996713.0
3985,4856631347.0,Vascular Surgery,5149626556.0
3986,-1.0,Plastic Surgery,5177816551.0
3987,1629467410.0,OB/GYN,-1.0
3988,4189376783.0,Gastroenterology,4189376783.0
3989,3147487660.0,Neurology,7565604764.0
3990,7094992705.0,Radiology,8218139009.0
3991,2962601437.0,Pulmonology,2962601437.0
3992,4663992245.0,Orthopedics,4663992245.0
3993,9164319224.0,Internal Medicine,8450041619.0
3994,9729790084.0,Pulmonology,9729790084.0
3995,7183638017.0,Dermatology,7183638017.0
3996,4909199720.0,Pulmonology,5676124233.0
3997,3825353937.0,Rheumatology,3825353937.0
3998,3811489153.0,Family Medicine,3811489153.0
3999,4872908632.0,Emergency Medicine,9103034833.0
4000,-1.0,Pathology,4536523176.0
4001,2452066459.0,Internal Medicine,3167117096.0
4002,-1.0,Pediatrics,2277074076.0
4003,3531350085.0,Nephrology,5129890755.0
4004,6865994703.0,Emergency Medicine,6865994703.0
4005,-1.0,Radiology,-1.0
4006,3363483533.0,Neurology,3154775196.0
4007,6351537015.0,Neurology,4452387181.0
4008,5614299531.0,ENT,5614299531.0
4009,1303754004.0,Radiology,1303754004.0
4010,-1.0,Internal Medicine,6083846878.0
4011,-1.0,Primary Care,2015242176.0
4012,7914527549.0,Physical Medicine & Rehabilitation,7914527549.0
4013,-1.0,Gastroenterology,5609120848.0
4014,2193688100.0,ENT,7772126269.0
4015,1157215100.0,Ophthalmology,5525545507.0
4016,7691166260.0,Physical Medicine & Rehabilitation,-1.0
4017,5924077461.0,General Surgery,8933670858.0
4018,5672946587.0,General Surgery,9273969963.0
4019,7895255573.0,Urology,4604897459.0
4020,-1.0,Podiatry,6116450998.0
4021,1115518612.0,Pulmonology,2582891447.0
4022,5088043307.0,Nephrology,5088043307.0
4023,6090076463.0,Neurology,6090076463.0
4024,8018052519.0,Psychiatry,8018052519.0
4025,3623588379.0,Dermatology,6089760894.0
4026,7922645184.0,Psychiatry,2046488107.0
4027,5145057803.0,General Surgery,5145057803.0
4028,8274273035.0,Endocrinology,2455799465.0
4029,6184921425.0,ENT,6184921425.0
4030,2703387567.0,Allergy & Immunology,5458346881.0
4031,9021793855.0,General Surgery,9021793855.0
4032,-1.0,Radiology,5910011898.0
4033,5648042822.0,Urology,-1.0
4034,8492970833.0,Gastroenterology,8492970833.0
4035,8847888035.0,ENT,8847888035.0
4036,7344122367.0,Cardiology,7344122367.0
4037,3882025167.0,Family Medicine,3882025167.0
4038,1645523507.0,Cardiology,1645523507.0
4039,9222330478.0,Cardiology,9222330478.0
4040,8280271108.0,Pediatrics,8280271108.0
4041,9430997415.0,Podiatry,9430997415.0
4042,7873001834.0,Podiatry,8668207209.0
4043,8067828397.0,OB/GYN,9660772470.0
4044,5203784005.0,Internal Medicine,7900311444.0
4045,6284790737.0,General Surgery,5340791929.0
4046,5419489933.0,Pediatrics,7530723944.0
4047,2952849519.0,Gastroenterology,2324142596.0
4048,1288372981.0,Family Medicine,1288372981.0
4049,8569491238.0,Orthopedics,8569491238.0
4050,3125906089.0,Ophthalmology,3125906089.0
4051,4592888910.0,Emergency Medicine,6515223775.0
4052,9475504077.0,Allergy & Immunology,9475504077.0
4053,9199346195.0,Plastic Surgery,9199346195.0
4054,-1.0,Pulmonology,-1.0
4055,1312621735.0,Vascular Surgery,1312621735.0
4056,9664932488.0,Nephrology,9664932488.0
4057,1625801142.0,Orthopedics,-1.0
4058,9638083814.0,Allergy & Immunology,9638083814.0
4059,1720578321.0,Orthopedics,1720578321.0
4060,9516893896.0,Emergency Medicine,9516893896.0
4061,4611538856.0,Anesthesiology,4611538856.0
4062,6336509622.0,Plastic Surgery,6336509622.0
4063,1929617578.0,Orthopedics,1929617578.0
4064,3783008938.0,Plastic Surgery,1574980257.0
4065,3620283102.0,Plastic Surgery,3620283102.0
4066,2312471946.0,Plastic Surgery,8304658076.0
4067,-1.0,Cardiology,9737606893.0
4068,3253473926.0,Podiatry,8451668033.0
4069,7832220535.0,Podiatry,7832220535.0
4070,4597372574.0,ENT,4597372574.0
4071,5383941015.0,OB/GYN,-1.0
4072,9280022678.0,Urology,9280022678.0
4073,7730933699.0,Gastroenterology,7730933699.0
4074,5163431856.0,Internal Medicine,5163431856.0
4075,4727306207.0,Podiatry,4727306207.0
4076,3828316958.0,Allergy & Immunology,3828316958.0
4077,8621268224.0,Endocrinology,4240098146.0
4078,-1.0,Infectious Disease,9813834458.0
4079,8582905353.0,Gastroenterology,-1.0
4080,1168955940.0,General Surgery,1168955940.0
4081,7428390960.0,Pediatrics,7428390960.0
4082,6973394281.0,Physical Medicine & Rehabilitation,6944972993.0
4083,6739682547.0,Gastroenterology,3466871629.0
4084,5957341287.0,Dermatology,7428802196.0
4085,7941206762.0,Anesthesiology,7941206762.0
4086,-1.0,Infectious Disease,6713669260.0
4087,-1.0,Psychiatry,1096136312.0
4088,-1.0,Primary Care,8050309747.0
4089,6642064072.0,Neurology,6642064072.0
4090,4289338885.0,Pulmonology,6819740237.0
4091,6628085201.0,Ophthalmology,1568214441.0
4092,7930280777.0,Gastroenterology,5237202154.0
4093,6932342612.0,Primary Care,-1.0
4094,2792012815.0,General Surgery,2792012815.0
4095,3095318649.0,Primary Care,3095318649.0
4096,2367291673.0,Psychiatry,2367291673.0
4097,3971690968.0,Family Medicine,3971690968.0
4098,5052536540.0,Internal Medicine,5314431621.0
4099,5003954344.0,Infectious Disease,5003954344.0
4100,9768967810.0,Vascular Surgery,3314594733.0
4101,3765310743.0,Rheumatology,-1.0
4102,8349335715.0,Pulmonology,8349335715.0
4103,1150677468.0,Podiatry,5071301201.0
4104,2765728981.0,Endocrinology,8712252224.0
4105,5428082088.0,OB/GYN,5428082088.0
4106,1966662179.0,Orthopedics,1966662179.0
4107,1553040088.0,ENT,1553040088.0
4108,7638836058.0,ENT,1150858385.0
4109,2421289722.0,Primary Care,5193191487.0
4110,5369429238.0,Radiology,5369429238.0
4111,1669011302.0,ENT,1669011302.0
4112,7020369944.0,General Surgery,7020369944.0
4113,9644118134.0,Physical Medicine & Rehabilitation,9644118134.0
4114,5016044910.0,Pathology,9458633440.0
4115,3370970711.0,Ophthalmology,3370970711.0
4116,5109468645.0,Pathology,-1.0
4117,3146309825.0,Orthopedics,1221088367.0
4118,9083864810.0,Allergy & Immunology,9083864810.0
4119,-1.0,ENT,2866413342.0
4120,3201171190.0,Endocrinology,5216986258.0
4121,8842204961.0,Cardiology,8842204961.0
4122,2660286914.0,Cardiology,3624253543.0
4123,5781753301.0,ENT,5781753301.0
4124,4514489277.0,Physical Medicine & Rehabilitation,4514489277.0
4125,5913767020.0,Pathology,5913767020.0
4126,3646973915.0,Nephrology,3646973915.0
4127,2211374001.0,Pediatrics,2211374001.0
4128,1467181597.0,Pediatrics,6654396790.0
4129,2391273095.0,Emergency Medicine,2391273095.0
4130,4177181331.0,Allergy & Immunology,4681306928.0
4131,4236196039.0,Internal Medicine,4236196039.0
4132,9189856335.0,Radiology,9189856335.0
4133,3283792913.0,General Surgery,3283792913.0
4134,4282885066.0,Internal Medicine,4282885066.0
4135,7287605035.0,Family Medicine,7287605035.0
4136,8783745505.0,Psychiatry,-1.0
4137,5907917027.0,General Surgery,4169464244.0
4138,2319284655.0,Plastic Surgery,2319284655.0
4139,1257922823.0,Internal Medicine,1257922823.0
4140,3934040683.0,Vascular Surgery,3934040683.0
4141,4829551639.0,Internal Medicine,8524147067.0
4142,9457072430.0,Rheumatology,9457072430.0
4143,9720832262.0,Pediatrics,9720832262.0
4144,2927836083.0,Allergy & Immunology,2927836083.0
4145,8113780210.0,Family Medicine,8113780210.0
4146,9701231535.0,Family Medicine,9701231535.0
4147,7921262641.0,Plastic Surgery,2174145911.0
4148,5052915145.0,Physical Medicine & Rehabilitation,2361267412.0
4149,9698553771.0,Psychiatry,9698553771.0
4150,7483366056.0,Pediatrics,7483366056.0
4151,2351531223.0,Internal Medicine,2351531223.0
4152,-1.0,OB/GYN,6709169445.0
4153,6286336299.0,Pediatrics,6286336299.0
4154,3395347941.0,Cardiology,3395347941.0
4155,2306681495.0,Anesthesiology,2306681495.0
4156,7818258958.0,Dermatology,7818258958.0
4157,3828935922.0,Dermatology,3828935922.0
4158,9977393631.0,Gastroenterology,4618259072.0
4159,5727735496.0,Dermatology,5727735496.0
4160,1686266034.0,Psychiatry,1686266034.0
4161,2860212181.0,Internal Medicine,2860212181.0
4162,3044558229.0,Internal Medicine,1705029361.0
4163,5698353763.0,Ophthalmology,5698353763.0
4164,2157960161.0,Family Medicine,2939389472.0
4165,3160997637.0,Ophthalmology,3160997637.0
4166,4107844278.0,Internal Medicine,4107844278.0
4167,6075188222.0,Anesthesiology,6075188222.0
4168,1231178500.0,Nephrology,1231178500.0
4169,4534096467.0,Endocrinology,4534096467.0
4170,4658080160.0,OB/GYN,4658080160.0
4171,7079474137.0,Family Medicine,7079474137.0
4172,8199937700.0,Orthopedics,8199937700.0
4173,6651020291.0,ENT,6651020291.0
4174,9353816138.0,Podiatry,9353816138.0
4175,5830513583.0,Urology,5830513583.0
4176,7481382776.0,Urology,9898272742.0
4177,2638481615.0,Podiatry,5517441782.0
4178,1498495745.0,Urology,6888942567.0
4179,9698662000.0,Vascular Surgery,3401622178.0
4180,3885393087.0,Podiatry,2954836412.0
4181,2326914126.0,Allergy & Immunology,2326914126.0
4182,-1.0,Orthopedics,9003180763.0
4183,2599620611.0,Infectious Disease,2599620611.0
4184,8848705807.0,OB/GYN,-1.0
4185,-1.0,Vascular Surgery,5579876946.0
4186,8037389869.0,Pulmonology,8037389869.0
4187,4632522232.0,ENT,4632522232.0
4188,1010508398.0,Oncology,4969899609.0
4189,-1.0,Orthopedics,5306459450.0
4190,-1.0,Orthopedics,7493011309.0
4191,6171320658.0,Oncology,6171320658.0
4192,5203379410.0,Radiology,3206152164.0
4193,7354397094.0,Ophthalmology,7354397094.0
4194,3354336159.0,Ophthalmology,3354336159.0
4195,5537324389.0,Radiology,5537324389.0
4196,3394312477.0,Cardiology,3394312477.0
4197,2129971523.0,Internal Medicine,2129971523.0
4198,-1.0,Internal Medicine,4345407664.0
4199,8018504635.0,Cardiology,2511333887.0
4200,6607516082.0,Allergy & Immunology,6607516082.0
4201,8127147064.0,Infectious Disease,5392126631.0
4202,-1.0,Emergency Medicine,6768427475.0
4203,-1.0,Internal Medicine,1783367740.0
4204,7867016014.0,Urology,-1.0
4205,2895803682.0,Nephrology,4420856260.0
4206,5325865521.0,Urology,5325865521.0
4207,7222637202.0,Emergency Medicine,-1.0
4208,5848235872.0,Nephrology,5848235872.0
4209,1506651617.0,OB/GYN,1506651617.0
4210,4177277293.0,OB/GYN,4634211163.0
4211,-1.0,Emergency Medicine,6431555447.0
4212,8015215852.0,Oncology,6184568391.0
4213,4541853179.0,Orthopedics,-1.0
4214,8072146687.0,Primary Care,8072146687.0
4215,7957316436.0,Pathology,7957316436.0
4216,6415129153.0,Plastic Surgery,6415129153.0
4217,1868498641.0,Cardiology,1868498641.0
4218,1815493684.0,Internal Medicine,3300222413.0
4219,2381673597.0,Psychiatry,2381673597.0
4220,8708217144.0,Emergency Medicine,8708217144.0
4221,6101861154.0,General Surgery,6101861154.0
4222,1923712273.0,Internal Medicine,1923712273.0
4223,2783074271.0,Allergy & Immunology,-1.0
4224,5680049096.0,Anesthesiology,-1.0
4225,3285488356.0,Internal Medicine,3285488356.0
4226,2008716202.0,General Surgery,2008716202.0
4227,4351139334.0,Psychiatry,-1.0
4228,5830470599.0,Psychiatry,5830470599.0
4229,-1.0,Emergency Medicine,3898885090.0
4230,5201966859.0,Pediatrics,5201966859.0
4231,5590393752.0,ENT,6421244151.0
4232,1375899416.0,Primary Care,1375899416.0
4233,8585583166.0,Radiology,-1.0
4234,7234615717.0,Family Medicine,7234615717.0
4235,7633342225.0,Infectious Disease,7633342225.0
4236,4962326905.0,General Surgery,4962326905.0
4237,7360670711.0,Anesthesiology,7360670711.0
4238,3795855101.0,OB/GYN,3795855101.0
4239,4417097158.0,Allergy & Immunology,4417097158.0
4240,-1.0,Physical Medicine & Rehabilitation,9605842084.0
4241,9547414431.0,Pediatrics,9547414431.0
4242,9287689394.0,Infectious Disease,-1.0
4243,-1.0,Pathology,2683446724.0
4244,2731857559.0,Anesthesiology,6269494581.0
4245,9766630194.0,Nephrology,9705462668.0
4246,-1.0,Ophthalmology,3474420092.0
4247,4997329298.0,ENT,6621847095.0
4248,8914965741.0,Dermatology,-1.0
4249,9295286514.0,Podiatry,7832118152.0
4250,9248574674.0,Urology,9248574674.0
4251,3610575957.0,Emergency Medicine,3610575957.0
4252,6001265145.0,Infectious Disease,9080228731.0
4253,6174162427.0,Plastic Surgery,5879967791.0
4254,9758519013.0,Infectious Disease,5987273079.0
4255,2538119509.0,Infectious Disease,2538119509.0
4256,-1.0,Oncology,1465528137.0
4257,2554039848.0,Rheumatology,5099701713.0
4258,6932034824.0,Primary Care,7754638033.0
4259,2326569692.0,Neurology,2326569692.0
4260,4131012566.0,Vascular Surgery,4131012566.0
4261,-1.0,Urology,4718759226.0
4262,6048858653.0,Podiatry,6048858653.0
4263,4708605445.0,Family Medicine,4708605445.0
4264,6433082861.0,Pediatrics,1014351288.0
4265,1656126124.0,Pediatrics,1656126124.0
4266,9744481068.0,Psychiatry,8353982445.0
4267,1626733282.0,Vascular Surgery,1626733282.0
4268,8518995754.0,Neurology,4138978721.0
4269,4506643107.0,Nephrology,9133472930.0
4270,1826700966.0,Ophthalmology,1826700966.0
4271,9384745079.0,ENT,9384745079.0
4272,5690598893.0,Psychiatry,5690598893.0
4273,5594799319.0,Vascular Surgery,7418562154.0
4274,9305502799.0,Primary Care,6482868785.0
4275,4359506482.0,Neurology,4269772793.0
4276,6510697299.0,Podiatry,6053635553.0
4277,7048926971.0,Gastroenterology,7048926971.0
4278,7425433471.0,Psychiatry,7425433471.0
4279,1764550571.0,Dermatology,1764550571.0
4280,8229625864.0,Anesthesiology,8229625864.0
4281,4337395808.0,Internal Medicine,4337395808.0
4282,1544998804.0,Endocrinology,1544998804.0
4283,9342671082.0,Physical Medicine & Rehabilitation,9342671082.0
4284,6594352061.0,Vascular Surgery,1955776548.0
4285,3308745090.0,Plastic Surgery,3308745090.0
4286,1656110160.0,Podiatry,4515471541.0
4287,5230025371.0,Oncology,5230025371.0
4288,9149828351.0,Neurology,7847625976.0
4289,6879428703.0,Neurology,6879428703.0
4290,4443563465.0,Infectious Disease,4443563465.0
4291,3831962147.0,Neurology,3026358354.0
4292,6011842297.0,Radiology,6011842297.0
4293,3711695796.0,Nephrology,3711695796.0
4294,-1.0,Emergency Medicine,7211631821.0
4295,5164457378.0,Internal Medicine,5164457378.0
4296,8887636081.0,Family Medicine,8887636081.0
4297,1427177189.0,Cardiology,1427177189.0
4298,4159430696.0,Primary Care,4159430696.0
4299,8306070814.0,General Surgery,8907926438.0
4300,4819024279.0,Gastroenterology,4819024279.0
4301,2786576136.0,Ophthalmology,8771110973.0
4302,1085480156.0,Family Medicine,4222597659.0
4303,5142122483.0,Ophthalmology,4940297530.0
4304,9702567924.0,Family Medicine,9702567924.0
4305,-1.0,Endocrinology,1531125769.0
4306,6230962491.0,Radiology,6230962491.0
4307,2839566253.0,ENT,2839566253.0
4308,8793362077.0,ENT,8793362077.0
4309,4486956337.0,Primary Care,9682859601.0
4310,6283986629.0,Pathology,6283986629.0
4311,6264311022.0,Anesthesiology,6264311022.0
4312,2831310616.0,Psychiatry,2831310616.0
4313,8165903655.0,Endocrinology,8165903655.0
4314,7007282752.0,Endocrinology,4176004140.0
4315,-1.0,General Surgery,7474113339.0
4316,7171634513.0,Radiology,3957942528.0
4317,7995138043.0,Orthopedics,7995138043.0
4318,6561532605.0,Radiology,5855891906.0
4319,6619939965.0,Rheumatology,6619939965.0
4320,1433771828.0,Infectious Disease,1347324443.0
4321,8111191488.0,Nephrology,2605207953.0
4322,4303503629.0,Primary Care,9108879846.0
4323,8979623823.0,Dermatology,-1.0
4324,9018550283.0,Orthopedics,9018550283.0
4325,-1.0,Rheumatology,5252952412.0
4326,5050851541.0,Oncology,5050851541.0
4327,6864241036.0,Psychiatry,-1.0
4328,2919148512.0,Gastroenterology,2919148512.0
4329,3207873733.0,Family Medicine,3207873733.0
4330,9723937280.0,Anesthesiology,9723937280.0
4331,5153944226.0,Allergy & Immunology,-1.0
4332,2391874847.0,Primary Care,2391874847.0
4333,9638060407.0,Physical Medicine & Rehabilitation,-1.0
4334,1619623590.0,Allergy & Immunology,1619623590.0
4335,2825989011.0,Plastic Surgery,4151737190.0
4336,8441627106.0,Internal Medicine,1772317570.0
4337,7243788374.0,Physical Medicine & Rehabilitation,7243788374.0
4338,6327433872.0,Radiology,8187987914.0
4339,2528026952.0,Vascular Surgery,2528026952.0
4340,5789238017.0,Urology,-1.0
4341,8391194300.0,Ophthalmology,8391194300.0
4342,8746520609.0,Primary Care,2082832925.0
4343,7340367905.0,Psychiatry,7340367905.0
4344,1726947767.0,Nephrology,6133230465.0
4345,6808509919.0,General Surgery,6808509919.0
4346,-1.0,Endocrinology,2338196008.0
4347,5862600763.0,Primary Care,5862600763.0
4348,6021075141.0,Anesthesiology,6190134235.0
4349,-1.0,Anesthesiology,4650767723.0
4350,4377346239.0,Dermatology,7684327075.0
4351,6464008146.0,Pulmonology,6464008146.0
4352,8196836214.0,Nephrology,6076833965.0
4353,-1.0,Orthopedics,4156352400.0
4354,-1.0,Cardiology,2445987132.0
4355,5005835472.0,Dermatology,6500597722.0
4356,6217560973.0,Ophthalmology,-1.0
4357,4149647052.0,Nephrology,4149647052.0
4358,7316122432.0,Emergency Medicine,7316122432.0
4359,5642049890.0,OB/GYN,5642049890.0
4360,3046676275.0,Anesthesiology,-1.0
4361,7944254640.0,Pediatrics,2341199634.0
4362,5801462032.0,Family Medicine,5801462032.0
4363,-1.0,Emergency Medicine,1692447546.0
4364,4554178984.0,Internal Medicine,4554178984.0
4365,-1.0,Family Medicine,4873073990.0
4366,8343942606.0,Orthopedics,8343942606.0
4367,6284312306.0,Podiatry,1846898156.0
4368,6662572680.0,Neurology,6662572680.0
4369,5782601974.0,Orthopedics,4475657014.0
4370,-1.0,Neurology,6777704180.0
4371,4656448543.0,Pathology,4656448543.0
4372,6711316233.0,Nephrology,6711316233.0
4373,2736389560.0,ENT,-1.0
4374,6449965466.0,Pediatrics,6449965466.0
4375,9865132682.0,Ophthalmology,9865132682.0
4376,-1.0,Gastroenterology,1807799729.0
4377,2125135741.0,ENT,2125135741.0
4378,3898400928.0,Family Medicine,3898400928.0
4379,2749681616.0,Physical Medicine & Rehabilitation,6088061184.0
4380,5549966649.0,Oncology,5549966649.0
4381,2150189847.0,Psychiatry,1644026728.0
4382,6232359896.0,Radiology,6232359896.0
4383,7687451754.0,Podiatry,9409090999.0
4384,2721346755.0,Neurology,9313405444.0
4385,5878706464.0,Urology,4277704586.0
4386,4576109211.0,Pediatrics,4576109211.0
4387,4436189121.0,Pathology,4436189121.0
4388,7133085671.0,Physical Medicine & Rehabilitation,7133085671.0
4389,8894905381.0,Dermatology,8894905381.0
4390,6230296253.0,Urology,6230296253.0
4391,3745778625.0,Ophthalmology,3745778625.0
4392,2258578199.0,Physical Medicine & Rehabilitation,2258578199.0
4393,8560169159.0,Internal Medicine,8560169159.0
4394,6673381261.0,Primary Care,6673381261.0
4395,7429139034.0,Endocrinology,7429139034.0
4396,7308968023.0,Internal Medicine,7308968023.0
4397,3702653209.0,Neurology,4155172962.0
4398,4799264604.0,Infectious Disease,4799264604.0
4399,5488918077.0,General Surgery,5488918077.0
4400,8073149109.0,Ophthalmology,3101902407.0
4401,6223395333.0,Orthopedics,-1.0
4402,6676247763.0,Urology,6676247763.0
4403,7869858886.0,Radiology,7869858886.0
4404,5252645712.0,Internal Medicine,5252645712.0
4405,3303434640.0,OB/GYN,3102241403.0
4406,7232631533.0,OB/GYN,7857837499.0
4407,7172183272.0,Anesthesiology,7172183272.0
4408,6053165948.0,Pathology,6053165948.0
4409,9954974666.0,Plastic Surgery,-1.0
4410,2798948060.0,ENT,8967757185.0
4411,8726345349.0,Dermatology,8726345349.0
4412,1364036788.0,Nephrology,1542288166.0
4413,4307777078.0,Pediatrics,4307777078.0
4414,6330254025.0,Physical Medicine & Rehabilitation,6330254025.0
4415,5773564271.0,Cardiology,5773564271.0
4416,1610900200.0,Pathology,5570205299.0
4417,7791260377.0,Emergency Medicine,1219735807.0
4418,2377542628.0,Emergency Medicine,4714951605.0
4419,8790343565.0,Anesthesiology,6179168879.0
4420,1627442454.0,OB/GYN,7887053800.0
4421,2288928005.0,Plastic Surgery,2288928005.0
4422,4659428530.0,Pulmonology,4659428530.0
4423,7344879191.0,Oncology,7344879191.0
4424,2396303757.0,Allergy & Immunology,2396303757.0
4425,2657579105.0,Family Medicine,2657579105.0
4426,8577019017.0,Infectious Disease,8577019017.0
4427,5945923930.0,ENT,-1.0
4428,-1.0,Orthopedics,3763660892.0
4429,2968897085.0,Podiatry,9191486248.0
4430,3923044658.0,General Surgery,3923044658.0
4431,7285758328.0,Psychiatry,5124341339.0
4432,5715870675.0,General Surgery,5715870675.0
4433,1726179892.0,Nephrology,1726179892.0
4434,1719505873.0,Radiology,1719505873.0
4435,8872207630.0,Radiology,8872207630.0
4436,1289482415.0,Orthopedics,-1.0
4437,2713189716.0,OB/GYN,2713189716.0
4438,4870516577.0,Ophthalmology,4870516577.0
4439,8544878538.0,Neurology,-1.0
4440,4605117440.0,Pediatrics,1394415627.0
4441,-1.0,General Surgery,8991678061.0
4442,7250289619.0,Allergy & Immunology,7250289619.0
4443,6703151155.0,Pulmonology,6434430331.0
4444,7279140605.0,Rheumatology,7279140605.0
4445,7243361127.0,Endocrinology,8131820147.0
4446,4976988715.0,Podiatry,4976988715.0
4447,3287159563.0,Pulmonology,3287159563.0
4448,5500086353.0,Oncology,5500086353.0
4449,3659157927.0,Gastroenterology,-1.0
4450,-1.0,Oncology,7748767387.0
4451,9061380385.0,Plastic Surgery,9061380385.0
4452,-1.0,Rheumatology,8294551620.0
4453,3944591996.0,Psychiatry,3944591996.0
4454,3352529803.0,Cardiology,3352529803.0
4455,9440587694.0,Infectious Disease,9440587694.0
4456,3427974255.0,Internal Medicine,3427974255.0
4457,9097787335.0,Gastroenterology,-1.0
4458,2327372855.0,General Surgery,2327372855.0
4459,9301315207.0,Infectious Disease,9301315207.0
4460,3995732958.0,Vascular Surgery,9121823188.0
4461,9125023089.0,Allergy & Immunology,9125023089.0
4462,-1.0,Pediatrics,4761807031.0
4463,3612192326.0,Internal Medicine,3612192326.0
4464,8721628525.0,Cardiology,8317458289.0
4465,7238213207.0,Physical Medicine & Rehabilitation,7238213207.0
4466,4416841582.0,Podiatry,4416841582.0
4467,9555450885.0,Physical Medicine & Rehabilitation,9555450885.0
4468,1509599320.0,Gastroenterology,1509599320.0
4469,3574854627.0,Nephrology,1966888858.0
4470,9745050240.0,Pediatrics,9745050240.0
4471,6224414773.0,ENT,6224414773.0
4472,7940314306.0,OB/GYN,6508198617.0
4473,8733575600.0,Anesthesiology,7191444767.0
4474,7800904085.0,Pediatrics,6317820782.0
4475,2625792787.0,Podiatry,2625792787.0
4476,7857221324.0,Family Medicine,6165919392.0
4477,-1.0,Family Medicine,6587304656.0
4478,2770791023.0,Vascular Surgery,1739012021.0
4479,2468055063.0,Internal Medicine,2468055063.0
4480,6407956109.0,Anesthesiology,6407956109.0
4481,3836126778.0,Cardiology,2789254431.0
4482,9978810439.0,Internal Medicine,4655627485.0
4483,7594697802.0,Allergy & Immunology,7594697802.0
4484,1395255255.0,Dermatology,1395255255.0
4485,9824210727.0,Emergency Medicine,9824210727.0
4486,-1.0,Cardiology,6392476150.0
4487,6350622684.0,Gastroenterology,8019562963.0
4488,-1.0,Primary Care,3585369552.0
4489,1264739091.0,Dermatology,8535292849.0
4490,-1.0,Vascular Surgery,9627481869.0
4491,7565982311.0,Radiology,-1.0
4492,8902114913.0,Psychiatry,8902114913.0
4493,7785025154.0,Plastic Surgery,7785025154.0
4494,2698502431.0,Dermatology,2698502431.0
4495,5683391352.0,Gastroenterology,5683391352.0
4496,3035157048.0,Pulmonology,3035157048.0
4497,1849586427.0,Rheumatology,-1.0
4498,-1.0,Rheumatology,2050149115.0
4499,6097403182.0,Psychiatry,6097403182.0
4500,4526452373.0,Dermatology,4526452373.0
4501,4379977183.0,Family Medicine,3588107693.0
4502,9689011033.0,Urology,9689011033.0
4503,8096175184.0,Emergency Medicine,8096175184.0
4504,5644445498.0,Infectious Disease,5644445498.0
4505,8064477344.0,Family Medicine,5482687187.0
4506,2597508443.0,Anesthesiology,2597508443.0
4507,1754393408.0,Infectious Disease,1754393408.0
4508,5409438019.0,Cardiology,5409438019.0
4509,3638670490.0,Primary Care,3638670490.0
4510,6963404324.0,Urology,6963404324.0
4511,2196701188.0,Podiatry,2196701188.0
4512,1225447588.0,Oncology,3927725808.0
4513,6389864974.0,Endocrinology,-1.0
4514,9695866130.0,Plastic Surgery,9695866130.0
4515,-1.0,Plastic Surgery,8436712847.0
4516,9060184184.0,Allergy & Immunology,9060184184.0
4517,5105433614.0,Rheumatology,5105433614.0
4518,-1.0,Pediatrics,1673154105.0
4519,2867302554.0,Emergency Medicine,2867302554.0
4520,6230593697.0,Neurology,6230593697.0
4521,2817904538.0,Rheumatology,2817904538.0
4522,8553340053.0,OB/GYN,8553340053.0
4523,6965879269.0,Endocrinology,6965879269.0
4524,7414480314.0,Podiatry,-1.0
4525,5261979456.0,Podiatry,5261979456.0
4526,9316609031.0,Nephrology,6974682845.0
4527,-1.0,Primary Care,9115009532.0
4528,5666147051.0,Gastroenterology,5666147051.0
4529,9015003556.0,Cardiology,9015003556.0
4530,2850914417.0,Urology,2850914417.0
4531,3735272426.0,ENT,5559260369.0
4532,7524368542.0,Allergy & Immunology,7524368542.0
4533,8484286122.0,Pediatrics,4962232122.0
4534,8648329645.0,Oncology,-1.0
4535,5868824748.0,Internal Medicine,5868824748.0
4536,2781166078.0,Psychiatry,-1.0
4537,3098363243.0,Psychiatry,3098363243.0
4538,7159671853.0,Vascular Surgery,6444681972.0
4539,8515344013.0,Urology,4154761668.0
4540,1403340801.0,Allergy & Immunology,1915052079.0
4541,8926438617.0,Neurology,8926438617.0
4542,-1.0,Endocrinology,1691459718.0
4543,6647288607.0,Radiology,6104124384.0
4544,6024288226.0,Family Medicine,6024288226.0
4545,4910752537.0,Gastroenterology,4910752537.0
4546,6831030525.0,Plastic Surgery,6831030525.0
4547,-1.0,Psychiatry,8908059409.0
4548,8022513504.0,Oncology,8022513504.0
4549,7657378385.0,Anesthesiology,-1.0
4550,8805286989.0,Urology,8805286989.0
4551,5319416410.0,Oncology,1608721669.0
4552,4896741733.0,Cardiology,-1.0
4553,8622869139.0,Infectious Disease,8622869139.0
4554,8503648320.0,Anesthesiology,8503648320.0
4555,5937408591.0,OB/GYN,5937408591.0
4556,2593410040.0,Psychiatry,2593410040.0
4557,1354378489.0,Pulmonology,1354378489.0
4558,4139556167.0,Pediatrics,4139556167.0
4559,1891796718.0,Oncology,1391864753.0
4560,9371505482.0,Pulmonology,9371505482.0
4561,5254627681.0,Physical Medicine & Rehabilitation,8072651892.0
4562,-1.0,Vascular Surgery,4131356954.0
4563,1463072131.0,Radiology,1463072131.0
4564,6535261545.0,Family Medicine,5910353437.0
4565,5819946657.0,Rheumatology,2607719342.0
4566,3333536423.0,Pathology,3333536423.0
4567,7233497275.0,Ophthalmology,7233497275.0
4568,9317675740.0,Primary Care,9317675740.0
4569,3227327939.0,Primary Care,3227327939.0
4570,3115864847.0,Pulmonology,4114532748.0
4571,-1.0,Allergy & Immunology,5451387592.0
4572,6771394050.0,Pulmonology,6771394050.0
4573,1818112342.0,Nephrology,5899393745.0
4574,3429270402.0,Podiatry,3429270402.0
4575,6512990303.0,Dermatology,6512990303.0
4576,3227076636.0,Neurology,9407093906.0
4577,3445102896.0,Endocrinology,3445102896.0
4578,7961593935.0,Pathology,3193368552.0
4579,6084870519.0,Neurology,1031694069.0
4580,3538508163.0,Anesthesiology,1656064780.0
4581,-1.0,Nephrology,6145836928.0
4582,4588269668.0,Anesthesiology,9455236793.0
4583,-1.0,Orthopedics,9913615651.0
4584,9306990739.0,Internal Medicine,5631131147.0
4585,7871737874.0,Nephrology,7871737874.0
4586,5695059044.0,Urology,5695059044.0
4587,9888835194.0,Radiology,9888835194.0
4588,8552133312.0,Pediatrics,3056261196.0
4589,6790974226.0,Oncology,6790974226.0
4590,7109184272.0,Endocrinology,7109184272.0
4591,2051593233.0,Cardiology,2051593233.0
4592,-1.0,Emergency Medicine,8632063479.0
4593,7490269556.0,Pulmonology,7490269556.0
4594,4497694488.0,Ophthalmology,4497694488.0
4595,2809964669.0,General Surgery,2856121261.0
4596,3954899995.0,Oncology,3954899995.0
4597,7777163837.0,Anesthesiology,-1.0
4598,4823316546.0,Orthopedics,3951320694.0
4599,1712731260.0,Pathology,-1.0
4600,6422205607.0,Radiology,6422205607.0
4601,9530862812.0,Gastroenterology,9530862812.0
4602,-1.0,Emergency Medicine,2536778950.0
4603,8901647512.0,Dermatology,5995406577.0
4604,8982197815.0,Pediatrics,2958451093.0
4605,6750807259.0,Cardiology,6750807259.0
4606,4049943829.0,Neurology,9768334468.0
4607,6866976974.0,Plastic Surgery,7124963070.0
4608,3121808073.0,ENT,3121808073.0
4609,6595603986.0,Rheumatology,6595603986.0
4610,6748519679.0,Neurology,6748519679.0
4611,9058814484.0,Radiology,9058814484.0
4612,3205520418.0,Primary Care,3205520418.0
4613,7324939879.0,Radiology,7324939879.0
4614,2475647712.0,Endocrinology,2475647712.0
4615,6528788381.0,Oncology,6528788381.0
4616,9620361356.0,Anesthesiology,9620361356.0
4617,1499010108.0,Nephrology,1499010108.0
4618,7023851425.0,Allergy & Immunology,9517478429.0
4619,-1.0,Anesthesiology,1948540266.0
4620,3180058372.0,Orthopedics,3180058372.0
4621,3482206102.0,Nephrology,3482206102.0
4622,3869963931.0,General Surgery,9701393371.0
4623,5757153610.0,Physical Medicine & Rehabilitation,-1.0
4624,-1.0,Rheumatology,8443061472.0
4625,9902875244.0,Ophthalmology,9902875244.0
4626,3994843857.0,Vascular Surgery,1951997128.0
4627,5646936821.0,Plastic Surgery,5646936821.0
4628,2581844680.0,Orthopedics,4378889151.0
4629,-1.0,Urology,5556620439.0
4630,7314121478.0,Psychiatry,7314121478.0
4631,4439688162.0,Podiatry,4439688162.0
4632,-1.0,Urology,7487664260.0
4633,9497140850.0,Emergency Medicine,-1.0
4634,-1.0,Psychiatry,5769009973.0
4635,1272849241.0,Radiology,1272849241.0
4636,8198795199.0,Emergency Medicine,8198795199.0
4637,9078479267.0,Emergency Medicine,9078479267.0
4638,-1.0,Pathology,4881189856.0
4639,-1.0,Rheumatology,5083595988.0
4640,9738256935.0,Orthopedics,9738256935.0
4641,9569818605.0,Family Medicine,9569818605.0
4642,7648652474.0,Vascular Surgery,5199579918.0
4643,6040185608.0,Infectious Disease,-1.0
4644,4262870673.0,Rheumatology,4262870673.0
4645,6969344004.0,Pathology,6969344004.0
4646,8748133196.0,Physical Medicine & Rehabilitation,9664373155.0
4647,6911320527.0,Gastroenterology,6911320527.0
4648,8160279830.0,Rheumatology,8160279830.0
4649,9923866164.0,Allergy & Immunology,9923866164.0
4650,4033574122.0,Vascular Surgery,9031650390.0
4651,4675905639.0,Nephrology,4675905639.0
4652,5703357871.0,Psychiatry,5703357871.0
4653,3039457259.0,Allergy & Immunology,3039457259.0
4654,5895322075.0,Anesthesiology,5895322075.0
4655,2842334552.0,Pulmonology,2842334552.0
4656,1885965574.0,Gastroenterology,1885965574.0
4657,8163404757.0,Radiology,9137085754.0
4658,6202757478.0,Urology,6202757478.0
4659,5870220303.0,Rheumatology,7888372321.0
4660,-1.0,Urology,3419317349.0
4661,1044833889.0,Allergy & Immunology,2675870586.0
4662,5455502957.0,OB/GYN,7279846810.0
4663,-1.0,General Surgery,6590047612.0
4664,4528651553.0,Emergency Medicine,4528651553.0
4665,2228744350.0,Rheumatology,2228744350.0
4666,-1.0,OB/GYN,4321664284.0
4667,2187592160.0,General Surgery,9294976290.0
4668,6909913269.0,ENT,3993580416.0
4669,5316775329.0,Podiatry,5273046250.0
4670,3707920718.0,Anesthesiology,6368235642.0
4671,3178049115.0,Pulmonology,-1.0
4672,7103088340.0,Family Medicine,-1.0
4673,2486744752.0,Gastroenterology,2486744752.0
4674,9948948971.0,Cardiology,9948948971.0
4675,6106909934.0,Orthopedics,6106909934.0
4676,7705530537.0,OB/GYN,7705530537.0
4677,5229306033.0,Dermatology,-1.0
4678,4636537575.0,General Surgery,4636537575.0
4679,1082019307.0,Anesthesiology,5725762723.0
4680,5119544555.0,Urology,4568048100.0
4681,5692698971.0,ENT,5692698971.0
4682,7301985407.0,Rheumatology,7301985407.0
4683,7866947075.0,Gastroenterology,7866947075.0
4684,1018527820.0,Nephrology,1018527820.0
4685,8194175806.0,Allergy & Immunology,3008050253.0
4686,8816681105.0,Pathology,1491866324.0
4687,3353443187.0,Ophthalmology,3353443187.0
4688,-1.0,Cardiology,3828702405.0
4689,4113562319.0,Gastroenterology,4113562319.0
4690,7210274473.0,Endocrinology,7210274473.0
4691,5724747614.0,Vascular Surgery,9343456944.0
4692,5415030442.0,Allergy & Immunology,5415030442.0
4693,7687184154.0,Internal Medicine,2616787577.0
4694,6564673024.0,Podiatry,6564673024.0
4695,2078332679.0,Gastroenterology,2078332679.0
4696,8984473676.0,Plastic Surgery,5772611465.0
4697,-1.0,Physical Medicine & Rehabilitation,9171812634.0
4698,4213790202.0,Gastroenterology,4213790202.0
4699,-1.0,Plastic Surgery,1571577634.0
4700,5498689792.0,Nephrology,4004228771.0
4701,4721810600.0,Endocrinology,-1.0
4702,8079338369.0,Radiology,8079338369.0
4703,4182978511.0,Pathology,4182978511.0
4704,4329446784.0,Dermatology,8418315883.0
4705,3917953301.0,Infectious Disease,8112829602.0
4706,-1.0,Orthopedics,2095286033.0
4707,9366141694.0,Dermatology,9366141694.0
4708,1799718923.0,OB/GYN,1799718923.0
4709,8986068677.0,Rheumatology,8986068677.0
4710,8861759465.0,Nephrology,2315068507.0
4711,6064374162.0,Cardiology,6064374162.0
4712,7895293540.0,Dermatology,7895293540.0
4713,6696832837.0,Radiology,6696832837.0
4714,6629026320.0,Neurology,5616112686.0
4715,5478601763.0,Plastic Surgery,5478601763.0
4716,7756237356.0,Pulmonology,7756237356.0
4717,5886415510.0,Endocrinology,8822553223.0
4718,5262101582.0,Pediatrics,4851184637.0
4719,4661549914.0,Pathology,4661549914.0
4720,3456281720.0,Pulmonology,3456281720.0
4721,3667292043.0,Ophthalmology,3667292043.0
4722,4127220285.0,Pathology,8032383343.0
4723,-1.0,Physical Medicine & Rehabilitation,-1.0
4724,4382352480.0,Vascular Surgery,4548849393.0
4725,3937000782.0,Cardiology,3937000782.0
4726,-1.0,Cardiology,6486537914.0
4727,-1.0,Internal Medicine,2839993058.0
4728,6427906903.0,Endocrinology,3169568378.0
4729,3412365931.0,Orthopedics,3652602906.0
4730,-1.0,Nephrology,3048191671.0
4731,4638587707.0,Primary Care,4638587707.0
4732,8735893669.0,Internal Medicine,8735893669.0
4733,4217854003.0,Allergy & Immunology,4217854003.0
4734,6225164169.0,Pediatrics,7743250395.0
4735,7244466778.0,Nephrology,7244466778.0
4736,4115595475.0,Psychiatry,4115595475.0
4737,3341267390.0,Endocrinology,3341267390.0
4738,-1.0,Gastroenterology,5060303335.0
4739,3079537716.0,Anesthesiology,3079537716.0
4740,9425441546.0,Podiatry,1499762417.0
4741,-1.0,Vascular Surgery,2373666018.0
4742,2636257705.0,Neurology,-1.0
4743,3209211183.0,Rheumatology,3209211183.0
4744,2119932866.0,Orthopedics,-1.0
4745,1602759945.0,Pediatrics,1602759945.0
4746,7758219918.0,Primary Care,7758219918.0
4747,7186241692.0,Physical Medicine & Rehabilitation,-1.0
4748,7272132968.0,Podiatry,7272132968.0
4749,7519154635.0,OB/GYN,7519154635.0
4750,5103469133.0,Ophthalmology,5103469133.0
4751,2848792488.0,ENT,-1.0
4752,8727805468.0,Urology,8727805468.0
4753,-1.0,Nephrology,3429889433.0
4754,9630417179.0,Vascular Surgery,9630417179.0
4755,1582148285.0,Infectious Disease,1582148285.0
4756,7467381113.0,General Surgery,9973588564.0
4757,4181625571.0,ENT,-1.0
4758,6472492910.0,Dermatology,6472492910.0
4759,7236772367.0,Rheumatology,7236772367.0
4760,3671110493.0,Emergency Medicine,4278887364.0
4761,3503379686.0,Family Medicine,3503379686.0
4762,2619163247.0,Physical Medicine & Rehabilitation,2619163247.0
4763,2059077154.0,Pulmonology,2059077154.0
4764,5291218965.0,Psychiatry,5291218965.0
4765,6720316160.0,Vascular Surgery,6720316160.0
4766,8177932148.0,Cardiology,3609375386.0
4767,2632761581.0,Pediatrics,1862513533.0
4768,6302946647.0,Infectious Disease,6302946647.0
4769,9326907907.0,Endocrinology,9326907907.0
4770,-1.0,Rheumatology,6888247736.0
4771,7738124846.0,Pathology,7738124846.0
4772,6565525658.0,Oncology,7648676038.0
4773,9037740227.0,Neurology,9210660829.0
4774,8961793988.0,Physical Medicine & Rehabilitation,8961793988.0
4775,5916199809.0,Oncology,5916199809.0
4776,1033774017.0,Ophthalmology,1033774017.0
4777,5492867369.0,Cardiology,-1.0
4778,1137802449.0,Cardiology,6306877972.0
4779,3584703554.0,Infectious Disease,1414282260.0
4780,6814525223.0,Physical Medicine & Rehabilitation,6814525223.0
4781,4788319600.0,Primary Care,1791082395.0
4782,7556574228.0,Pediatrics,7556574228.0
4783,9432088993.0,Neurology,9432088993.0
4784,6492834969.0,Urology,6492834969.0
4785,8463570248.0,Oncology,9361070143.0
4786,7818599399.0,Psychiatry,-1.0
4787,3326257337.0,Psychiatry,9241112941.0
4788,3855887294.0,ENT,7323725497.0
4789,1035462419.0,Anesthesiology,1035462419.0
4790,6407257355.0,Cardiology,2428438739.0
4791,2068046073.0,Infectious Disease,6340993836.0
4792,6964887772.0,Anesthesiology,6964887772.0
4793,1684992293.0,Gastroenterology,1684992293.0
4794,2274350418.0,Radiology,2274350418.0
4795,8170525675.0,Pathology,8170525675.0
4796,1705253342.0,Anesthesiology,1705253342.0
4797,5522081055.0,Allergy & Immunology,5522081055.0
4798,2144335983.0,Psychiatry,2144335983.0
4799,1854693080.0,Orthopedics,1854693080.0
4800,9785620510.0,Gastroenterology,9785620510.0
4801,8086684009.0,Endocrinology,8631286231.0
4802,4182666653.0,Cardiology,4182666653.0
4803,3967280998.0,Anesthesiology,3967280998.0
4804,7095191322.0,Oncology,8519876462.0
4805,9963991398.0,Psychiatry,9963991398.0
4806,-1.0,Pediatrics,6837140423.0
4807,7670223899.0,Plastic Surgery,7670223899.0
4808,-1.0,Oncology,5266427237.0
4809,2132624359.0,Podiatry,2132624359.0
4810,4681542027.0,Oncology,4681542027.0
4811,2712474804.0,Infectious Disease,2712474804.0
4812,7515565008.0,Allergy & Immunology,7515565008.0
4813,1457098881.0,Ophthalmology,1457098881.0
4814,-1.0,Podiatry,1921241143.0
4815,5580576269.0,Cardiology,5580576269.0
4816,6643377741.0,Family Medicine,6643377741.0
4817,2965254350.0,OB/GYN,8430412406.0
4818,4993808565.0,Podiatry,4993808565.0
4819,9611033518.0,Primary Care,9611033518.0
4820,3560712271.0,Ophthalmology,5510180183.0
4821,7820400113.0,Emergency Medicine,7820400113.0
4822,4229171556.0,Ophthalmology,1888283837.0
4823,3278563058.0,Family Medicine,3278563058.0
4824,1154537730.0,Gastroenterology,1154537730.0
4825,1666660868.0,Gastroenterology,1666660868.0
4826,7078959269.0,Oncology,7078959269.0
4827,1179734630.0,Psychiatry,1179734630.0
4828,7539441086.0,General Surgery,7539441086.0
4829,5284631450.0,Anesthesiology,5284631450.0
4830,5530310656.0,Dermatology,5530310656.0
4831,9848243913.0,Physical Medicine & Rehabilitation,9848243913.0
4832,-1.0,Internal Medicine,1525677083.0
4833,7511206670.0,Podiatry,7511206670.0
4834,8244692595.0,Family Medicine,8660751294.0
4835,1664125321.0,General Surgery,8743262711.0
4836,1792214339.0,Pathology,8961419942.0
4837,5884080139.0,Urology,5884080139.0
4838,4310818259.0,Primary Care,4310818259.0
4839,6015516952.0,Psychiatry,6015516952.0
4840,7080205645.0,Radiology,7080205645.0
4841,4322338756.0,Dermatology,4322338756.0
4842,9823166334.0,ENT,8110847979.0
4843,8654717096.0,Pediatrics,8654717096.0
4844,8663756690.0,Physical Medicine & Rehabilitation,8663756690.0
4845,-1.0,Emergency Medicine,9757827766.0
4846,2785736751.0,Gastroenterology,2100062182.0
4847,2014964177.0,Dermatology,2014964177.0
4848,-1.0,Psychiatry,3013800191.0
4849,8223470005.0,Ophthalmology,8223470005.0
4850,7061713859.0,Gastroenterology,7061713859.0
4851,6351948170.0,Emergency Medicine,6351948170.0
4852,1582963923.0,Podiatry,-1.0
4853,8126937147.0,Infectious Disease,8126937147.0
4854,5836214931.0,Internal Medicine,-1.0
4855,2553225274.0,Pathology,2553225274.0
4856,5698219254.0,Endocrinology,7308174466.0
4857,3431267294.0,Pediatrics,-1.0
4858,5263701409.0,General Surgery,2095854355.0
4859,4226287306.0,Pediatrics,5123236999.0
4860,3754858574.0,Oncology,8491749468.0
4861,6780684787.0,Pulmonology,4955521049.0
4862,4164240280.0,Psychiatry,9021121101.0
4863,5059015523.0,Orthopedics,5059015523.0
4864,6305646296.0,Allergy & Immunology,6305646296.0
4865,-1.0,Gastroenterology,5375044139.0
4866,-1.0,OB/GYN,8649663317.0
4867,8977743997.0,Ophthalmology,6447636222.0
4868,1135749072.0,Infectious Disease,1135749072.0
4869,5051895109.0,Podiatry,5051895109.0
4870,8770625862.0,Physical Medicine & Rehabilitation,6355819302.0
4871,3748773178.0,Emergency Medicine,3748773178.0
4872,1793979551.0,Pulmonology,1793979551.0
4873,8388580360.0,Podiatry,8388580360.0
4874,4101948739.0,Pediatrics,4101948739.0
4875,7194208236.0,Nephrology,7194208236.0
4876,2668342007.0,Radiology,2668342007.0
4877,3370788647.0,Orthopedics,9581301791.0
4878,2576124271.0,Podiatry,2576124271.0
4879,4647375561.0,Vascular Surgery,4647375561.0
4880,8473079664.0,Urology,8473079664.0
4881,8851095587.0,Oncology,7624936143.0
4882,4132915019.0,Orthopedics,4132915019.0
4883,8241550421.0,Internal Medicine,8241550421.0
4884,3053606263.0,Podiatry,7179927150.0
4885,1607078287.0,Gastroenterology,2028944639.0
4886,6160832745.0,Primary Care,6160832745.0
4887,4685425985.0,Nephrology,-1.0
4888,-1.0,Neurology,3575119409.0
4889,3530114839.0,Family Medicine,-1.0
4890,9132533231.0,Pediatrics,9132533231.0
4891,2467549493.0,Urology,2003778498.0
4892,7123079801.0,Emergency Medicine,7123079801.0
4893,8272302214.0,Vascular Surgery,8272302214.0
4894,-1.0,Allergy & Immunology,5051054525.0
4895,5250257476.0,Anesthesiology,-1.0
4896,-1.0,Neurology,4927513144.0
4897,8501043530.0,Dermatology,1328982351.0
4898,4853705045.0,ENT,4853705045.0
4899,8714058899.0,Ophthalmology,8714058899.0
4900,9226667183.0,General Surgery,9226667183.0
4901,7964420564.0,General Surgery,7964420564.0
4902,5638379165.0,Pathology,4534650562.0
4903,9607654443.0,Ophthalmology,9607654443.0
4904,1866351732.0,Pulmonology,1866351732.0
4905,6496700122.0,Pathology,6496700122.0
4906,-1.0,Endocrinology,1028293433.0
4907,-1.0,Ophthalmology,9491645474.0
4908,1783313694.0,Podiatry,1783313694.0
4909,1430258498.0,Anesthesiology,5311032983.0
4910,4010582093.0,Oncology,4010582093.0
4911,8940731272.0,Urology,8940731272.0
4912,5358210046.0,Pediatrics,-1.0
4913,9031063171.0,Nephrology,9031063171.0
4914,8436354844.0,Primary Care,-1.0
4915,1517376881.0,Oncology,9272889280.0
4916,4896576569.0,Dermatology,4896576569.0
4917,6863779898.0,Endocrinology,-1.0
4918,2154170102.0,Nephrology,2154170102.0
4919,3207491396.0,Allergy & Immunology,3207491396.0
4920,2259899405.0,Anesthesiology,2259899405.0
4921,8460882045.0,Psychiatry,8460882045.0
4922,3232950452.0,Allergy & Immunology,5702779876.0
4923,8692015091.0,Podiatry,9382361767.0
4924,6145867350.0,Family Medicine,6145867350.0
4925,9460701413.0,Podiatry,9460701413.0
4926,1508469555.0,Infectious Disease,-1.0
4927,2611102142.0,Family Medicine,2611102142.0
4928,6214434351.0,General Surgery,6476345072.0
4929,8756270694.0,OB/GYN,8756270694.0
4930,7063849825.0,Cardiology,7063849825.0
4931,9005165377.0,Physical Medicine & Rehabilitation,9005165377.0
4932,2140169349.0,Ophthalmology,2140169349.0
4933,-1.0,Nephrology,8512253884.0
4934,6377939469.0,Ophthalmology,6377939469.0
4935,9688521544.0,Pediatrics,9688521544.0
4936,4759823710.0,Neurology,4326871518.0
4937,-1.0,Pathology,2619234792.0
4938,8152161448.0,Radiology,8152161448.0
4939,9995834531.0,OB/GYN,7235253665.0
4940,8401467732.0,Vascular Surgery,9747211762.0
4941,3648572296.0,Pathology,3648572296.0
4942,9785838644.0,Oncology,8212513276.0
4943,-1.0,Podiatry,5982744929.0
4944,5802739154.0,Rheumatology,5802739154.0
4945,6130802891.0,Psychiatry,6130802891.0
4946,7412471088.0,Allergy & Immunology,6351033752.0
4947,3975704877.0,ENT,2089712941.0
4948,2108994930.0,Neurology,2108994930.0
4949,4946958383.0,Cardiology,4946958383.0
4950,4024584533.0,General Surgery,4024584533.0
4951,3457877922.0,Plastic Surgery,3457877922.0
4952,-1.0,Endocrinology,8435347297.0
4953,1384951755.0,Orthopedics,1384951755.0
4954,4761577540.0,Neurology,9350926956.0
4955,2231951978.0,Internal Medicine,6801522277.0
4956,5305985001.0,Podiatry,5305985001.0
4957,3997331061.0,Urology,3997331061.0
4958,5616352188.0,Pediatrics,2217459876.0
4959,4109822170.0,Family Medicine,9206629101.0
4960,-1.0,Dermatology,6650205489.0
4961,4006086273.0,Radiology,6079896627.0
4962,5540467232.0,Psychiatry,5540467232.0
4963,4983488971.0,Plastic Surgery,4983488971.0
4964,3788344656.0,Psychiatry,3788344656.0
4965,5762969204.0,Allergy & Immunology,5762969204.0
4966,2256776246.0,Anesthesiology,2256776246.0
4967,7625110398.0,Radiology,7625110398.0
4968,6834555633.0,Emergency Medicine,6834555633.0
4969,5231868728.0,Nephrology,6099384986.0
4970,7545029775.0,Family Medicine,7628198290.0
4971,-1.0,Primary Care,4940482792.0
4972,9923160916.0,Orthopedics,-1.0
4973,2608618355.0,Orthopedics,2608618355.0
4974,3707344826.0,Endocrinology,3707344826.0
4975,-1.0,OB/GYN,1645046796.0
4976,7860052533.0,Anesthesiology,8015361716.0
4977,1445869324.0,Internal Medicine,1445869324.0
4978,6708976350.0,Orthopedics,6152968605.0
4979,5569305666.0,Oncology,3791223020.0
4980,-1.0,Endocrinology,6654284457.0
4981,5131668045.0,Vascular Surgery,5131668045.0
4982,1547761887.0,Internal Medicine,7273255366.0
4983,8372755146.0,Podiatry,8372755146.0
4984,7383213464.0,Physical Medicine & Rehabilitation,9869805865.0
4985,8960015186.0,Psychiatry,3334122459.0
4986,4018696945.0,Cardiology,4018696945.0
4987,2828183125.0,Gastroenterology,2828183125.0
4988,-1.0,Endocrinology,3269449477.0
4989,8754311363.0,OB/GYN,8754311363.0
4990,1335079305.0,Physical Medicine & Rehabilitation,1335079305.0
4991,1697125957.0,Psychiatry,1697125957.0
4992,1686769699.0,General Surgery,5694705709.0
4993,8723309920.0,Neurology,-1.0
4994,8664882079.0,Oncology,8664882079.0
4995,1180236719.0,Plastic Surgery,3120097553.0
4996,9497566239.0,Primary Care,9497566239.0
4997,-1.0,Infectious Disease,6285907642.0
4998,7614877535.0,Primary Care,7614877535.0
4999,7587552692.0,Pathology,3266326865.0
5000,7361371066.0,Internal Medicine,7361371066.0
5001,2831670849.0,Emergency Medicine,8825170768.0
5002,9540125459.0,Pediatrics,9540125459.0
5003,5666504394.0,Emergency Medicine,1475176892.0
5004,9185395140.0,Podiatry,3300797643.0
5005,1311294850.0,Internal Medicine,9728106700.0
5006,2685438702.0,Allergy & Immunology,2685438702.0
5007,6901746164.0,Orthopedics,6901746164.0
5008,9576264323.0,Internal Medicine,9576264323.0
5009,5208760580.0,Internal Medicine,5208760580.0
5010,6164826959.0,Infectious Disease,6164826959.0
5011,3438830691.0,Dermatology,-1.0
5012,-1.0,Pulmonology,1230406745.0
5013,7071190983.0,Psychiatry,-1.0
5014,1620105058.0,Emergency Medicine,1620105058.0
5015,5048419646.0,Internal Medicine,5048419646.0
5016,1315708805.0,ENT,3749103276.0
5017,8729545019.0,General Surgery,8012017335.0
5018,-1.0,Gastroenterology,4060684968.0
5019,8463495033.0,Emergency Medicine,8463495033.0
5020,5933057363.0,ENT,6609932785.0
5021,7767538527.0,Vascular Surgery,7767538527.0
5022,5877754628.0,Dermatology,2392554231.0
5023,6604621025.0,Oncology,5560552668.0
5024,8380922117.0,Vascular Surgery,8380922117.0
5025,4246987462.0,OB/GYN,-1.0
5026,-1.0,Oncology,9093857039.0
5027,5333183840.0,Pathology,5333183840.0
5028,8663806541.0,Emergency Medicine,8663806541.0
5029,6944993484.0,Dermatology,6944993484.0
5030,9803662851.0,Orthopedics,8697587085.0
5031,9558091177.0,ENT,-1.0
5032,3826817688.0,Psychiatry,9858729945.0
5033,2856146197.0,Endocrinology,-1.0
5034,7022836757.0,Endocrinology,7022836757.0
5035,2469531322.0,Internal Medicine,2469531322.0
5036,4191328995.0,Allergy & Immunology,2828370456.0
5037,4139065533.0,Nephrology,4139065533.0
5038,2866672076.0,Family Medicine,2866672076.0
5039,1725783958.0,Urology,-1.0
5040,6423365390.0,Pediatrics,6850039777.0
5041,3471747857.0,Pediatrics,3471747857.0
5042,6700962623.0,Pulmonology,6700962623.0
5043,4287444025.0,Pediatrics,9055186664.0
5044,4578515141.0,Pediatrics,4578515141.0
5045,3641180615.0,Neurology,3641180615.0
5046,5580189368.0,Gastroenterology,5365170900.0
5047,3033747850.0,Orthopedics,3033747850.0
5048,9812287916.0,Vascular Surgery,-1.0
5049,2440977557.0,Orthopedics,6259022104.0
5050,1302291722.0,Cardiology,1302291722.0
5051,1712730078.0,Emergency Medicine,1712730078.0
5052,6249954653.0,Radiology,9176277695.0
5053,4631443296.0,Urology,4631443296.0
5054,1314538531.0,Physical Medicine & Rehabilitation,1359678897.0
5055,6945055430.0,Internal Medicine,6945055430.0
5056,-1.0,Vascular Surgery,6936078258.0
5057,8825222689.0,Pulmonology,8825222689.0
5058,3985929521.0,Orthopedics,3985929521.0
5059,1610899978.0,Family Medicine,1610899978.0
5060,7400268709.0,Plastic Surgery,7400268709.0
5061,6095203031.0,Plastic Surgery,6095203031.0
5062,1844191262.0,Orthopedics,1844191262.0
5063,5503148387.0,Infectious Disease,7705712877.0
5064,8828157532.0,Orthopedics,7798076664.0
5065,8593733652.0,Rheumatology,-1.0
5066,1998278217.0,Psychiatry,1998278217.0
5067,8363613204.0,Emergency Medicine,8363613204.0
5068,6567706517.0,Cardiology,7617238227.0
5069,3502618368.0,Radiology,5508554836.0
5070,1486068287.0,Urology,-1.0
5071,8055879794.0,Infectious Disease,4275108165.0
5072,2840524582.0,Urology,6968914613.0
5073,3613963144.0,ENT,3613963144.0
5074,3548153398.0,Cardiology,3548153398.0
5075,8548516672.0,Psychiatry,8251901206.0
5076,2237246941.0,Internal Medicine,2237246941.0
5077,7913447664.0,Neurology,7913447664.0
5078,2788007547.0,OB/GYN,1764109064.0
5079,2113457241.0,Urology,-1.0
5080,7299922974.0,Pulmonology,7299922974.0
5081,5823732987.0,Endocrinology,5823732987.0
5082,9993008031.0,Physical Medicine & Rehabilitation,9993008031.0
5083,8911097892.0,Neurology,8911097892.0
5084,7596745715.0,Family Medicine,7596745715.0
5085,5201221330.0,Infectious Disease,5201221330.0
5086,5903457537.0,General Surgery,9442321468.0
5087,3085816511.0,Endocrinology,-1.0
5088,3271782991.0,General Surgery,3271782991.0
5089,8373053113.0,Rheumatology,8373053113.0
5090,3301610601.0,Nephrology,3301610601.0
5091,7481239891.0,Ophthalmology,7481239891.0
5092,7148377945.0,Anesthesiology,7148377945.0
5093,3517436631.0,Gastroenterology,3517436631.0
5094,9621846170.0,Orthopedics,9621846170.0
5095,3544062728.0,General Surgery,3544062728.0
5096,1481747323.0,Primary Care,1332307223.0
5097,9846070530.0,Orthopedics,9846070530.0
5098,7379918941.0,Dermatology,5069130444.0
5099,7767115101.0,Anesthesiology,-1.0
5100,6676393078.0,Oncology,6676393078.0
5101,6939710069.0,Family Medicine,6939710069.0
5102,9995846146.0,Radiology,9995846146.0
5103,4180599722.0,Oncology,5576727494.0
5104,-1.0,Emergency Medicine,8600894452.0
5105,6760652905.0,Ophthalmology,6760652905.0
5106,2864809852.0,Gastroenterology,-1.0
5107,1363080786.0,Pediatrics,1363080786.0
5108,2724507231.0,Podiatry,2724507231.0
5109,8972064951.0,OB/GYN,6131129620.0
5110,2609740447.0,Primary Care,1687633424.0
5111,6667033327.0,Urology,6667033327.0
5112,3034708132.0,Family Medicine,3034708132.0
5113,8418324922.0,Ophthalmology,-1.0
5114,3415802569.0,General Surgery,3415802569.0
5115,4173059453.0,Allergy & Immunology,4173059453.0
5116,2058722336.0,Family Medicine,2058722336.0
5117,2959748415.0,Family Medicine,-1.0
5118,8281800690.0,Rheumatology,2911001439.0
5119,4374361321.0,Neurology,4374361321.0
5120,2450330956.0,Vascular Surgery,2450330956.0
5121,-1.0,Orthopedics,1684974506.0
5122,5752345738.0,Physical Medicine & Rehabilitation,5752345738.0
5123,7282518886.0,Ophthalmology,7282518886.0
5124,3479005489.0,Allergy & Immunology,3479005489.0
5125,3372845154.0,Gastroenterology,3372845154.0
5126,6557907251.0,Neurology,1379693500.0
5127,9751397719.0,General Surgery,9751397719.0
5128,9453047901.0,Radiology,9453047901.0
5129,4352342737.0,Emergency Medicine,4352342737.0
5130,1348560665.0,Podiatry,-1.0
5131,8902275119.0,Physical Medicine & Rehabilitation,4631854850.0
5132,2107104385.0,Urology,2107104385.0
5133,5047590087.0,Pulmonology,5047590087.0
5134,8504845123.0,Radiology,8504845123.0
5135,2301188571.0,Ophthalmology,2301188571.0
5136,5412340714.0,Rheumatology,5412340714.0
5137,8441782033.0,Pathology,2600187560.0
5138,8989903930.0,Anesthesiology,3037078091.0
5139,9820038293.0,Infectious Disease,2815274245.0
5140,7402836356.0,Psychiatry,7402836356.0
5141,3213198005.0,Vascular Surgery,3213198005.0
5142,2559069619.0,Oncology,4153077461.0
5143,2180484299.0,Primary Care,2180484299.0
5144,-1.0,Pulmonology,9765748489.0
5145,8084842984.0,Urology,8717709353.0
5146,8315017360.0,Physical Medicine & Rehabilitation,8315017360.0
5147,1646873524.0,Endocrinology,4207029444.0
5148,3461913325.0,Pulmonology,3617408388.0
5149,5880922736.0,Endocrinology,5880922736.0
5150,-1.0,Urology,2522451450.0
5151,2822195389.0,Pulmonology,2822195389.0
5152,4492574713.0,Family Medicine,4492574713.0
5153,6068201504.0,Vascular Surgery,8627150192.0
5154,8925439539.0,Podiatry,8925439539.0
5155,7514332909.0,Ophthalmology,7514332909.0
5156,1817657540.0,Emergency Medicine,1817657540.0
5157,6966093597.0,Family Medicine,6966093597.0
5158,4582381106.0,General Surgery,5089779167.0
5159,3748264952.0,Internal Medicine,3748264952.0
5160,5182657117.0,Neurology,5182657117.0
5161,7228098909.0,Urology,7228098909.0
5162,6157964035.0,Ophthalmology,6157964035.0
5163,5074682264.0,Primary Care,5074682264.0
5164,7900535594.0,ENT,-1.0
5165,7748222368.0,Psychiatry,7536660062.0
5166,3108657073.0,Vascular Surgery,3983379460.0
5167,4897147494.0,Infectious Disease,2847571498.0
5168,4217898231.0,Gastroenterology,4217898231.0
5169,1540933236.0,General Surgery,9271908883.0
5170,5622542051.0,Family Medicine,5622542051.0
5171,8849572476.0,Gastroenterology,8849572476.0
5172,8034135302.0,Vascular Surgery,8034135302.0
5173,2745484166.0,Family Medicine,2745484166.0
5174,1807753719.0,Vascular Surgery,1807753719.0
5175,1978142717.0,ENT,9771286336.0
5176,6556684476.0,Anesthesiology,6556684476.0
5177,3291226621.0,Orthopedics,3291226621.0
5178,9022086330.0,Plastic Surgery,9022086330.0
5179,7991219212.0,Pathology,-1.0
5180,1948039639.0,Gastroenterology,1948039639.0
5181,7961329511.0,Family Medicine,7961329511.0
5182,3979704282.0,Orthopedics,5550804577.0
5183,2062994474.0,Cardiology,2062994474.0
5184,7424832732.0,Anesthesiology,9872057149.0
5185,7055585266.0,Plastic Surgery,7055585266.0
5186,6545740371.0,Plastic Surgery,7818870353.0
5187,8645367105.0,Gastroenterology,-1.0
5188,-1.0,Infectious Disease,7312258096.0
5189,-1.0,Allergy & Immunology,1130341144.0
5190,4362655061.0,Pathology,4362655061.0
5191,-1.0,Allergy & Immunology,3557017961.0
5192,8601858850.0,Gastroenterology,2940589103.0
5193,9045090355.0,Physical Medicine & Rehabilitation,7808011372.0
5194,5513609342.0,Internal Medicine,2118317554.0
5195,7138527266.0,Primary Care,7138527266.0
5196,7164449870.0,Physical Medicine & Rehabilitation,7164449870.0
5197,9533188043.0,Psychiatry,8123295437.0
5198,-1.0,Oncology,5620905678.0
5199,8685192265.0,Plastic Surgery,8713284547.0
5200,5209622941.0,Pulmonology,5209622941.0
5201,3440428643.0,OB/GYN,3686696868.0
5202,9696467331.0,Nephrology,9696467331.0
5203,3296988157.0,OB/GYN,3296988157.0
5204,6850620764.0,Gastroenterology,6850620764.0
5205,7759044245.0,Plastic Surgery,7759044245.0
5206,6051515351.0,Psychiatry,1549962656.0
5207,4065041081.0,Rheumatology,4065041081.0
5208,7818994156.0,Endocrinology,7818994156.0
5209,3799033030.0,Urology,7154777742.0
5210,5573289604.0,Ophthalmology,5573289604.0
5211,8092416273.0,Orthopedics,8092416273.0
5212,8477189726.0,Pediatrics,8477189726.0
5213,7202504314.0,Physical Medicine & Rehabilitation,1904296565.0
5214,8215470878.0,Internal Medicine,8038294620.0
5215,8224997846.0,Internal Medicine,8224997846.0
5216,2472659626.0,Dermatology,2472659626.0
5217,7139882707.0,Ophthalmology,4107738770.0
5218,1641029050.0,Dermatology,1641029050.0
5219,4525691379.0,Podiatry,4525691379.0
5220,5607762160.0,Anesthesiology,-1.0
5221,4611071065.0,Neurology,4611071065.0
5222,7016703050.0,Dermatology,7016703050.0
5223,8382963909.0,Nephrology,8382963909.0
5224,1071808601.0,Allergy & Immunology,1071808601.0
5225,2278125276.0,Endocrinology,9703026916.0
5226,6139905102.0,Pediatrics,5365211385.0
5227,2986099771.0,Podiatry,2073257719.0
5228,2256061186.0,Neurology,8986845247.0
5229,1696987256.0,OB/GYN,1696987256.0
5230,9927773709.0,Cardiology,5363126079.0
5231,3188314650.0,Cardiology,3188314650.0
5232,-1.0,Allergy & Immunology,-1.0
5233,8878855674.0,Pulmonology,8755817011.0
5234,2044268979.0,Internal Medicine,-1.0
5235,1938073909.0,Infectious Disease,1938073909.0
5236,3691344010.0,Cardiology,3691344010.0
5237,3057422183.0,Endocrinology,8548405724.0
5238,4391278116.0,General Surgery,-1.0
5239,-1.0,Primary Care,5770021198.0
5240,7702529931.0,Radiology,7702529931.0
5241,-1.0,Pulmonology,9578765209.0
5242,4852002754.0,Urology,4835769734.0
5243,-1.0,Psychiatry,6935452850.0
5244,8704389725.0,ENT,-1.0
5245,9948270490.0,Vascular Surgery,9948270490.0
5246,9927555585.0,Primary Care,3248892128.0
5247,6957546450.0,Anesthesiology,6405297783.0
5248,5762623796.0,Radiology,-1.0
5249,1429991715.0,Orthopedics,1429991715.0
5250,6441764814.0,Oncology,6441764814.0
5251,4364538913.0,Physical Medicine & Rehabilitation,2877502900.0
5252,6683977453.0,Allergy & Immunology,2711473498.0
5253,5881210029.0,Vascular Surgery,5881210029.0
5254,6219025091.0,Podiatry,8640507094.0
5255,2638454852.0,Physical Medicine & Rehabilitation,2638454852.0
5256,9371391276.0,Nephrology,9371391276.0
5257,8663887985.0,Pathology,8663887985.0
5258,-1.0,Radiology,7339547188.0
5259,6386588982.0,Oncology,1475931407.0
5260,5150074940.0,Allergy & Immunology,5184349581.0
5261,2552657410.0,Cardiology,2552657410.0
5262,-1.0,Cardiology,1347433765.0
5263,8098813239.0,Emergency Medicine,8098813239.0
5264,9030057713.0,Pediatrics,6332939575.0
5265,8708728501.0,Rheumatology,8708728501.0
5266,4352600847.0,Nephrology,4352600847.0
5267,-1.0,Urology,3946369486.0
5268,1654477195.0,Anesthesiology,1654477195.0
5269,2892818922.0,Nephrology,6142026497.0
5270,9927495769.0,Family Medicine,8586899528.0
5271,5558104244.0,Pulmonology,5558104244.0
5272,1736259025.0,Internal Medicine,1736259025.0
5273,7537228950.0,Internal Medicine,7537228950.0
5274,6741675770.0,Ophthalmology,6741675770.0
5275,5683197659.0,Infectious Disease,-1.0
5276,8089408263.0,Pulmonology,8089408263.0
5277,-1.0,Emergency Medicine,7770680211.0
5278,8705134595.0,Rheumatology,8705134595.0
5279,8082107065.0,Radiology,8082107065.0
5280,4198364980.0,Nephrology,4198364980.0
5281,9886818084.0,Urology,2416096027.0
5282,9043115665.0,Plastic Surgery,9043115665.0
5283,2241558681.0,Infectious Disease,2241558681.0
5284,9082125721.0,Allergy & Immunology,1341231751.0
5285,9908142289.0,Dermatology,9908142289.0
5286,1630802706.0,General Surgery,1630802706.0
5287,-1.0,Family Medicine,9747183427.0
5288,5860603268.0,Psychiatry,5919970378.0
5289,1683832465.0,Rheumatology,1683832465.0
5290,1179276130.0,Pediatrics,1179276130.0
5291,8279577736.0,Orthopedics,7092067328.0
5292,2619490213.0,Endocrinology,2619490213.0
5293,4839649408.0,Gastroenterology,9271724369.0
5294,1112794026.0,Family Medicine,3913920764.0
5295,9987890889.0,Anesthesiology,-1.0
5296,5443372171.0,Oncology,5443372171.0
5297,-1.0,Pathology,9397526641.0
5298,5959722992.0,Oncology,5959722992.0
5299,4218022734.0,Physical Medicine & Rehabilitation,1572114972.0
5300,7924750205.0,Plastic Surgery,7924750205.0
5301,8232523707.0,Anesthesiology,3414433614.0
5302,2086680310.0,Pulmonology,2086680310.0
5303,5187948804.0,Pediatrics,4758873235.0
5304,8179523506.0,Nephrology,-1.0
5305,9522965428.0,Physical Medicine & Rehabilitation,7189860379.0
5306,3383006544.0,Ophthalmology,3383006544.0
5307,9812274410.0,Radiology,9812274410.0
5308,4969210194.0,Psychiatry,4969210194.0
5309,1662259333.0,Ophthalmology,1662259333.0
5310,1661022312.0,Family Medicine,1661022312.0
5311,8735667403.0,Pulmonology,2986867636.0
5312,1248786714.0,Oncology,1248786714.0
5313,-1.0,Plastic Surgery,9483102271.0
5314,4703402229.0,Endocrinology,-1.0
5315,3237361243.0,Infectious Disease,3237361243.0
5316,1471832735.0,Psychiatry,1539124559.0
5317,4257677900.0,Orthopedics,4257677900.0
5318,2541015125.0,Infectious Disease,-1.0
5319,9799614347.0,Psychiatry,-1.0
5320,3989035292.0,Cardiology,8948048312.0
5321,-1.0,Dermatology,8471499716.0
5322,-1.0,Nephrology,5792618603.0
5323,1884285029.0,OB/GYN,4856495710.0
5324,2458753174.0,Pathology,4102084126.0
5325,6211604267.0,Cardiology,-1.0
5326,7239376653.0,Urology,7239376653.0
5327,4344458177.0,Allergy & Immunology,4344458177.0
5328,1529710537.0,Oncology,1529710537.0
5329,2996528430.0,Gastroenterology,2996528430.0
5330,3778169444.0,OB/GYN,3778169444.0
5331,2346827425.0,General Surgery,2346827425.0
5332,8854238082.0,Plastic Surgery,-1.0
5333,1275257124.0,Podiatry,7846537992.0
5334,5275521470.0,Endocrinology,5275521470.0
5335,4964528773.0,Physical Medicine & Rehabilitation,4964528773.0
5336,-1.0,Vascular Surgery,7924434374.0
5337,-1.0,Pediatrics,7330734943.0
5338,4268302525.0,Cardiology,4268302525.0
5339,8047877267.0,Allergy & Immunology,8047877267.0
5340,9061246812.0,Emergency Medicine,9061246812.0
5341,7006192917.0,Plastic Surgery,7006192917.0
5342,8924675684.0,Allergy & Immunology,8924675684.0
5343,8123984285.0,Plastic Surgery,7869835648.0
5344,4008689653.0,Pathology,4008689653.0
5345,-1.0,Pathology,9924243978.0
5346,7099816416.0,Dermatology,8539385291.0
5347,4612858179.0,Physical Medicine & Rehabilitation,4612858179.0
5348,5925840748.0,Cardiology,5925840748.0
5349,5515344181.0,Orthopedics,5515344181.0
5350,6697839141.0,Cardiology,1836045108.0
5351,7593731031.0,Dermatology,7593731031.0
5352,5776996939.0,Orthopedics,-1.0
5353,7365769418.0,Radiology,7365769418.0
5354,1691910650.0,Nephrology,5245126671.0
5355,8525455135.0,Infectious Disease,8525455135.0
5356,7038046278.0,Urology,7038046278.0
5357,2798647685.0,OB/GYN,2798647685.0
5358,-1.0,Emergency Medicine,8150711683.0
5359,8835648861.0,Vascular Surgery,7994488200.0
5360,5718479235.0,Cardiology,5718479235.0
5361,7007105938.0,Gastroenterology,-1.0
5362,1980034265.0,Allergy & Immunology,3001612721.0
5363,9862657724.0,OB/GYN,9862657724.0
5364,6233820216.0,Psychiatry,4078517828.0
5365,4705075086.0,Physical Medicine & Rehabilitation,4705075086.0
5366,3025030698.0,Pulmonology,8754694173.0
5367,7961157598.0,Primary Care,-1.0
5368,9226229353.0,Nephrology,9226229353.0
5369,4163119785.0,Pediatrics,4163119785.0
5370,8968734873.0,Endocrinology,8968734873.0
5371,2742618570.0,Infectious Disease,2742618570.0
5372,8970258559.0,Radiology,8970258559.0
5373,6636754911.0,Allergy & Immunology,6942290086.0
5374,-1.0,Nephrology,7661679677.0
5375,2606152369.0,Primary Care,-1.0
5376,6511766895.0,Rheumatology,-1.0
5377,8055969234.0,Plastic Surgery,8055969234.0
5378,7007120883.0,OB/GYN,7007120883.0
5379,4092870576.0,Urology,4092870576.0
5380,7376034192.0,Anesthesiology,7376034192.0
5381,5784066091.0,Rheumatology,5784066091.0
5382,3423086220.0,Podiatry,3423086220.0
5383,3575311720.0,OB/GYN,3575311720.0
5384,1509369768.0,Cardiology,1509369768.0
5385,1164565091.0,Rheumatology,1164565091.0
5386,5397157474.0,Pathology,5397157474.0
5387,1555426027.0,Infectious Disease,1555426027.0
5388,6850950579.0,OB/GYN,6850950579.0
5389,4706611053.0,Gastroenterology,8532571985.0
5390,-1.0,Rheumatology,4188138565.0
5391,8091528345.0,Nephrology,8091528345.0
5392,-1.0,Emergency Medicine,9471284586.0
5393,-1.0,Dermatology,1332568609.0
5394,7044182517.0,Internal Medicine,-1.0
5395,7473868020.0,Neurology,7473868020.0
5396,4353215401.0,Orthopedics,7563121230.0
5397,7732588366.0,Oncology,7732588366.0
5398,9989406946.0,Podiatry,3476585741.0
5399,7830360182.0,Gastroenterology,7830360182.0
5400,4732356431.0,Nephrology,2672042699.0
5401,7403540599.0,Urology,6058342973.0
5402,2661614934.0,Urology,2661614934.0
5403,9964058927.0,Endocrinology,6226352739.0
5404,8088683067.0,Family Medicine,2957335835.0
5405,3905778118.0,Allergy & Immunology,3905778118.0
5406,2308423044.0,Allergy & Immunology,9822374704.0
5407,5858456593.0,ENT,5858456593.0
5408,4236149857.0,Neurology,7469360075.0
5409,8562837321.0,Dermatology,8562837321.0
5410,8788895724.0,Endocrinology,1942964122.0
5411,4079453436.0,Allergy & Immunology,5114209952.0
5412,1625428429.0,Radiology,1625428429.0
5413,6718253957.0,ENT,3630103298.0
5414,1123179307.0,Primary Care,1123179307.0
5415,8525623511.0,Radiology,8525623511.0
5416,4037606871.0,Vascular Surgery,4037606871.0
5417,7083352473.0,Cardiology,4623032406.0
5418,9113165802.0,General Surgery,9113165802.0
5419,8620574752.0,Rheumatology,3409724895.0
5420,1051354601.0,Family Medicine,1051354601.0
5421,3314030436.0,Infectious Disease,3314030436.0
5422,5349214297.0,Pathology,8372390871.0
5423,1085507405.0,Infectious Disease,6491589453.0
5424,7851516382.0,Family Medicine,7851516382.0
5425,3252209366.0,Emergency Medicine,3252209366.0
5426,2298229437.0,Orthopedics,6124058790.0
5427,4892242047.0,Urology,8392293648.0
5428,2289506253.0,Pulmonology,2289506253.0
5429,2648079302.0,Nephrology,-1.0
5430,1116402431.0,Psychiatry,1116402431.0
5431,9415119956.0,Neurology,4015829865.0
5432,5028593026.0,Plastic Surgery,2653170484.0
5433,-1.0,Primary Care,6977205339.0
5434,7747301617.0,Rheumatology,-1.0
5435,-1.0,General Surgery,3270215803.0
5436,5939592594.0,Oncology,5939592594.0
5437,9311053254.0,Podiatry,9311053254.0
5438,4500105668.0,Oncology,4500105668.0
5439,-1.0,Family Medicine,8123052977.0
5440,-1.0,Neurology,7441140696.0
5441,8619949665.0,General Surgery,8619949665.0
5442,4654669932.0,Cardiology,4654669932.0
5443,7502144996.0,Vascular Surgery,7502144996.0
5444,3075769888.0,Infectious Disease,3075769888.0
5445,3944633862.0,Cardiology,3944633862.0
5446,-1.0,Neurology,1081309201.0
5447,8111611033.0,Orthopedics,-1.0
5448,5881494441.0,Oncology,5881494441.0
5449,6339955011.0,Physical Medicine & Rehabilitation,6339955011.0
5450,2350197673.0,Ophthalmology,8170085988.0
5451,9003733204.0,Infectious Disease,9003733204.0
5452,-1.0,Rheumatology,8510506350.0
5453,5289560050.0,Anesthesiology,2568231758.0
5454,1442290533.0,Podiatry,1442290533.0
5455,5514851131.0,Vascular Surgery,5514851131.0
5456,2239829538.0,Nephrology,2239829538.0
5457,4224296509.0,Gastroenterology,4224296509.0
5458,1135196254.0,Vascular Surgery,5906084251.0
5459,3792511382.0,Physical Medicine & Rehabilitation,7446736341.0
5460,1633885220.0,Plastic Surgery,1633885220.0
5461,9149673063.0,Dermatology,9149673063.0
5462,7624845382.0,General Surgery,7624845382.0
5463,8964296379.0,General Surgery,1709624308.0
5464,4395692712.0,Vascular Surgery,2538301973.0
5465,4318186851.0,Rheumatology,4318186851.0
5466,6868686656.0,General Surgery,-1.0
5467,1896820343.0,Vascular Surgery,-1.0
5468,1959232992.0,Anesthesiology,1959232992.0
5469,5238037402.0,Ophthalmology,5238037402.0
5470,3476426797.0,Plastic Surgery,3476426797.0
5471,9212384499.0,Podiatry,9212384499.0
5472,9150660834.0,Emergency Medicine,9150660834.0
5473,8063812593.0,General Surgery,8063812593.0
5474,9716873396.0,Anesthesiology,9716873396.0
5475,5729982396.0,Plastic Surgery,5729982396.0
5476,6510997463.0,Anesthesiology,-1.0
5477,6582923749.0,Allergy & Immunology,6582923749.0
5478,7473919076.0,Infectious Disease,7473919076.0
5479,7393195616.0,Rheumatology,6468353545.0
5480,6774128207.0,Internal Medicine,6774128207.0
5481,5955274284.0,Internal Medicine,5955274284.0
5482,9793742084.0,Physical Medicine & Rehabilitation,9793742084.0
5483,6955247915.0,Rheumatology,6955247915.0
5484,5197173007.0,Neurology,7801808008.0
5485,2014911848.0,Physical Medicine & Rehabilitation,7341406033.0
5486,1436486303.0,Radiology,1436486303.0
5487,3994452858.0,Podiatry,2052141549.0
5488,-1.0,Neurology,5007558776.0
5489,-1.0,Orthopedics,8801332977.0
5490,-1.0,Podiatry,6830144919.0
5491,6933565700.0,Vascular Surgery,6933565700.0
5492,1213807965.0,Infectious Disease,-1.0
5493,1963110410.0,Nephrology,2983987232.0
5494,3188323708.0,Cardiology,4335117809.0
5495,-1.0,ENT,5175074248.0
5496,1270220402.0,General Surgery,1270220402.0
5497,-1.0,Vascular Surgery,1698989552.0
5498,8063693463.0,Pathology,8063693463.0
5499,-1.0,Podiatry,7554945913.0
5500,7288979783.0,Nephrology,6025680983.0
5501,6217459270.0,Pulmonology,6217459270.0
5502,8881985746.0,Plastic Surgery,4279916677.0
5503,-1.0,Primary Care,8459026020.0
5504,1251625882.0,Ophthalmology,-1.0
5505,5802745844.0,Neurology,7620149130.0
5506,5272820152.0,General Surgery,6037761257.0
5507,-1.0,ENT,9078155834.0
5508,9202582000.0,Orthopedics,5297315425.0
5509,6006099457.0,Allergy & Immunology,-1.0
5510,9008612465.0,Radiology,7907686572.0
5511,9129026739.0,Family Medicine,9129026739.0
5512,8846920528.0,Cardiology,8846920528.0
5513,4141274441.0,Allergy & Immunology,8162607486.0
5514,-1.0,Pediatrics,6552184869.0
5515,6383227541.0,Gastroenterology,9246807285.0
5516,2128713445.0,Psychiatry,2128713445.0
5517,2024939794.0,Physical Medicine & Rehabilitation,2024939794.0
5518,1977515194.0,General Surgery,1977515194.0
5519,2007733711.0,Anesthesiology,2007733711.0
5520,3459263595.0,Plastic Surgery,3459263595.0
5521,-1.0,Anesthesiology,-1.0
5522,2065031404.0,Gastroenterology,2065031404.0
5523,8652281649.0,ENT,8652281649.0
5524,5706697045.0,Orthopedics,5706697045.0
5525,3881675356.0,Pathology,5454229632.0
5526,8580552734.0,Family Medicine,2529784067.0
5527,5182110973.0,OB/GYN,5182110973.0
5528,7747456639.0,Physical Medicine & Rehabilitation,3027940578.0
5529,6610939962.0,Urology,6610939962.0
5530,-1.0,Endocrinology,7523681065.0
5531,3680351058.0,Emergency Medicine,3680351058.0
5532,9179548009.0,Pathology,9179548009.0
5533,-1.0,Anesthesiology,9124910329.0
5534,2003179826.0,Anesthesiology,2003179826.0
5535,8667408204.0,Pulmonology,8667408204.0
5536,9346076006.0,Anesthesiology,-1.0
5537,1580918448.0,Neurology,1580918448.0
5538,1700204852.0,OB/GYN,1700204852.0
5539,-1.0,Psychiatry,2411844389.0
5540,1947739357.0,Plastic Surgery,5119398073.0
5541,6923206003.0,Dermatology,6923206003.0
5542,8424513063.0,OB/GYN,8424513063.0
5543,3224597355.0,Primary Care,-1.0
5544,1793847567.0,Radiology,1793847567.0
5545,8236361108.0,Nephrology,4448744015.0
5546,5140278209.0,Oncology,2636869268.0
5547,1662552006.0,Radiology,1662552006.0
5548,5154717862.0,Internal Medicine,-1.0
5549,2912407355.0,Psychiatry,2912407355.0
5550,5746911190.0,Emergency Medicine,5746911190.0
5551,9809655189.0,Psychiatry,4695261236.0
5552,8163309371.0,Plastic Surgery,8163309371.0
5553,9168258531.0,Rheumatology,8983964211.0
5554,4437174078.0,Allergy & Immunology,-1.0
5555,2768499634.0,Cardiology,2768499634.0
5556,8325785916.0,Nephrology,8325785916.0
5557,1693063999.0,Pediatrics,1693063999.0
5558,7406726525.0,Podiatry,7406726525.0
5559,9711293507.0,Primary Care,7233332310.0
5560,7752397545.0,General Surgery,7752397545.0
5561,-1.0,Endocrinology,3093419287.0
5562,8781527616.0,Nephrology,8781527616.0
5563,6251330715.0,Podiatry,6251330715.0
5564,5974930815.0,Psychiatry,5974930815.0
5565,-1.0,Gastroenterology,6384861002.0
5566,3021598245.0,Vascular Surgery,3320975009.0
5567,8615681871.0,Endocrinology,-1.0
5568,1717264984.0,Pediatrics,2110517587.0
5569,4349651569.0,Rheumatology,4349651569.0
5570,1558292529.0,Oncology,1558292529.0
5571,5643131245.0,Cardiology,5643131245.0
5572,2064746525.0,Family Medicine,2064746525.0
5573,8117478955.0,Physical Medicine & Rehabilitation,-1.0
5574,5469254386.0,Allergy & Immunology,5469254386.0
5575,1603701279.0,General Surgery,1603701279.0
5576,-1.0,Emergency Medicine,8607135564.0
5577,-1.0,Neurology,8120804545.0
5578,-1.0,Cardiology,7691077708.0
5579,-1.0,Gastroenterology,5935043453.0
5580,4514830868.0,Psychiatry,4514830868.0
5581,5579445057.0,Nephrology,9089908763.0
5582,6884333221.0,Orthopedics,6884333221.0
5583,2060940014.0,General Surgery,2060940014.0
5584,9621245992.0,Podiatry,9621245992.0
5585,6059076790.0,Ophthalmology,8077552925.0
5586,1211722336.0,Psychiatry,1211722336.0
5587,8041246170.0,Nephrology,8041246170.0
5588,3162277965.0,Allergy & Immunology,7873391353.0
5589,8544958420.0,Nephrology,8544958420.0
5590,3814528616.0,General Surgery,-1.0
5591,2476678923.0,Endocrinology,-1.0
5592,4628148396.0,Podiatry,4628148396.0
5593,1768672336.0,Oncology,3030531411.0
5594,7103045555.0,Infectious Disease,4901497284.0
5595,4996418682.0,Ophthalmology,4996418682.0
5596,4115960020.0,Psychiatry,2936851587.0
5597,5560712830.0,Urology,5560712830.0
5598,9237475801.0,Neurology,3458027802.0
5599,-1.0,Plastic Surgery,9182500449.0
5600,5893271373.0,Primary Care,4943293018.0
5601,-1.0,Infectious Disease,3469178881.0
5602,6580427322.0,Allergy & Immunology,-1.0
5603,5100282913.0,Psychiatry,5100282913.0
5604,1259025044.0,Dermatology,4418085530.0
5605,3041545544.0,Internal Medicine,3041545544.0
5606,-1.0,Family Medicine,9769945582.0
5607,3944314782.0,Podiatry,3944314782.0
5608,3120480340.0,OB/GYN,3120480340.0
5609,7939111649.0,Urology,3906250434.0
5610,-1.0,Pulmonology,7577148845.0
5611,3879884113.0,Podiatry,3879884113.0
5612,5258488042.0,OB/GYN,5258488042.0
5613,6761084958.0,Cardiology,6761084958.0
5614,9798289219.0,Infectious Disease,-1.0
5615,2136107759.0,Anesthesiology,2136107759.0
5616,2471982906.0,General Surgery,8813394942.0
5617,4590487682.0,Anesthesiology,2885818519.0
5618,3138808618.0,Endocrinology,3138808618.0
5619,7597520265.0,Vascular Surgery,7597520265.0
5620,9082423578.0,Pulmonology,9082423578.0
5621,2641495985.0,Nephrology,2641495985.0
5622,2349641712.0,Internal Medicine,2349641712.0
5623,8788600364.0,Pulmonology,8117798061.0
5624,-1.0,Emergency Medicine,5254054712.0
5625,-1.0,Psychiatry,6087514694.0
5626,6194891235.0,Primary Care,6194891235.0
5627,3768898601.0,Infectious Disease,8322011230.0
5628,8772439061.0,Internal Medicine,8772439061.0
5629,4738696633.0,Allergy & Immunology,4738696633.0
5630,3547672267.0,ENT,9405436792.0
5631,7357720900.0,Pulmonology,3692727308.0
5632,3744581207.0,Nephrology,3744581207.0
5633,5225369518.0,Orthopedics,5225369518.0
5634,9770230531.0,Plastic Surgery,1967749032.0
5635,9987076966.0,OB/GYN,4494403634.0
5636,7778883020.0,Ophthalmology,-1.0
5637,7673831101.0,Cardiology,7673831101.0
5638,5925261147.0,Urology,-1.0
5639,4642197907.0,Endocrinology,4642197907.0
5640,-1.0,Primary Care,8564882008.0
5641,9142048856.0,Cardiology,2650206183.0
5642,4217320974.0,Gastroenterology,4217320974.0
5643,6717441860.0,Plastic Surgery,2555732824.0
5644,1327569745.0,Physical Medicine & Rehabilitation,7458180424.0
5645,8684846286.0,Orthopedics,8684846286.0
5646,6471137635.0,Emergency Medicine,6471137635.0
5647,9556341214.0,Endocrinology,9556341214.0
5648,7668993278.0,Orthopedics,2656410692.0
5649,3459034771.0,OB/GYN,9493793715.0
5650,5594447367.0,Allergy & Immunology,5594447367.0
5651,4665417862.0,Neurology,4665417862.0
5652,-1.0,Anesthesiology,2654584280.0
5653,-1.0,Vascular Surgery,4636227602.0
5654,7139154182.0,Cardiology,4610751734.0
5655,1038461161.0,Oncology,1038461161.0
5656,8339541797.0,Plastic Surgery,8339541797.0
5657,5569378780.0,Emergency Medicine,5569378780.0
5658,3226892666.0,Ophthalmology,3226892666.0
5659,2671005087.0,Nephrology,2671005087.0
5660,8329312966.0,Physical Medicine & Rehabilitation,9271581615.0
5661,6728563635.0,Family Medicine,2891651982.0
5662,6000009225.0,Family Medicine,6000009225.0
5663,-1.0,Pulmonology,4898351305.0
5664,4872521694.0,Vascular Surgery,4872521694.0
5665,8269331531.0,Pathology,8269331531.0
5666,-1.0,Neurology,3574806465.0
5667,5373945362.0,Nephrology,5373945362.0
5668,5436263695.0,Gastroenterology,5436263695.0
5669,4271332825.0,Physical Medicine & Rehabilitation,4271332825.0
5670,3172333857.0,Pediatrics,3172333857.0
5671,4021322191.0,Pediatrics,4046723812.0
5672,8033702319.0,Gastroenterology,-1.0
5673,5202070490.0,Endocrinology,8438660579.0
5674,1829270292.0,Dermatology,1829270292.0
5675,9271820759.0,Nephrology,9271820759.0
5676,7248352168.0,Family Medicine,7248352168.0
5677,8936231850.0,Anesthesiology,8936231850.0
5678,5618742930.0,Oncology,5618742930.0
5679,1769945233.0,Cardiology,9323754958.0
5680,7988390920.0,Podiatry,-1.0
5681,8116730554.0,Internal Medicine,5025534662.0
5682,7550842481.0,Pathology,7817636995.0
5683,7007632571.0,Allergy & Immunology,7007632571.0
5684,6878765818.0,Infectious Disease,-1.0
5685,9935429720.0,Gastroenterology,9935429720.0
5686,7548060314.0,Orthopedics,3566386212.0
5687,2315949012.0,Dermatology,2315949012.0
5688,5990610098.0,Orthopedics,-1.0
5689,6196373651.0,Oncology,4648979636.0
5690,4980273734.0,Anesthesiology,4980273734.0
5691,6054421752.0,OB/GYN,6054421752.0
5692,4006956201.0,Pulmonology,4006956201.0
5693,4332812468.0,Radiology,4332812468.0
5694,5363851896.0,Internal Medicine,1306308106.0
5695,3758941857.0,General Surgery,3758941857.0
5696,7832428440.0,Physical Medicine & Rehabilitation,5725657156.0
5697,2367590223.0,Infectious Disease,2367590223.0
5698,3113921661.0,Radiology,3113921661.0
5699,3276073600.0,Endocrinology,3276073600.0
5700,2164270893.0,Orthopedics,2164270893.0
5701,-1.0,Emergency Medicine,8472624728.0
5702,6556177919.0,Rheumatology,6556177919.0
5703,9121739999.0,Allergy & Immunology,9121739999.0
5704,-1.0,Podiatry,6327467529.0
5705,8233017721.0,Internal Medicine,8233017721.0
5706,7985763912.0,Psychiatry,6992679395.0
5707,6272376975.0,Neurology,8984629070.0
5708,1303727064.0,ENT,5574062349.0
5709,9733937073.0,Dermatology,9733937073.0
5710,1825904244.0,Endocrinology,1825904244.0
5711,7256128844.0,OB/GYN,7256128844.0
5712,3842576217.0,Vascular Surgery,3842576217.0
5713,5270013445.0,Neurology,3754049892.0
5714,3748123067.0,Ophthalmology,3748123067.0
5715,7640296994.0,Nephrology,7640296994.0
5716,-1.0,Primary Care,3840004195.0
5717,6050081855.0,Podiatry,-1.0
5718,7175608725.0,Anesthesiology,7175608725.0
5719,6262322526.0,Cardiology,6262322526.0
5720,-1.0,Primary Care,5551169498.0
5721,1291892607.0,Nephrology,1291892607.0
5722,8173711511.0,OB/GYN,8173711511.0
5723,-1.0,Pediatrics,1692044390.0
5724,4002968632.0,Urology,-1.0
5725,2366484208.0,Gastroenterology,-1.0
5726,2526788512.0,Primary Care,2526788512.0
5727,5877651085.0,Pulmonology,5231984569.0
5728,6299164332.0,Podiatry,6299164332.0
5729,2873593613.0,Physical Medicine & Rehabilitation,2873593613.0
5730,9441699194.0,Allergy & Immunology,9441699194.0
5731,4173554352.0,Cardiology,4173554352.0
5732,8440978302.0,OB/GYN,1648629662.0
5733,8052469993.0,Orthopedics,4871225004.0
5734,3483321097.0,Vascular Surgery,5212514902.0
5735,9344080961.0,Physical Medicine & Rehabilitation,5689092159.0
5736,9003959750.0,Neurology,9003959750.0
5737,6846936493.0,Primary Care,6846936493.0
5738,9335224859.0,Family Medicine,9335224859.0
5739,4886114514.0,Gastroenterology,9127114830.0
5740,1418527641.0,Infectious Disease,1418527641.0
5741,9566196425.0,Allergy & Immunology,9566196425.0
5742,6128876188.0,Cardiology,6128876188.0
5743,8154915382.0,Podiatry,6511003132.0
5744,5505758721.0,Oncology,5505758721.0
5745,2678448660.0,Orthopedics,2678448660.0
5746,-1.0,ENT,2928130926.0
5747,7347827402.0,Radiology,7347827402.0
5748,4430553734.0,General Surgery,4430553734.0
5749,2255494061.0,ENT,2255494061.0
5750,8334436459.0,ENT,8334436459.0
5751,1326139851.0,Physical Medicine & Rehabilitation,1326139851.0
5752,2604063728.0,General Surgery,2604063728.0
5753,4372469277.0,Allergy & Immunology,7287353700.0
5754,4822197299.0,Nephrology,5365070601.0
5755,4218981849.0,Anesthesiology,4218981849.0
5756,8524105278.0,OB/GYN,1584712473.0
5757,6019528646.0,Plastic Surgery,6019528646.0
5758,6518657187.0,Rheumatology,8902189729.0
5759,7392485211.0,Primary Care,7392485211.0
5760,3045022489.0,Internal Medicine,7115678476.0
5761,8171018617.0,General Surgery,8171018617.0
5762,6241566716.0,Anesthesiology,6241566716.0
5763,9197541834.0,Pediatrics,9197541834.0
5764,8154019010.0,General Surgery,-1.0
5765,7168105904.0,Physical Medicine & Rehabilitation,7168105904.0
5766,9604627456.0,Psychiatry,9604627456.0
5767,6794363716.0,General Surgery,6794363716.0
5768,2766432718.0,Podiatry,8673642364.0
5769,9659161630.0,Dermatology,9659161630.0
5770,4274958945.0,Neurology,4274958945.0
5771,9582314129.0,Family Medicine,9582314129.0
5772,9162929173.0,Family Medicine,7053773327.0
5773,3144490990.0,Rheumatology,3144490990.0
5774,1819971340.0,General Surgery,1819971340.0
5775,7917454662.0,Gastroenterology,5171415556.0
5776,-1.0,Physical Medicine & Rehabilitation,7367038689.0
5777,7266170179.0,Ophthalmology,7266170179.0
5778,8404418865.0,Psychiatry,8404418865.0
5779,8616379926.0,Vascular Surgery,8616379926.0
5780,5205879645.0,Emergency Medicine,5205879645.0
5781,6150036816.0,Internal Medicine,1415140231.0
5782,4234059678.0,Allergy & Immunology,4270923172.0
5783,-1.0,Oncology,8541106039.0
5784,3376077463.0,Plastic Surgery,3376077463.0
5785,-1.0,Pediatrics,5909071222.0
5786,8492981900.0,Infectious Disease,8492981900.0
5787,8420593005.0,Psychiatry,8420593005.0
5788,9977085483.0,Emergency Medicine,4433502144.0
5789,5523465800.0,Dermatology,2683757353.0
5790,7013236576.0,Dermatology,7417055108.0
5791,6676525272.0,OB/GYN,6676525272.0
5792,-1.0,Cardiology,4679772143.0
5793,2151083277.0,Oncology,2151083277.0
5794,4859070910.0,Internal Medicine,4859070910.0
5795,5084320126.0,Nephrology,1341611359.0
5796,2213412237.0,Gastroenterology,2213412237.0
5797,7918124590.0,Anesthesiology,7918124590.0
5798,4427030904.0,Nephrology,3396615733.0
5799,1225685630.0,General Surgery,1225685630.0
5800,-1.0,OB/GYN,7696758491.0
5801,6926328391.0,Family Medicine,9176605108.0
5802,3772707308.0,Physical Medicine & Rehabilitation,3772707308.0
5803,-1.0,Emergency Medicine,2338991451.0
5804,-1.0,Endocrinology,5771235243.0
5805,-1.0,Vascular Surgery,7970005322.0
5806,-1.0,Emergency Medicine,1456886292.0
5807,-1.0,OB/GYN,3956147725.0
5808,3654191036.0,Pulmonology,3654191036.0
5809,5157148297.0,Gastroenterology,5157148297.0
5810,7928074841.0,Podiatry,7928074841.0
5811,4878090313.0,Plastic Surgery,7377152839.0
5812,4597040552.0,OB/GYN,4597040552.0
5813,7177331154.0,Rheumatology,8302026954.0
5814,4755937285.0,Allergy & Immunology,4755937285.0
5815,8834841054.0,Family Medicine,6775274233.0
5816,2826411454.0,Rheumatology,2010152061.0
5817,7356353895.0,Plastic Surgery,7356353895.0
5818,7961932703.0,Gastroenterology,7961932703.0
5819,6371672040.0,Family Medicine,6037916859.0
5820,6392689702.0,Radiology,-1.0
5821,-1.0,Cardiology,8812379273.0
5822,5909505663.0,Physical Medicine & Rehabilitation,5909505663.0
5823,7278829740.0,Physical Medicine & Rehabilitation,7278829740.0
5824,-1.0,Pediatrics,8273843754.0
5825,4613425662.0,Emergency Medicine,-1.0
5826,9564059626.0,Internal Medicine,-1.0
5827,1066970190.0,Ophthalmology,1066970190.0
5828,4152835101.0,Radiology,4152835101.0
5829,1463390201.0,Vascular Surgery,1463390201.0
5830,1814502461.0,ENT,-1.0
5831,2587135848.0,Primary Care,2587135848.0
5832,5844171168.0,OB/GYN,8854122161.0
5833,-1.0,Endocrinology,2814173307.0
5834,1376680187.0,Podiatry,1376680187.0
5835,-1.0,Rheumatology,8519962896.0
5836,1774397042.0,Family Medicine,7768284901.0
5837,5825776872.0,Cardiology,5416434467.0
5838,5343911135.0,Gastroenterology,9045296896.0
5839,5061301320.0,Pulmonology,5061301320.0
5840,1802033838.0,Vascular Surgery,1802033838.0
5841,6125551262.0,Pathology,3738125200.0
5842,3467555855.0,Physical Medicine & Rehabilitation,3467555855.0
5843,5357436824.0,Radiology,5357436824.0
5844,8172763300.0,Vascular Surgery,8172763300.0
5845,6827778245.0,Emergency Medicine,6827778245.0
5846,3611848902.0,Emergency Medicine,3611848902.0
5847,8995059760.0,Rheumatology,8995059760.0
5848,1636755414.0,Orthopedics,1636755414.0
5849,3768901084.0,Rheumatology,3768901084.0
5850,7518775782.0,Oncology,7518775782.0
5851,8806371697.0,Plastic Surgery,1077326106.0
5852,8596386996.0,ENT,8596386996.0
5853,3409618453.0,Vascular Surgery,3409618453.0
5854,8093088224.0,Vascular Surgery,-1.0
5855,-1.0,Nephrology,7536876169.0
5856,-1.0,Endocrinology,1313268943.0
5857,1047477405.0,Radiology,1047477405.0
5858,8385505320.0,Anesthesiology,2119017807.0
5859,4954697932.0,Cardiology,4954697932.0
5860,6178508409.0,Allergy & Immunology,8954948887.0
5861,7395219544.0,Radiology,-1.0
5862,5275483574.0,Pediatrics,3640602811.0
5863,9491131506.0,Pathology,9491131506.0
5864,1962134345.0,Cardiology,-1.0
5865,8144889126.0,Primary Care,9792240602.0
5866,-1.0,Oncology,5294866888.0
5867,3472487690.0,Endocrinology,-1.0
5868,2509176725.0,Pulmonology,2509176725.0
5869,2817016800.0,Nephrology,2058489761.0
5870,-1.0,Plastic Surgery,1431494396.0
5871,9016070979.0,Dermatology,9016070979.0
5872,3022142957.0,Emergency Medicine,-1.0
5873,6855450328.0,Ophthalmology,4457286733.0
5874,6121836149.0,Radiology,6121836149.0
5875,7336450279.0,Nephrology,7336450279.0
5876,2269041320.0,General Surgery,8443919567.0
5877,5378278018.0,Ophthalmology,5378278018.0
5878,7142172699.0,Infectious Disease,3492534959.0
5879,8769111397.0,Plastic Surgery,-1.0
5880,9374790162.0,Internal Medicine,9374790162.0
5881,4675130367.0,Orthopedics,5909040519.0
5882,4153795953.0,Primary Care,7610045611.0
5883,2338304717.0,Endocrinology,9842184922.0
5884,6042670800.0,ENT,6042670800.0
5885,8548926007.0,Oncology,8548926007.0
5886,1562735040.0,Pulmonology,1562735040.0
5887,1438841120.0,Infectious Disease,9810578870.0
5888,8289454630.0,Psychiatry,8289454630.0
5889,7253012472.0,Nephrology,7253012472.0
5890,8221295771.0,Orthopedics,8221295771.0
5891,9162264848.0,Neurology,-1.0
5892,5577030207.0,Endocrinology,5577030207.0
5893,3515465308.0,Infectious Disease,3515465308.0
5894,2855264537.0,Physical Medicine & Rehabilitation,2855264537.0
5895,1809345618.0,Nephrology,1809345618.0
5896,6805631767.0,Endocrinology,1153768720.0
5897,2024862905.0,Orthopedics,1446607844.0
5898,8006926443.0,Radiology,8006926443.0
5899,4586784711.0,Plastic Surgery,4586784711.0
5900,4603202266.0,Orthopedics,4603202266.0
5901,-1.0,Primary Care,6553755986.0
5902,2186200767.0,Gastroenterology,2186200767.0
5903,-1.0,Pathology,2246314947.0
5904,9653250072.0,Cardiology,4869736370.0
5905,4968635883.0,Allergy & Immunology,4968635883.0
5906,9850118010.0,ENT,9850118010.0
5907,1012549935.0,Pediatrics,1012549935.0
5908,7194633463.0,Allergy & Immunology,9550800589.0
5909,8880079328.0,Endocrinology,8880079328.0
5910,6742199636.0,Pulmonology,-1.0
5911,2388890968.0,Cardiology,9791753396.0
5912,1775790050.0,Plastic Surgery,1775790050.0
5913,8376160226.0,Orthopedics,8376160226.0
5914,6155468456.0,Orthopedics,-1.0
5915,8871301064.0,Psychiatry,3513039870.0
5916,6079281484.0,Internal Medicine,6079281484.0
5917,8299146480.0,Gastroenterology,-1.0
5918,2377515312.0,Internal Medicine,2377515312.0
5919,5855415646.0,OB/GYN,5855415646.0
5920,3938887772.0,Allergy & Immunology,3938887772.0
5921,-1.0,Anesthesiology,9422960595.0
5922,9018163876.0,Radiology,9018163876.0
5923,5782279101.0,Internal Medicine,5782279101.0
5924,9473523940.0,OB/GYN,-1.0
5925,5749304490.0,Endocrinology,5749304490.0
5926,-1.0,Rheumatology,1671318724.0
5927,4063268031.0,Cardiology,4063268031.0
5928,2949597857.0,Rheumatology,2949597857.0
5929,2714457336.0,Gastroenterology,2714457336.0
5930,3503447154.0,Urology,-1.0
5931,2134697810.0,Neurology,2134697810.0
5932,4400697308.0,Family Medicine,4400697308.0
5933,-1.0,Orthopedics,8046301787.0
5934,8609817285.0,Nephrology,8609817285.0
5935,7251686413.0,Family Medicine,7251686413.0
5936,7666433379.0,Endocrinology,8770789441.0
5937,6968785964.0,Pediatrics,6381785149.0
5938,9434259650.0,Endocrinology,9434259650.0
5939,9381721143.0,Ophthalmology,9381721143.0
5940,9681681091.0,Ophthalmology,8054858945.0
5941,6092600577.0,Infectious Disease,6092600577.0
5942,4038499343.0,ENT,4038499343.0
5943,4078487866.0,General Surgery,4417580665.0
5944,6887457471.0,Anesthesiology,3731780920.0
5945,8421120053.0,Vascular Surgery,2898290370.0
5946,6411252253.0,Ophthalmology,6411252253.0
5947,1577832961.0,ENT,1577832961.0
5948,9109870866.0,Pediatrics,5634419660.0
5949,9252803590.0,Allergy & Immunology,9252803590.0
5950,5116560057.0,Internal Medicine,9541566372.0
5951,2734195515.0,Physical Medicine & Rehabilitation,2734195515.0
5952,1156391160.0,Infectious Disease,1156391160.0
5953,8893236404.0,Podiatry,5560489919.0
5954,2567069461.0,Urology,2567069461.0
5955,5054834021.0,Nephrology,5054834021.0
5956,4782266803.0,Radiology,6235981161.0
5957,2697220620.0,Family Medicine,1693725663.0
5958,1838531040.0,Oncology,9137399838.0
5959,-1.0,Family Medicine,3338877621.0
5960,1246580623.0,Internal Medicine,1246580623.0
5961,5024265351.0,Dermatology,7965703335.0
5962,2194673401.0,Pulmonology,2194673401.0
5963,8623270417.0,Vascular Surgery,8623270417.0
5964,3771686437.0,Rheumatology,3771686437.0
5965,1748095650.0,Podiatry,1748095650.0
5966,3671638169.0,Family Medicine,3671638169.0
5967,4563721269.0,Infectious Disease,4563721269.0
5968,5574817788.0,Radiology,5574817788.0
5969,7788543541.0,Neurology,7788543541.0
5970,2506648587.0,Radiology,2506648587.0
5971,9041867971.0,General Surgery,6265101525.0
5972,1383268249.0,Family Medicine,8267753120.0
5973,9249974426.0,Infectious Disease,9249974426.0
5974,6201313620.0,Pathology,6201313620.0
5975,4446206748.0,Vascular Surgery,4446206748.0
5976,9736931183.0,Pediatrics,2924588778.0
5977,5737468423.0,Urology,5737468423.0
5978,-1.0,Family Medicine,4100996604.0
5979,1114752423.0,Gastroenterology,1114752423.0
5980,7722187363.0,Cardiology,7722187363.0
5981,2983865329.0,Psychiatry,2983865329.0
5982,7183027712.0,Emergency Medicine,1818497900.0
5983,2958796094.0,Psychiatry,5232275534.0
5984,8934097788.0,Nephrology,8949283794.0
5985,7252704323.0,Oncology,7252704323.0
5986,-1.0,Physical Medicine & Rehabilitation,2394184320.0
5987,3974464646.0,Vascular Surgery,3974464646.0
5988,-1.0,Allergy & Immunology,9073863972.0
5989,5355048664.0,Emergency Medicine,5355048664.0
5990,3363629219.0,ENT,3363629219.0
5991,7958672456.0,General Surgery,7958672456.0
5992,-1.0,Pathology,1931350800.0
5993,9560180877.0,Cardiology,6118093436.0
5994,7340417431.0,Emergency Medicine,7340417431.0
5995,3857879268.0,Vascular Surgery,8246238878.0
5996,6483094742.0,Oncology,-1.0
5997,8817147252.0,Urology,6649621795.0
5998,8421255200.0,Endocrinology,8421255200.0
5999,8601934889.0,Pathology,4259902578.0
6000,7164947890.0,Infectious Disease,7164947890.0
6001,-1.0,Family Medicine,9955615759.0
6002,8639921512.0,Neurology,1127585950.0
6003,2126415466.0,Pulmonology,5481836099.0
6004,6769180930.0,Anesthesiology,6769180930.0
6005,-1.0,Urology,1745707280.0
6006,5699610216.0,Orthopedics,4717140403.0
6007,3538897827.0,Neurology,3538897827.0
6008,8552409831.0,Anesthesiology,8552409831.0
6009,9729461366.0,OB/GYN,9729461366.0
6010,3586099384.0,Psychiatry,3586099384.0
6011,9655361310.0,Internal Medicine,9655361310.0
6012,1873191606.0,Ophthalmology,1873191606.0
6013,-1.0,Physical Medicine & Rehabilitation,6966055281.0
6014,5288108686.0,Emergency Medicine,5277605526.0
6015,3772636814.0,Anesthesiology,9776207689.0
6016,-1.0,Orthopedics,6299205568.0
6017,9399006371.0,Primary Care,9399006371.0
6018,5533002422.0,Internal Medicine,5533002422.0
6019,8118065825.0,OB/GYN,9871334193.0
6020,9424350379.0,Endocrinology,-1.0
6021,-1.0,ENT,6892824975.0
6022,-1.0,Infectious Disease,9411067740.0
6023,8194669427.0,Ophthalmology,8194669427.0
6024,2562445716.0,Internal Medicine,2562445716.0
6025,6308656948.0,Primary Care,2955599291.0
6026,3128209545.0,Vascular Surgery,3128209545.0
6027,4996944007.0,Physical Medicine & Rehabilitation,-1.0
6028,1031026838.0,Cardiology,1737300099.0
6029,7974637746.0,General Surgery,7974637746.0
6030,2979958124.0,Family Medicine,2979958124.0
6031,3981630061.0,Rheumatology,3981630061.0
6032,8457816194.0,Allergy & Immunology,8457816194.0
6033,7277696931.0,Plastic Surgery,2565937353.0
6034,8190081923.0,Podiatry,-1.0
6035,5895884969.0,Podiatry,5895884969.0
6036,5396844455.0,Physical Medicine & Rehabilitation,1847053058.0
6037,9386407362.0,ENT,-1.0
6038,4971389346.0,Gastroenterology,4971389346.0
6039,3999214187.0,Ophthalmology,3999214187.0
6040,2548435356.0,Rheumatology,2548435356.0
6041,7027153899.0,ENT,7027153899.0
6042,9667990077.0,Cardiology,9667990077.0
6043,3412273600.0,Allergy & Immunology,1208847956.0
6044,4913307055.0,OB/GYN,4913307055.0
6045,5677317404.0,Family Medicine,5677317404.0
6046,1042781409.0,Radiology,1042781409.0
6047,3161251707.0,Urology,3161251707.0
6048,7039240309.0,Rheumatology,7039240309.0
6049,3875420006.0,ENT,3875420006.0
6050,-1.0,Emergency Medicine,2681498779.0
6051,5269571438.0,Vascular Surgery,5269571438.0
6052,8064623490.0,Primary Care,8064623490.0
6053,3540808989.0,General Surgery,3540808989.0
6054,4128768918.0,Pathology,4128768918.0
6055,1204253178.0,Plastic Surgery,7309639914.0
6056,9295269363.0,Cardiology,9295269363.0
6057,2536829594.0,Cardiology,2536829594.0
6058,2073608945.0,Ophthalmology,2073608945.0
6059,7907338834.0,Pathology,7907338834.0
6060,2073295668.0,Psychiatry,-1.0
6061,-1.0,Orthopedics,1977144735.0
6062,8415124854.0,Pathology,3228210448.0
6063,7886395561.0,Primary Care,1382307210.0
6064,6913501952.0,OB/GYN,6913501952.0
6065,4335092204.0,Dermatology,-1.0
6066,-1.0,Urology,7797065290.0
6067,4966818618.0,Family Medicine,4966818618.0
6068,7075215899.0,Internal Medicine,7075215899.0
6069,2340798189.0,Vascular Surgery,2340798189.0
6070,2906775938.0,Rheumatology,-1.0
6071,6975552125.0,Cardiology,6975552125.0
6072,8635334634.0,Allergy & Immunology,8635334634.0
6073,3506801119.0,Vascular Surgery,3506801119.0
6074,8133591111.0,Endocrinology,8133591111.0
6075,8314908641.0,Gastroenterology,8314908641.0
6076,-1.0,Nephrology,5854636277.0
6077,4308027795.0,Endocrinology,4308027795.0
6078,-1.0,Family Medicine,4583634258.0
6079,3456462224.0,Nephrology,3456462224.0
6080,8094961855.0,Neurology,-1.0
6081,5361411616.0,Cardiology,5361411616.0
6082,3147351265.0,Family Medicine,3147351265.0
6083,7574002953.0,Anesthesiology,7574002953.0
6084,-1.0,Endocrinology,7380780055.0
6085,2263424253.0,Pediatrics,6788700049.0
6086,7521028542.0,Rheumatology,7521028542.0
6087,4371308963.0,Plastic Surgery,9372418738.0
6088,2871241920.0,Infectious Disease,2871241920.0
6089,9968920059.0,Internal Medicine,-1.0
6090,4353660389.0,Ophthalmology,9032092177.0
6091,8206538713.0,Physical Medicine & Rehabilitation,8206538713.0
6092,7238718416.0,Emergency Medicine,7238718416.0
6093,-1.0,Ophthalmology,8213650687.0
6094,1199533307.0,Anesthesiology,1199533307.0
6095,5518789253.0,Primary Care,5518789253.0
6096,-1.0,Physical Medicine & Rehabilitation,2414666332.0
6097,6663535015.0,Oncology,6663535015.0
6098,1157771113.0,Oncology,-1.0
6099,8663811838.0,ENT,8663811838.0
6100,7965460607.0,Neurology,7965460607.0
6101,9548550011.0,Ophthalmology,9548550011.0
6102,7523285342.0,Gastroenterology,7523285342.0
6103,4097892639.0,Family Medicine,5691501928.0
6104,6795215775.0,Orthopedics,6795215775.0
6105,8238536261.0,Ophthalmology,2600379171.0
6106,5625077370.0,Pulmonology,-1.0
6107,1374736832.0,Physical Medicine & Rehabilitation,1374736832.0
6108,-1.0,Internal Medicine,8087013251.0
6109,4730756217.0,Orthopedics,-1.0
6110,9605369769.0,Physical Medicine & Rehabilitation,9605369769.0
6111,1987202268.0,Cardiology,1987202268.0
6112,5421237457.0,ENT,5421237457.0
6113,2526523558.0,Ophthalmology,2526523558.0
6114,7366750668.0,Anesthesiology,7366750668.0
6115,6195400294.0,Physical Medicine & Rehabilitation,6195400294.0
6116,5055403877.0,Dermatology,5401210126.0
6117,1221148990.0,Ophthalmology,1221148990.0
6118,6127573350.0,Urology,6127573350.0
6119,5464285982.0,Anesthesiology,4089331360.0
6120,4728616386.0,Family Medicine,4728616386.0
6121,9539979154.0,Internal Medicine,9539979154.0
6122,2534505607.0,Allergy & Immunology,2534505607.0
6123,1009073541.0,Plastic Surgery,-1.0
6124,5883178329.0,Physical Medicine & Rehabilitation,5697007568.0
6125,4349011298.0,Pulmonology,4349011298.0
6126,4705150091.0,Allergy & Immunology,4705150091.0
6127,1417976829.0,Gastroenterology,9436204997.0
6128,9736024903.0,Anesthesiology,9736024903.0
6129,2200488846.0,Physical Medicine & Rehabilitation,2200488846.0
6130,2806638735.0,Rheumatology,2806638735.0
6131,7597520872.0,Urology,7597520872.0
6132,9156527614.0,Vascular Surgery,9156527614.0
6133,3244294928.0,Ophthalmology,3244294928.0
6134,8894618608.0,Oncology,-1.0
6135,5974923010.0,Dermatology,4737341619.0
6136,5715645840.0,Cardiology,5715645840.0
6137,9112094011.0,Ophthalmology,4351047635.0
6138,3624656441.0,Physical Medicine & Rehabilitation,-1.0
6139,-1.0,Primary Care,5976777081.0
6140,4969240305.0,Pathology,4969240305.0
6141,5112152955.0,Physical Medicine & Rehabilitation,2688044110.0
6142,-1.0,Endocrinology,3258354191.0
6143,9784084995.0,Infectious Disease,-1.0
6144,7930121242.0,Nephrology,7930121242.0
6145,6114259949.0,Dermatology,6114259949.0
6146,8654335825.0,Pathology,8654335825.0
6147,4056206421.0,General Surgery,4056206421.0
6148,8851959614.0,Podiatry,8851959614.0
6149,4808435908.0,Emergency Medicine,4073727843.0
6150,-1.0,Cardiology,5286400604.0
6151,7164160975.0,Endocrinology,7164160975.0
6152,-1.0,Orthopedics,9329737841.0
6153,9934205769.0,Infectious Disease,5365311243.0
6154,2466299416.0,Nephrology,9772960237.0
6155,5606300845.0,Endocrinology,5606300845.0
6156,7877577855.0,General Surgery,7877577855.0
6157,5661644081.0,Infectious Disease,6243087661.0
6158,1093019873.0,Pathology,1093019873.0
6159,-1.0,Pathology,4675434286.0
6160,1993540220.0,Psychiatry,-1.0
6161,7752985220.0,Neurology,2550564602.0
6162,-1.0,Nephrology,3019265031.0
6163,5716993348.0,ENT,5716993348.0
6164,2055938739.0,ENT,3443368971.0
6165,1680052083.0,Oncology,1680052083.0
6166,-1.0,Ophthalmology,8446676790.0
6167,4942272347.0,Ophthalmology,4942272347.0
6168,6273582058.0,ENT,6273582058.0
6169,7124949160.0,OB/GYN,-1.0
6170,5338893661.0,Physical Medicine & Rehabilitation,1592273938.0
6171,9226616337.0,Cardiology,9226616337.0
6172,8789514745.0,Podiatry,9071532681.0
6173,2233899367.0,Oncology,9551166427.0
6174,3433965438.0,Radiology,2815422821.0
6175,8076144396.0,Urology,8076144396.0
6176,9283911005.0,Physical Medicine & Rehabilitation,6073512359.0
6177,5306890260.0,Physical Medicine & Rehabilitation,5306890260.0
6178,4067961943.0,ENT,1437485546.0
6179,-1.0,Internal Medicine,8866681438.0
6180,6761334796.0,Urology,-1.0
6181,5998889740.0,Nephrology,5998889740.0
6182,1170749699.0,Nephrology,6424091957.0
6183,9216074478.0,Gastroenterology,2173185523.0
6184,3520045631.0,Pulmonology,3520045631.0
6185,5601062139.0,Podiatry,-1.0
6186,4290482477.0,Internal Medicine,4290482477.0
6187,3392080953.0,Dermatology,3392080953.0
6188,-1.0,Rheumatology,2437894930.0
6189,1193782303.0,Ophthalmology,1625150693.0
6190,3097088483.0,Podiatry,3097088483.0
6191,4897716760.0,Infectious Disease,4897716760.0
6192,2372311271.0,Primary Care,2372311271.0
6193,8218146534.0,Ophthalmology,8218146534.0
6194,5784669422.0,Allergy & Immunology,5784669422.0
6195,7808135331.0,Ophthalmology,7808135331.0
6196,4284515765.0,Radiology,4284515765.0
6197,6505350387.0,Family Medicine,6505350387.0
6198,8095293870.0,Endocrinology,8095293870.0
6199,1207916194.0,Vascular Surgery,1207916194.0
6200,1452737164.0,Urology,4663573653.0
6201,9881193677.0,OB/GYN,1834740196.0
6202,7659256649.0,Urology,7821525140.0
6203,3826688042.0,Orthopedics,7467106715.0
6204,4048500685.0,Nephrology,6799609120.0
6205,5563810247.0,Orthopedics,5563810247.0
6206,4280722909.0,Physical Medicine & Rehabilitation,3056689858.0
6207,4090596936.0,Endocrinology,4090596936.0
6208,2586878390.0,Pulmonology,2586878390.0
6209,8777584776.0,Family Medicine,8777584776.0
6210,8069459895.0,Internal Medicine,8069459895.0
6211,3113322013.0,Endocrinology,9288122448.0
6212,3366807148.0,Pulmonology,3366807148.0
6213,-1.0,Nephrology,7848331125.0
6214,1575329655.0,Pathology,9962131455.0
6215,4510619162.0,Radiology,5496705481.0
6216,2260108602.0,Physical Medicine & Rehabilitation,-1.0
6217,2982979741.0,Vascular Surgery,2982979741.0
6218,9284245371.0,Pathology,8834784950.0
6219,7026930365.0,Infectious Disease,7026930365.0
6220,3332755849.0,Pediatrics,9852912363.0
6221,5319921998.0,Endocrinology,5319921998.0
6222,6362428326.0,Physical Medicine & Rehabilitation,-1.0
6223,5426543084.0,Neurology,7532058630.0
6224,7871714360.0,ENT,7871714360.0
6225,9277952079.0,Pathology,9277952079.0
6226,3395119111.0,Podiatry,3395119111.0
6227,1595968545.0,Vascular Surgery,7789186195.0
6228,5439366473.0,Primary Care,5439366473.0
6229,5244250209.0,Endocrinology,1353434306.0
6230,9714459187.0,Anesthesiology,9714459187.0
6231,8265726536.0,Infectious Disease,1589701391.0
6232,9470321015.0,Infectious Disease,9470321015.0
6233,2889197205.0,Radiology,2889197205.0
6234,8102515984.0,Dermatology,8102515984.0
6235,8078118958.0,Internal Medicine,8078118958.0
6236,7689533560.0,Oncology,8446181226.0
6237,5755400931.0,Family Medicine,3409442265.0
6238,6644127699.0,Primary Care,3797666319.0
6239,4097617527.0,Plastic Surgery,4097617527.0
6240,8059397349.0,ENT,3597465769.0
6241,8439267399.0,Endocrinology,8189674581.0
6242,4337210308.0,Rheumatology,4337210308.0
6243,-1.0,Infectious Disease,3365043339.0
6244,1018760548.0,Rheumatology,1018760548.0
6245,5637866661.0,Primary Care,5487371666.0
6246,3662350253.0,Plastic Surgery,3860910202.0
6247,5529615809.0,Podiatry,5529615809.0
6248,8891417109.0,Emergency Medicine,4555408315.0
6249,9123511358.0,Family Medicine,9123511358.0
6250,1054183126.0,Radiology,1032554264.0
6251,7443849558.0,Vascular Surgery,2837106543.0
6252,5435473617.0,Psychiatry,5055341578.0
6253,9793908003.0,General Surgery,-1.0
6254,6932419008.0,Family Medicine,1926547127.0
6255,3547223225.0,Radiology,3547223225.0
6256,-1.0,Ophthalmology,6636024977.0
6257,7782954756.0,Vascular Surgery,7782954756.0
6258,2853224097.0,General Surgery,2853224097.0
6259,1185676987.0,Neurology,1185676987.0
6260,9077650488.0,Ophthalmology,-1.0
6261,6263029293.0,Infectious Disease,6263029293.0
6262,-1.0,Gastroenterology,3924542318.0
6263,9285631950.0,Radiology,9285631950.0
6264,7650193311.0,Dermatology,7650193311.0
6265,-1.0,Orthopedics,6496110622.0
6266,-1.0,Podiatry,5412413776.0
6267,3807379048.0,Vascular Surgery,3807379048.0
6268,1172146239.0,Physical Medicine & Rehabilitation,1172146239.0
6269,9855988072.0,Family Medicine,9855988072.0
6270,-1.0,Urology,3853978147.0
6271,3421980125.0,Gastroenterology,5203118871.0
6272,5649905416.0,ENT,5649905416.0
6273,4178505223.0,ENT,-1.0
6274,1892175710.0,Podiatry,1892175710.0
6275,7484805812.0,Dermatology,7484805812.0
6276,5317456982.0,Radiology,5317456982.0
6277,6240634163.0,Rheumatology,8238099133.0
6278,6162079678.0,Vascular Surgery,6162079678.0
6279,1542965681.0,Endocrinology,2724666609.0
6280,7443922927.0,Gastroenterology,7443922927.0
6281,8139209752.0,Physical Medicine & Rehabilitation,8139209752.0
6282,1459429001.0,Radiology,1459429001.0
6283,8723175423.0,Orthopedics,8074362251.0
6284,-1.0,Vascular Surgery,4220946051.0
6285,5772902637.0,OB/GYN,1482154335.0
6286,4411393967.0,Nephrology,4411393967.0
6287,6825515234.0,OB/GYN,5792624220.0
6288,5592362860.0,Primary Care,7878406179.0
6289,-1.0,Allergy & Immunology,4502414628.0
6290,9004637279.0,Pediatrics,9618523078.0
6291,-1.0,Plastic Surgery,2923855143.0
6292,6543950854.0,Infectious Disease,6543950854.0
6293,8539697843.0,Podiatry,8539697843.0
6294,5020871331.0,Emergency Medicine,5020871331.0
6295,8706438472.0,OB/GYN,8706438472.0
6296,5154685831.0,Family Medicine,5154685831.0
6297,8749354330.0,Pathology,9871215460.0
6298,7088154494.0,Dermatology,7088154494.0
6299,9368005850.0,Dermatology,7838491405.0
6300,-1.0,Pediatrics,9206720669.0
6301,3734252963.0,Oncology,1056581789.0
6302,6424572385.0,Rheumatology,6424572385.0
6303,4660390742.0,Rheumatology,4660390742.0
6304,8031712783.0,Internal Medicine,8031712783.0
6305,-1.0,Physical Medicine & Rehabilitation,8580053784.0
6306,1875155003.0,Physical Medicine & Rehabilitation,1875155003.0
6307,7420846622.0,Nephrology,7420846622.0
6308,9077269035.0,Physical Medicine & Rehabilitation,7297927433.0
6309,5806046771.0,Rheumatology,9917093084.0
6310,1599465828.0,Radiology,-1.0
6311,7944675764.0,General Surgery,9329769860.0
6312,8517664054.0,Vascular Surgery,8517664054.0
6313,5150625811.0,General Surgery,8714804210.0
6314,7272240574.0,Primary Care,9287420025.0
6315,2869999754.0,Rheumatology,4776649362.0
6316,2940028539.0,Gastroenterology,3519995322.0
6317,5422798091.0,Plastic Surgery,5422798091.0
6318,3797045905.0,Infectious Disease,-1.0
6319,6546964238.0,Nephrology,9504022014.0
6320,3981279224.0,Nephrology,3981279224.0
6321,5245302960.0,Family Medicine,5245302960.0
6322,4490184455.0,Oncology,4490184455.0
6323,7244834104.0,Pulmonology,2421846373.0
6324,2673161789.0,Allergy & Immunology,2673161789.0
6325,9102530903.0,Endocrinology,3474618497.0
6326,8806470288.0,Pediatrics,8806470288.0
6327,6970307272.0,Psychiatry,5218412620.0
6328,9368726364.0,General Surgery,9368726364.0
6329,5226368665.0,Cardiology,5226368665.0
6330,7980337876.0,Internal Medicine,5759924888.0
6331,5329305403.0,Vascular Surgery,4330087905.0
6332,8792155028.0,Dermatology,8792155028.0
6333,9862513734.0,Allergy & Immunology,9862513734.0
6334,5505134774.0,Endocrinology,5505134774.0
6335,5845929927.0,Pathology,1074441062.0
6336,2970386647.0,Radiology,2970386647.0
6337,2861362966.0,Podiatry,5411459116.0
6338,1149977994.0,Orthopedics,4460323730.0
6339,7134977151.0,Pulmonology,7134977151.0
6340,4400586033.0,Emergency Medicine,8505823984.0
6341,3201784149.0,Pathology,5736595303.0
6342,6445952132.0,Internal Medicine,6445952132.0
6343,9086117171.0,Family Medicine,1609085335.0
6344,3357539470.0,OB/GYN,3357539470.0
6345,8309221034.0,Endocrinology,8309221034.0
6346,7346292485.0,Internal Medicine,7346292485.0
6347,4999190263.0,OB/GYN,1558344469.0
6348,9552635305.0,Family Medicine,9552635305.0
6349,4636730253.0,Neurology,4636730253.0
6350,5341842641.0,Physical Medicine & Rehabilitation,5341842641.0
6351,1042486233.0,Neurology,9466423255.0
6352,2753094270.0,ENT,2753094270.0
6353,6915420346.0,Physical Medicine & Rehabilitation,7170627030.0
6354,4251342697.0,Pathology,4251342697.0
6355,1592921738.0,Cardiology,1592921738.0
6356,9457263254.0,Allergy & Immunology,-1.0
6357,7384985150.0,ENT,2399157388.0
6358,2589001157.0,Plastic Surgery,2589001157.0
6359,7098913489.0,Cardiology,5811989988.0
6360,8767592581.0,Podiatry,8767592581.0
6361,4510969640.0,Urology,4510969640.0
6362,9104634333.0,Family Medicine,8144923174.0
6363,1135078768.0,Plastic Surgery,6379125713.0
6364,7389998697.0,Urology,-1.0
6365,4256292393.0,Nephrology,3254399835.0
6366,3970522036.0,Endocrinology,5798341982.0
6367,5754738881.0,General Surgery,5754738881.0
6368,5174348618.0,Radiology,3194928156.0
6369,4930488077.0,ENT,4930488077.0
6370,-1.0,General Surgery,7960649571.0
6371,3127317293.0,Nephrology,3127317293.0
6372,-1.0,Dermatology,1208678065.0
6373,3820033816.0,Family Medicine,3820033816.0
6374,3197770720.0,Emergency Medicine,3197770720.0
6375,-1.0,Ophthalmology,7896382125.0
6376,8115232441.0,Endocrinology,5458417812.0
6377,3719679239.0,Urology,1694592760.0
6378,2437290093.0,Dermatology,2437290093.0
6379,9306707151.0,Orthopedics,9306707151.0
6380,1483240056.0,OB/GYN,1483240056.0
6381,6747970335.0,Internal Medicine,6747970335.0
6382,6416598668.0,Orthopedics,6416598668.0
6383,3940614579.0,ENT,3940614579.0
6384,7759781156.0,Podiatry,7759781156.0
6385,3080515301.0,Ophthalmology,-1.0
6386,6817280229.0,Radiology,6817280229.0
6387,2516888774.0,Psychiatry,4499971156.0
6388,5231196084.0,Radiology,-1.0
6389,4205518426.0,Family Medicine,4205518426.0
6390,6292045303.0,Ophthalmology,6292045303.0
6391,8616097483.0,ENT,-1.0
6392,8742054983.0,Plastic Surgery,8742054983.0
6393,1033819777.0,OB/GYN,1033819777.0
6394,5601352537.0,Family Medicine,5601352537.0
6395,7122054903.0,Allergy & Immunology,7122054903.0
6396,2553434997.0,Dermatology,2553434997.0
6397,3171904150.0,Neurology,3171904150.0
6398,2300656317.0,Pathology,2300656317.0
6399,9919193627.0,Radiology,7109455389.0
6400,9975841619.0,Primary Care,9975841619.0
6401,5387154543.0,Orthopedics,-1.0
6402,1639509845.0,Urology,1639509845.0
6403,-1.0,Cardiology,2620328765.0
6404,1289109870.0,Gastroenterology,1289109870.0
6405,3721004965.0,Plastic Surgery,3721004965.0
6406,-1.0,Physical Medicine & Rehabilitation,6268097086.0
6407,4732346759.0,Internal Medicine,4732346759.0
6408,5885787104.0,Pathology,5885787104.0
6409,5921252890.0,Neurology,7820756092.0
6410,4778110292.0,Allergy & Immunology,-1.0
6411,5600836559.0,Primary Care,5600836559.0
6412,9686824525.0,Dermatology,9686824525.0
6413,6194888708.0,OB/GYN,6194888708.0
6414,5800556513.0,Pediatrics,5800556513.0
6415,4954512358.0,OB/GYN,4954512358.0
6416,6617889740.0,Gastroenterology,6617889740.0
6417,2847243034.0,Anesthesiology,2847243034.0
6418,1764998225.0,Pulmonology,-1.0
6419,5489836116.0,Pulmonology,1117529804.0
6420,1910816645.0,Endocrinology,1910816645.0
6421,9388140708.0,Pulmonology,9388140708.0
6422,7927236521.0,Vascular Surgery,7927236521.0
6423,8392680972.0,Dermatology,9168960893.0
6424,7662927609.0,Orthopedics,7662927609.0
6425,2474865481.0,General Surgery,2474865481.0
6426,8302586695.0,General Surgery,8302586695.0
6427,6960329328.0,OB/GYN,5289416022.0
6428,8760038701.0,Cardiology,-1.0
6429,3471874048.0,Pediatrics,3471874048.0
6430,8212930012.0,Family Medicine,7603216779.0
6431,-1.0,Rheumatology,5659161352.0
6432,2327342139.0,Pediatrics,2327342139.0
6433,5412437658.0,Rheumatology,9086112152.0
6434,4011528431.0,Pathology,4011528431.0
6435,6614861581.0,Radiology,6614861581.0
6436,6600331917.0,Pathology,6600331917.0
6437,7289563278.0,Primary Care,7289563278.0
6438,3365429772.0,Anesthesiology,-1.0
6439,9779444003.0,Family Medicine,2811245918.0
6440,9201122737.0,Nephrology,9201122737.0
6441,7981343502.0,Endocrinology,7981343502.0
6442,4499173270.0,Allergy & Immunology,4499173270.0
6443,9403354762.0,Endocrinology,9403354762.0
6444,7516379744.0,Gastroenterology,7516379744.0
6445,-1.0,Ophthalmology,3391179068.0
6446,1123748717.0,Pathology,1123748717.0
6447,3062838013.0,Ophthalmology,3062838013.0
6448,6799312597.0,Primary Care,6799312597.0
6449,5585110649.0,Dermatology,5585110649.0
6450,-1.0,Endocrinology,3797168211.0
6451,1925345701.0,Allergy & Immunology,1925345701.0
6452,3308093585.0,Urology,3308093585.0
6453,2595749987.0,Pathology,2595749987.0
6454,8356592812.0,Anesthesiology,8356592812.0
6455,1054024164.0,Urology,2142318940.0
6456,8289800644.0,Rheumatology,8289800644.0
6457,9141037388.0,Endocrinology,9141037388.0
6458,4468468836.0,General Surgery,4468468836.0
6459,1901260260.0,Pediatrics,1901260260.0
6460,3067899309.0,Cardiology,1160488198.0
6461,5003521294.0,Ophthalmology,5003521294.0
6462,9372856246.0,Endocrinology,9372856246.0
6463,-1.0,Pediatrics,7925383538.0
6464,5400781301.0,Nephrology,-1.0
6465,4996473092.0,Radiology,4996473092.0
6466,6846530109.0,Rheumatology,6846530109.0
6467,5405906442.0,ENT,9679773327.0
6468,7951893153.0,Anesthesiology,7951893153.0
6469,9921805120.0,Anesthesiology,3033333037.0
6470,9528794813.0,Cardiology,9528794813.0
6471,9810722788.0,Plastic Surgery,9810722788.0
6472,3818626841.0,ENT,4245754777.0
6473,2805418091.0,Nephrology,1295755044.0
6474,2893321208.0,ENT,2893321208.0
6475,5604420757.0,Anesthesiology,7938007122.0
6476,5193146503.0,Emergency Medicine,5193146503.0
6477,2196917393.0,OB/GYN,2196917393.0
6478,8409895157.0,Oncology,4822341836.0
6479,1355959916.0,OB/GYN,8507461305.0
6480,5935846979.0,Rheumatology,5935846979.0
6481,7093728142.0,Pediatrics,7093728142.0
6482,2865384977.0,Cardiology,2865384977.0
6483,6805759868.0,Pulmonology,6805759868.0
6484,1790842759.0,Physical Medicine & Rehabilitation,4930841380.0
6485,3769290424.0,OB/GYN,3769290424.0
6486,4653278198.0,Cardiology,4653278198.0
6487,7696498138.0,Dermatology,7696498138.0
6488,9433570024.0,Psychiatry,9433570024.0
6489,2981675903.0,ENT,2981675903.0
6490,9202102595.0,Physical Medicine & Rehabilitation,9202102595.0
6491,6263567754.0,Pathology,6263567754.0
6492,1716752400.0,Pulmonology,6888854983.0
6493,8410324652.0,Emergency Medicine,3748762866.0
6494,2283142882.0,Orthopedics,6807084561.0
6495,9478947301.0,Neurology,2672364148.0
6496,4793015896.0,ENT,8247258084.0
6497,5118727566.0,Emergency Medicine,8763231075.0
6498,4261912630.0,Gastroenterology,-1.0
6499,7311011808.0,Emergency Medicine,7311011808.0
6500,4217365555.0,Neurology,4217365555.0
6501,9383431259.0,Nephrology,-1.0
6502,8216518899.0,Urology,6670110968.0
6503,6352483486.0,OB/GYN,6352483486.0
6504,2296400037.0,Pediatrics,-1.0
6505,8144276189.0,Pediatrics,9006701263.0
6506,2553363005.0,Neurology,2553363005.0
6507,2271766046.0,Internal Medicine,2271766046.0
6508,-1.0,Neurology,5693308941.0
6509,5449848690.0,Anesthesiology,2013855364.0
6510,7280359794.0,Orthopedics,7280359794.0
6511,6880283365.0,Pathology,6880283365.0
6512,8973921474.0,General Surgery,8973921474.0
6513,6264911145.0,Oncology,6264911145.0
6514,-1.0,Emergency Medicine,3888081200.0
6515,5532828602.0,Oncology,5532828602.0
6516,5927944597.0,Psychiatry,5927944597.0
6517,9660485827.0,Pathology,9660485827.0
6518,-1.0,OB/GYN,9889003328.0
6519,1621053924.0,Cardiology,1621053924.0
6520,6485605386.0,Allergy & Immunology,9471561561.0
6521,3759039920.0,Dermatology,9867575429.0
6522,9055262383.0,Orthopedics,9055262383.0
6523,7320856459.0,Rheumatology,7320856459.0
6524,6161147047.0,Pulmonology,5188589260.0
6525,9067664957.0,Pathology,9067664957.0
6526,1568717010.0,Cardiology,1568717010.0
6527,9563923030.0,Ophthalmology,9563923030.0
6528,5878596419.0,Pathology,6771048547.0
6529,7846365089.0,Pulmonology,2351521621.0
6530,7274839226.0,ENT,4897780782.0
6531,8986950095.0,Physical Medicine & Rehabilitation,8986950095.0
6532,1054686685.0,Family Medicine,1054686685.0
6533,1512732580.0,Urology,1512732580.0
6534,4610695948.0,Rheumatology,4610695948.0
6535,3474471345.0,Gastroenterology,3474471345.0
6536,2350564914.0,Allergy & Immunology,1230897809.0
6537,1448300851.0,Physical Medicine & Rehabilitation,1448300851.0
6538,9255690691.0,Plastic Surgery,-1.0
6539,5927368473.0,Cardiology,1158803545.0
6540,-1.0,Pulmonology,8139036121.0
6541,1521742718.0,Orthopedics,1521742718.0
6542,4423383964.0,Physical Medicine & Rehabilitation,6111687462.0
6543,5606488160.0,Cardiology,-1.0
6544,5175059577.0,Primary Care,5175059577.0
6545,-1.0,Podiatry,2467429012.0
6546,9945002229.0,Orthopedics,9945002229.0
6547,1330889940.0,Family Medicine,1330889940.0
6548,8062770940.0,Radiology,8062770940.0
6549,6756213770.0,Primary Care,2649371548.0
6550,9684659369.0,Endocrinology,-1.0
6551,6144170398.0,Internal Medicine,6664620034.0
6552,-1.0,Rheumatology,1820017167.0
6553,9305425360.0,Rheumatology,9305425360.0
6554,2197826153.0,Urology,2197826153.0
6555,1218179599.0,Plastic Surgery,1218179599.0
6556,9528205772.0,Orthopedics,9528205772.0
6557,3515865369.0,Oncology,5563564157.0
6558,-1.0,Pathology,5721292149.0
6559,5888015939.0,Oncology,5888015939.0
6560,9602329166.0,Radiology,9602329166.0
6561,1368743555.0,Endocrinology,8628487053.0
6562,8741193643.0,Podiatry,8741193643.0
6563,8400508968.0,Plastic Surgery,8400508968.0
6564,9735771191.0,General Surgery,9735771191.0
6565,6019645415.0,Dermatology,6019645415.0
6566,6207717733.0,Allergy & Immunology,6207717733.0
6567,7402979400.0,Anesthesiology,7402979400.0
6568,3620974404.0,Pathology,4529430519.0
6569,3953969835.0,Pathology,3953969835.0
6570,7243049718.0,Infectious Disease,7243049718.0
6571,9526141003.0,Cardiology,9526141003.0
6572,7744459607.0,Neurology,6561292486.0
6573,-1.0,Plastic Surgery,1269576948.0
6574,6843287994.0,Gastroenterology,5444968854.0
6575,-1.0,General Surgery,9344227794.0
6576,3693862043.0,Orthopedics,3693862043.0
6577,9519577735.0,OB/GYN,9519577735.0
6578,3793024711.0,Emergency Medicine,6527386286.0
6579,9053851299.0,Oncology,3021187213.0
6580,9318793788.0,Allergy & Immunology,1316437615.0
6581,9565902229.0,Pediatrics,9565902229.0
6582,3476758136.0,Psychiatry,5213578130.0
6583,2547867435.0,Ophthalmology,2547867435.0
6584,8602409970.0,Radiology,2961846071.0
6585,5142884580.0,Oncology,3677879711.0
6586,1655776438.0,Gastroenterology,1655776438.0
6587,9830393713.0,Internal Medicine,-1.0
6588,3312409986.0,Infectious Disease,8991503807.0
6589,6596110125.0,Cardiology,6596110125.0
6590,2442642321.0,Radiology,3277332875.0
6591,8125872890.0,Neurology,8125872890.0
6592,7510701005.0,Internal Medicine,7510701005.0
6593,3922028033.0,Allergy & Immunology,3922028033.0
6594,2965718821.0,Physical Medicine & Rehabilitation,9948166475.0
6595,5965308273.0,Pulmonology,5965308273.0
6596,2730875303.0,Rheumatology,9782798654.0
6597,8274219704.0,Psychiatry,8274219704.0
6598,8865483029.0,Podiatry,8865483029.0
6599,8769905816.0,Ophthalmology,6858134944.0
6600,1987802843.0,Orthopedics,1987802843.0
6601,2588876294.0,Emergency Medicine,2588876294.0
6602,2691911008.0,ENT,2384626843.0
6603,4517262299.0,Primary Care,2317336125.0
6604,6849798054.0,Pulmonology,6849798054.0
6605,4520856549.0,Physical Medicine & Rehabilitation,3344548409.0
6606,7491228078.0,Gastroenterology,4113387603.0
6607,7159677390.0,Family Medicine,5099197947.0
6608,5875872347.0,Physical Medicine & Rehabilitation,2356489332.0
6609,7196439534.0,Podiatry,7196439534.0
6610,2589360763.0,OB/GYN,2589360763.0
6611,-1.0,Orthopedics,2362721798.0
6612,6510614294.0,Internal Medicine,6510614294.0
6613,7025771846.0,Dermatology,7025771846.0
6614,6495068652.0,Pediatrics,5480742084.0
6615,5299290068.0,Anesthesiology,5299290068.0
6616,7781608576.0,Emergency Medicine,7781608576.0
6617,8452716021.0,Internal Medicine,3366442793.0
6618,1591728242.0,General Surgery,1591728242.0
6619,2962750929.0,ENT,2962750929.0
6620,2910906833.0,Podiatry,9004235542.0
6621,5800633419.0,Urology,5800633419.0
6622,-1.0,Ophthalmology,7372911048.0
6623,2285291868.0,Plastic Surgery,2285291868.0
6624,6824402929.0,Primary Care,6824402929.0
6625,7103178623.0,Neurology,7103178623.0
6626,8004648499.0,Pulmonology,8004648499.0
6627,4430248652.0,Nephrology,4430248652.0
6628,8055515912.0,Physical Medicine & Rehabilitation,9582838355.0
6629,5884792606.0,Family Medicine,5157210068.0
6630,5062025447.0,Vascular Surgery,5062025447.0
6631,8097945598.0,Cardiology,8097945598.0
6632,8578340270.0,Internal Medicine,8578340270.0
6633,1562992174.0,Cardiology,8640944174.0
6634,2671021843.0,Rheumatology,2671021843.0
6635,7295140380.0,Pulmonology,-1.0
6636,6153771059.0,Vascular Surgery,-1.0
6637,-1.0,Urology,3052947074.0
6638,3598804887.0,General Surgery,3598804887.0
6639,8833654137.0,Allergy & Immunology,1745320597.0
6640,5334930042.0,Physical Medicine & Rehabilitation,8970503303.0
6641,6466359422.0,General Surgery,6466359422.0
6642,3145756342.0,Endocrinology,-1.0
6643,6684212456.0,Pediatrics,6684212456.0
6644,3738568701.0,Anesthesiology,3738568701.0
6645,2573971876.0,Podiatry,8635381776.0
6646,1564409423.0,Ophthalmology,7093382960.0
6647,6704841644.0,Psychiatry,6704841644.0
6648,-1.0,Gastroenterology,4264134512.0
6649,9540577974.0,Dermatology,9540577974.0
6650,5498095763.0,Nephrology,5498095763.0
6651,7615076397.0,Infectious Disease,7615076397.0
6652,1553829805.0,Neurology,1553829805.0
6653,8978867456.0,General Surgery,4068427264.0
6654,9345977352.0,Orthopedics,6682787354.0
6655,7393599544.0,Psychiatry,7393599544.0
6656,7032058320.0,Psychiatry,7032058320.0
6657,8910033335.0,Rheumatology,8771964370.0
6658,1765835875.0,General Surgery,1765835875.0
6659,8584566722.0,Allergy & Immunology,8584566722.0
6660,2404264843.0,Psychiatry,2404264843.0
6661,8960748619.0,OB/GYN,3238948176.0
6662,5374517318.0,Plastic Surgery,5374517318.0
6663,-1.0,Radiology,4538630049.0
6664,5486877079.0,Vascular Surgery,5486877079.0
6665,7657171838.0,Emergency Medicine,3435479320.0
6666,-1.0,Oncology,4081467801.0
6667,1206000737.0,Urology,1206000737.0
6668,2579418510.0,Ophthalmology,7444701837.0
6669,1045837716.0,Neurology,1045837716.0
6670,-1.0,Pulmonology,1604381788.0
6671,5818143357.0,Psychiatry,4019473148.0
6672,4612480316.0,Endocrinology,4612480316.0
6673,2593375387.0,Nephrology,7433594730.0
6674,3542829706.0,Urology,2588000302.0
6675,8987154756.0,Pathology,8987154756.0
6676,6983948853.0,Nephrology,8452110789.0
6677,-1.0,Orthopedics,5351427931.0
6678,9786280935.0,Endocrinology,9786280935.0
6679,2309589038.0,Vascular Surgery,4322472625.0
6680,2144183760.0,Vascular Surgery,2144183760.0
6681,8394104918.0,Neurology,8394104918.0
6682,6227046160.0,Infectious Disease,6227046160.0
6683,8777794369.0,Rheumatology,-1.0
6684,-1.0,Infectious Disease,6977769260.0
6685,1547374338.0,Endocrinology,1547374338.0
6686,7011945150.0,Anesthesiology,3730889912.0
6687,2824062052.0,Endocrinology,2824062052.0
6688,6188787377.0,Allergy & Immunology,4541068718.0
6689,6588610432.0,Pathology,6588610432.0
6690,9922765202.0,Internal Medicine,5382069701.0
6691,6572069519.0,Oncology,-1.0
6692,9988561480.0,ENT,9675232918.0
6693,7868720188.0,Plastic Surgery,5178128466.0
6694,8942167666.0,Cardiology,-1.0
6695,4063952358.0,Oncology,-1.0
6696,5976944609.0,Dermatology,7383569815.0
6697,-1.0,Endocrinology,7912947069.0
6698,-1.0,Dermatology,2761415531.0
6699,-1.0,ENT,1877264971.0
6700,5714169271.0,Emergency Medicine,-1.0
6701,6410068252.0,ENT,6410068252.0
6702,7455092839.0,Nephrology,7455092839.0
6703,8228609138.0,Cardiology,8228609138.0
6704,2664416298.0,Internal Medicine,2664416298.0
6705,8530448447.0,Psychiatry,8530448447.0
6706,-1.0,Dermatology,3155369361.0
6707,2644360541.0,Gastroenterology,7347385033.0
6708,6218955985.0,Internal Medicine,6218955985.0
6709,8416153220.0,Ophthalmology,5337895472.0
6710,5433722159.0,Radiology,5433722159.0
6711,5285823626.0,Internal Medicine,5285823626.0
6712,3228001003.0,Nephrology,3228001003.0
6713,-1.0,Rheumatology,4873807154.0
6714,2327593101.0,Anesthesiology,2327593101.0
6715,2522704758.0,Psychiatry,2522704758.0
6716,5584288132.0,Rheumatology,5584288132.0
6717,7575102757.0,Rheumatology,1271533413.0
6718,9446789654.0,Urology,9446789654.0
6719,1502291736.0,Emergency Medicine,1502291736.0
6720,3354650368.0,Endocrinology,3354650368.0
6721,7229549514.0,Rheumatology,7229549514.0
6722,1092292243.0,Radiology,6958210258.0
6723,9689748933.0,Ophthalmology,9689748933.0
6724,7044742221.0,Physical Medicine & Rehabilitation,7044742221.0
6725,7306408784.0,ENT,7306408784.0
6726,7104899851.0,Orthopedics,7104899851.0
6727,6100947738.0,Radiology,6100947738.0
6728,1014477641.0,Pulmonology,9762930088.0
6729,6297963360.0,Oncology,2344885056.0
6730,6756477375.0,Nephrology,6756477375.0
6731,1783234071.0,Pediatrics,-1.0
6732,6922377726.0,Anesthesiology,3156365961.0
6733,9411532909.0,Endocrinology,9411532909.0
6734,4392849534.0,Emergency Medicine,4392849534.0
6735,4141796081.0,Nephrology,4141796081.0
6736,8200622923.0,Dermatology,8200622923.0
6737,2696227959.0,Cardiology,2696227959.0
6738,5164951786.0,Neurology,5164951786.0
6739,9804677062.0,Radiology,9804677062.0
6740,1604223913.0,Pulmonology,1604223913.0
6741,5510235152.0,General Surgery,5510235152.0
6742,7800680768.0,Psychiatry,7800680768.0
6743,-1.0,Urology,7483237090.0
6744,9375265373.0,Physical Medicine & Rehabilitation,3210486700.0
6745,5039402897.0,General Surgery,2068892081.0
6746,5209169576.0,Pathology,5209169576.0
6747,9534467201.0,Orthopedics,9534467201.0
6748,8712828384.0,Radiology,9968011872.0
6749,2853798776.0,Urology,2853798776.0
6750,8545210932.0,ENT,8545210932.0
6751,6845287382.0,Dermatology,6845287382.0
6752,8675071314.0,Physical Medicine & Rehabilitation,8675071314.0
6753,7449876106.0,Pulmonology,7449876106.0
6754,-1.0,OB/GYN,4806783637.0
6755,7097914256.0,Physical Medicine & Rehabilitation,7097914256.0
6756,9562384841.0,General Surgery,9562384841.0
6757,9867677356.0,Vascular Surgery,9867677356.0
6758,6073358284.0,Urology,6073358284.0
6759,3013083040.0,Rheumatology,1585816691.0
6760,1997208654.0,Radiology,8076661389.0
6761,2966554388.0,Radiology,4542257079.0
6762,2543980627.0,General Surgery,-1.0
6763,6046802796.0,Oncology,6046802796.0
6764,2634694666.0,Nephrology,2634694666.0
6765,4148561166.0,Psychiatry,4148561166.0
6766,-1.0,Podiatry,6405425950.0
6767,8523669425.0,Allergy & Immunology,1692276971.0
6768,6465727561.0,Gastroenterology,6465727561.0
6769,7487221152.0,Cardiology,9235215313.0
6770,4242119379.0,Family Medicine,4242119379.0
6771,-1.0,Podiatry,5216564572.0
6772,8770862758.0,ENT,8770862758.0
6773,3097056432.0,Family Medicine,3413477605.0
6774,4738737735.0,Infectious Disease,4738737735.0
6775,2753245431.0,Oncology,2753245431.0
6776,4450697526.0,Pulmonology,-1.0
6777,5073211715.0,Ophthalmology,9251073459.0
6778,3137507466.0,Anesthesiology,3137507466.0
6779,1522001184.0,Cardiology,9505520703.0
6780,3262584884.0,Ophthalmology,3262584884.0
6781,8239214548.0,Pediatrics,8239214548.0
6782,4630110926.0,Pulmonology,-1.0
6783,8846797777.0,Infectious Disease,-1.0
6784,6103204911.0,Pathology,5329990491.0
6785,6060868468.0,Dermatology,6060868468.0
6786,9251741685.0,Pediatrics,-1.0
6787,9345142789.0,Dermatology,9345142789.0
6788,-1.0,Orthopedics,9159090503.0
6789,-1.0,Emergency Medicine,8403360017.0
6790,-1.0,Internal Medicine,3046990957.0
6791,3261016130.0,Primary Care,3261016130.0
6792,1850071074.0,General Surgery,1850071074.0
6793,8346909445.0,Radiology,7171990384.0
6794,7319616386.0,Family Medicine,7319616386.0
6795,9183270055.0,Pediatrics,9183270055.0
6796,4266400036.0,Vascular Surgery,4266400036.0
6797,1834778099.0,OB/GYN,2903503531.0
6798,1900519707.0,Neurology,1876847675.0
6799,7654361461.0,Endocrinology,7654361461.0
6800,6309384962.0,Podiatry,6309384962.0
6801,8969097897.0,Oncology,8969097897.0
6802,8389750357.0,Plastic Surgery,6617911113.0
6803,1875153615.0,OB/GYN,1875153615.0
6804,2948517122.0,Family Medicine,4551301758.0
6805,-1.0,Emergency Medicine,9229118605.0
6806,5842299285.0,Anesthesiology,9232501465.0
6807,6714642858.0,Dermatology,6714642858.0
6808,-1.0,Pediatrics,7728371732.0
6809,6564277090.0,Psychiatry,6564277090.0
6810,4201293805.0,Physical Medicine & Rehabilitation,4201293805.0
6811,1021509464.0,Nephrology,1021509464.0
6812,7757426736.0,Neurology,7757426736.0
6813,4052772528.0,ENT,4052772528.0
6814,9403205543.0,Anesthesiology,9252542985.0
6815,3468224333.0,Allergy & Immunology,9257113780.0
6816,4333816842.0,Psychiatry,2482987463.0
6817,1565956995.0,OB/GYN,1396731432.0
6818,3753498424.0,Pathology,3753498424.0
6819,3792347639.0,Oncology,3792347639.0
6820,4386736808.0,Psychiatry,4386736808.0
6821,7838770471.0,Oncology,7838770471.0
6822,7904668955.0,Allergy & Immunology,7904668955.0
6823,9422491915.0,Radiology,9422491915.0
6824,8084139498.0,Ophthalmology,8084139498.0
6825,9074854048.0,Urology,9074854048.0
6826,8639993987.0,Ophthalmology,8639993987.0
6827,1688692817.0,Urology,1688692817.0
6828,1293864877.0,Anesthesiology,1293864877.0
6829,1009152377.0,Physical Medicine & Rehabilitation,1009152377.0
6830,8769564683.0,Psychiatry,1517132885.0
6831,9500625563.0,ENT,9500625563.0
6832,3136654202.0,Rheumatology,3136654202.0
6833,1158929824.0,Endocrinology,1158929824.0
6834,3500339713.0,Plastic Surgery,3500339713.0
6835,9527091489.0,Radiology,9527091489.0
6836,6582795032.0,Oncology,6582795032.0
6837,9347726341.0,Infectious Disease,9347726341.0
6838,-1.0,Cardiology,2111065867.0
6839,-1.0,Family Medicine,1531947664.0
6840,4022360089.0,Internal Medicine,4022360089.0
6841,2516549608.0,General Surgery,2516549608.0
6842,9020706213.0,Nephrology,9020706213.0
6843,6848136102.0,Pediatrics,6848136102.0
6844,-1.0,OB/GYN,2915946508.0
6845,8934658811.0,Pathology,8934658811.0
6846,8172685395.0,Oncology,2829714739.0
6847,1838539452.0,Orthopedics,1838539452.0
6848,2666018825.0,Allergy & Immunology,-1.0
6849,3307246477.0,Vascular Surgery,3307246477.0
6850,8025126426.0,Pediatrics,2364157743.0
6851,2428529361.0,Emergency Medicine,2428529361.0
6852,8737025391.0,Pediatrics,8737025391.0
6853,9773327464.0,Orthopedics,9773327464.0
6854,2724173979.0,Plastic Surgery,2724173979.0
6855,6520394348.0,Radiology,6217179522.0
6856,1619944010.0,Pediatrics,9879447023.0
6857,6411812236.0,Infectious Disease,4283505044.0
6858,3652998107.0,Infectious Disease,3652998107.0
6859,8414342463.0,Gastroenterology,9585423887.0
6860,5852181581.0,Cardiology,5852181581.0
6861,4712355473.0,Internal Medicine,4712355473.0
6862,4560527466.0,ENT,4906445071.0
6863,5021545783.0,Endocrinology,5021545783.0
6864,5910540335.0,Internal Medicine,-1.0
6865,6798623914.0,Urology,6171588845.0
6866,-1.0,Anesthesiology,1929903933.0
6867,-1.0,Nephrology,6680934492.0
6868,7180242731.0,General Surgery,4353836815.0
6869,-1.0,Internal Medicine,3775191098.0
6870,5728765136.0,Rheumatology,-1.0
6871,6856805469.0,Podiatry,6856805469.0
6872,9077968691.0,Vascular Surgery,9077968691.0
6873,6491364357.0,Nephrology,6491364357.0
6874,7730823799.0,Radiology,7730823799.0
6875,8112414509.0,Allergy & Immunology,3800021537.0
6876,9209762858.0,ENT,9209762858.0
6877,7246858055.0,General Surgery,7246858055.0
6878,6669510021.0,Nephrology,6669510021.0
6879,5315093457.0,Endocrinology,9052345303.0
6880,5041548888.0,Psychiatry,3331840163.0
6881,-1.0,Allergy & Immunology,9586660350.0
6882,6816998048.0,Ophthalmology,6816998048.0
6883,3372012966.0,Nephrology,3372012966.0
6884,7006388717.0,Neurology,7006388717.0
6885,7045593274.0,Endocrinology,7045593274.0
6886,3584719544.0,Emergency Medicine,3584719544.0
6887,5515725036.0,OB/GYN,5515725036.0
6888,1234238999.0,Infectious Disease,1234238999.0
6889,-1.0,Family Medicine,4291888618.0
6890,2202379878.0,Nephrology,2202379878.0
6891,2145349821.0,Emergency Medicine,2211728387.0
6892,4899835735.0,Oncology,4899835735.0
6893,4347221648.0,Pulmonology,-1.0
6894,5874232824.0,Allergy & Immunology,5874232824.0
6895,5581784456.0,Pathology,5581784456.0
6896,6161513987.0,Endocrinology,7842476684.0
6897,9186012425.0,Orthopedics,9186012425.0
6898,7242869869.0,Pulmonology,7038467330.0
6899,4646319385.0,Radiology,9301553361.0
6900,3732833956.0,General Surgery,3732833956.0
6901,4831693156.0,Allergy & Immunology,1652126587.0
6902,3931797751.0,ENT,7983396596.0
6903,1363516573.0,OB/GYN,1363516573.0
6904,2382352682.0,Internal Medicine,2382352682.0
6905,8443415675.0,Cardiology,8443415675.0
6906,9471942713.0,Podiatry,9471942713.0
6907,-1.0,Internal Medicine,4624971191.0
6908,4408662267.0,Allergy & Immunology,4408662267.0
6909,5381201661.0,Emergency Medicine,-1.0
6910,8489236010.0,Pediatrics,1361106651.0
6911,9273095975.0,Cardiology,8014140246.0
6912,7965608188.0,OB/GYN,7965608188.0
6913,5434678290.0,Ophthalmology,5434678290.0
6914,1136181174.0,Plastic Surgery,1136181174.0
6915,3138752908.0,Vascular Surgery,3138752908.0
6916,1671811990.0,OB/GYN,1671811990.0
6917,5136607835.0,Infectious Disease,5136607835.0
6918,7895989342.0,Pediatrics,4079168186.0
6919,7158270603.0,Pediatrics,7158270603.0
6920,9803267103.0,Emergency Medicine,9803267103.0
6921,5660584367.0,Anesthesiology,5660584367.0
6922,4167238651.0,Internal Medicine,4167238651.0
6923,5177200371.0,Nephrology,9759650220.0
6924,1636012605.0,Oncology,1636012605.0
6925,6655284375.0,ENT,6655284375.0
6926,-1.0,Endocrinology,7042485962.0
6927,4895849088.0,Pathology,4895849088.0
6928,-1.0,Ophthalmology,1309381429.0
6929,3227464625.0,Pediatrics,3227464625.0
6930,6937390011.0,OB/GYN,6937390011.0
6931,1791071554.0,Nephrology,3289762685.0
6932,3063088799.0,Orthopedics,-1.0
6933,9941564880.0,ENT,9941564880.0
6934,4922193193.0,Infectious Disease,4922193193.0
6935,8876564065.0,Orthopedics,8876564065.0
6936,3280137701.0,Ophthalmology,3280137701.0
6937,8183216649.0,General Surgery,8183216649.0
6938,5320534569.0,Pediatrics,-1.0
6939,7638795698.0,Infectious Disease,7638795698.0
6940,1203233294.0,Emergency Medicine,7348633107.0
6941,9623365510.0,Plastic Surgery,2989297962.0
6942,4901136913.0,Radiology,4901136913.0
6943,2108931441.0,Podiatry,-1.0
6944,1717462505.0,Infectious Disease,3195712622.0
6945,7463044261.0,Pulmonology,7463044261.0
6946,3377702111.0,Oncology,-1.0
6947,8888773421.0,Podiatry,8888773421.0
6948,2840877826.0,Pathology,7850148341.0
6949,3415641122.0,Oncology,3415641122.0
6950,6066196226.0,Cardiology,6066196226.0
6951,7039626948.0,Pathology,7039626948.0
6952,7827476439.0,ENT,7827476439.0
6953,-1.0,Endocrinology,8980163845.0
6954,3128675098.0,Nephrology,6345659034.0
6955,1288774964.0,Neurology,1639751314.0
6956,4281204295.0,OB/GYN,-1.0
6957,3369412470.0,Pulmonology,3369412470.0
6958,4938966574.0,Podiatry,4938966574.0
6959,3758579296.0,Pulmonology,3758579296.0
6960,-1.0,Endocrinology,3704349392.0
6961,3080288209.0,Physical Medicine & Rehabilitation,3080288209.0
6962,3655081209.0,Rheumatology,7707542522.0
6963,9084688219.0,Radiology,9084688219.0
6964,5881789005.0,Pediatrics,5881789005.0
6965,8615520791.0,Primary Care,8615520791.0
6966,4137245394.0,Pediatrics,4137245394.0
6967,9380837805.0,Primary Care,1100188955.0
6968,1731599900.0,Gastroenterology,1731599900.0
6969,4273037212.0,ENT,-1.0
6970,-1.0,Radiology,8910612643.0
6971,-1.0,Pulmonology,5397334192.0
6972,7264822511.0,Cardiology,7264822511.0
6973,1936390579.0,Infectious Disease,8224403543.0
6974,5696705856.0,Urology,-1.0
6975,5274679617.0,Vascular Surgery,3202012892.0
6976,9932532156.0,Psychiatry,9932532156.0
6977,7962066857.0,Physical Medicine & Rehabilitation,3016702903.0
6978,9549825267.0,Radiology,6144827560.0
6979,3837784389.0,Psychiatry,3837784389.0
6980,3864059081.0,Dermatology,8911122033.0
6981,4235480178.0,General Surgery,3098070004.0
6982,2002305548.0,ENT,2002305548.0
6983,4478291959.0,Podiatry,9943741424.0
6984,-1.0,Gastroenterology,7896596272.0
6985,2477046857.0,Vascular Surgery,7235913959.0
6986,6204862411.0,General Surgery,2446399510.0
6987,5599797330.0,Pathology,2136597059.0
6988,5440292367.0,Pathology,7775064459.0
6989,4901250013.0,Oncology,4901250013.0
6990,7890714185.0,OB/GYN,1427606069.0
6991,6392453535.0,Ophthalmology,6392453535.0
6992,1994531301.0,Physical Medicine & Rehabilitation,1994531301.0
6993,5032262443.0,Ophthalmology,5032262443.0
6994,3962452613.0,Primary Care,3962452613.0
6995,3906979852.0,Podiatry,3906979852.0
6996,6921203386.0,Oncology,-1.0
6997,-1.0,OB/GYN,7712708591.0
6998,1996918199.0,Gastroenterology,-1.0
6999,5156392601.0,Ophthalmology,5156392601.0
7000,-1.0,ENT,9339205305.0
7001,-1.0,Pediatrics,9045791189.0
7002,-1.0,Pulmonology,2711946840.0
7003,3015540125.0,Oncology,3015540125.0
7004,-1.0,Orthopedics,3498187046.0
7005,2161242492.0,Pathology,7164329564.0
7006,6565648575.0,Anesthesiology,6565648575.0
7007,8600298860.0,Plastic Surgery,8600298860.0
7008,4661383114.0,Dermatology,3191123153.0
7009,-1.0,Internal Medicine,9999156586.0
7010,4480771051.0,Pathology,4480771051.0
7011,6479346740.0,Psychiatry,6479346740.0
7012,4855172529.0,Rheumatology,4855172529.0
7013,4936276994.0,Radiology,4936276994.0
7014,7820755441.0,Orthopedics,7820755441.0
7015,8444402398.0,Pathology,5391454632.0
7016,9518223086.0,Gastroenterology,9518223086.0
7017,3944737340.0,Pathology,3944737340.0
7018,9207868038.0,Physical Medicine & Rehabilitation,9566684943.0
7019,2419179580.0,Oncology,8777314157.0
7020,8108704549.0,Physical Medicine & Rehabilitation,8108704549.0
7021,5047709743.0,Urology,4778313790.0
7022,4037119053.0,Orthopedics,8446876553.0
7023,7438628899.0,Infectious Disease,7438628899.0
7024,4118659296.0,Orthopedics,-1.0
7025,4200212544.0,Allergy & Immunology,2919117646.0
7026,1319608411.0,Oncology,3053910626.0
7027,4493121673.0,Vascular Surgery,4493121673.0
7028,6212809380.0,Infectious Disease,6212809380.0
7029,1786044885.0,Endocrinology,6462706053.0
7030,-1.0,Plastic Surgery,1979761581.0
7031,-1.0,Pediatrics,5889351240.0
7032,1549857034.0,Pulmonology,1549857034.0
7033,6513069182.0,Psychiatry,6513069182.0
7034,3008371727.0,Physical Medicine & Rehabilitation,3008371727.0
7035,7049423559.0,Anesthesiology,7049423559.0
7036,1872502717.0,Family Medicine,1872502717.0
7037,8691868390.0,Family Medicine,8691868390.0
7038,6915482645.0,Ophthalmology,6915482645.0
7039,1768980818.0,Internal Medicine,2916061763.0
7040,2142522582.0,Radiology,-1.0
7041,5619103195.0,Gastroenterology,5619103195.0
7042,2264942028.0,Emergency Medicine,2264942028.0
7043,8213945340.0,Gastroenterology,8213945340.0
7044,1054655025.0,ENT,1054655025.0
7045,6713042241.0,Plastic Surgery,6713042241.0
7046,6725503227.0,Emergency Medicine,6725503227.0
7047,6947471083.0,OB/GYN,6947471083.0
7048,4292023422.0,Cardiology,8749877916.0
7049,9797511791.0,Family Medicine,4058855711.0
7050,3364536052.0,Primary Care,3364536052.0
7051,9189853166.0,Allergy & Immunology,9189853166.0
7052,3720442203.0,Pathology,-1.0
7053,2580761716.0,Primary Care,2580761716.0
7054,5784450697.0,Radiology,-1.0
7055,5106748068.0,Oncology,5106748068.0
7056,1323339558.0,Allergy & Immunology,1323339558.0
7057,4778864717.0,Gastroenterology,4778864717.0
7058,1359553016.0,Nephrology,1359553016.0
7059,2345140115.0,Urology,7072386491.0
7060,8699244299.0,Family Medicine,-1.0
7061,2342094845.0,Family Medicine,2342094845.0
7062,9689404464.0,OB/GYN,9689404464.0
7063,-1.0,Pulmonology,6615791394.0
7064,8382052227.0,Cardiology,8382052227.0
7065,4177273646.0,General Surgery,2244245933.0
7066,1299970281.0,Gastroenterology,8312122040.0
7067,7387885748.0,Pathology,7387885748.0
7068,-1.0,OB/GYN,8880830366.0
7069,6534540349.0,Primary Care,6534540349.0
7070,2499028775.0,Pathology,2499028775.0
7071,9868845806.0,Orthopedics,9868845806.0
7072,7928452221.0,Pediatrics,7928452221.0
7073,7913813833.0,Primary Care,7913813833.0
7074,7855638604.0,Physical Medicine & Rehabilitation,7855638604.0
7075,3497104816.0,Podiatry,3497104816.0
7076,9703219293.0,General Surgery,1123045332.0
7077,5094088928.0,Radiology,5094088928.0
7078,1165675760.0,Psychiatry,1165675760.0
7079,4110258855.0,ENT,-1.0
7080,3255052081.0,Urology,7259612265.0
7081,3393118718.0,Gastroenterology,3393118718.0
7082,2121910732.0,Family Medicine,1980457671.0
7083,2988049941.0,Family Medicine,8500996657.0
7084,-1.0,Oncology,7266831678.0
7085,3593052392.0,Neurology,3593052392.0
7086,4501446994.0,Infectious Disease,4501446994.0
7087,2978664640.0,Physical Medicine & Rehabilitation,2978664640.0
7088,4463474778.0,Pulmonology,9458286945.0
7089,6714376755.0,Urology,6714376755.0
7090,5584157193.0,Psychiatry,8207023069.0
7091,8867392787.0,Anesthesiology,8867392787.0
7092,5824092354.0,Psychiatry,5824092354.0
7093,5728897164.0,Physical Medicine & Rehabilitation,5728897164.0
7094,3436327339.0,Emergency Medicine,3436327339.0
7095,9988966037.0,Pathology,9883233074.0
7096,8010218218.0,Allergy & Immunology,8010218218.0
7097,3003342401.0,Cardiology,3003342401.0
7098,6106856084.0,Orthopedics,6106856084.0
7099,8228480197.0,General Surgery,8228480197.0
7100,2521136431.0,Urology,5191153911.0
7101,5155014085.0,Anesthesiology,5155014085.0
7102,9358007444.0,Gastroenterology,9358007444.0
7103,9550822977.0,Allergy & Immunology,9550822977.0
7104,-1.0,Neurology,2140651959.0
7105,7061419749.0,Plastic Surgery,7061419749.0
7106,1549120831.0,Nephrology,1549120831.0
7107,-1.0,General Surgery,7152443211.0
7108,-1.0,Urology,3618973749.0
7109,3132298376.0,Psychiatry,-1.0
7110,6432741106.0,Podiatry,6432741106.0
7111,3063857179.0,OB/GYN,2928636967.0
7112,5173893550.0,Pediatrics,2204529096.0
7113,1541519541.0,Anesthesiology,1541519541.0
7114,7951820749.0,General Surgery,7951820749.0
7115,5822000305.0,Urology,6698992678.0
7116,2515672889.0,Ophthalmology,2515672889.0
7117,-1.0,OB/GYN,6336147893.0
7118,3830262384.0,Pulmonology,3830262384.0
7119,-1.0,Urology,8108182561.0
7120,1417333635.0,Allergy & Immunology,2081266682.0
7121,-1.0,Oncology,6298425823.0
7122,6364015307.0,Neurology,6364015307.0
7123,6859140780.0,OB/GYN,6859140780.0
7124,4157540189.0,Gastroenterology,4157540189.0
7125,3147716902.0,Plastic Surgery,5770975625.0
7126,6894808149.0,Endocrinology,4943530375.0
7127,5296710795.0,Psychiatry,-1.0
7128,-1.0,Infectious Disease,2268386576.0
7129,1550624593.0,Vascular Surgery,5995208970.0
7130,7037250227.0,Pathology,1795470153.0
7131,9981691030.0,Pediatrics,9981691030.0
7132,6879098746.0,Vascular Surgery,6879098746.0
7133,5578252120.0,General Surgery,8487854870.0
7134,5595526656.0,Emergency Medicine,5595526656.0
7135,8601409432.0,Urology,8601409432.0
7136,8017523794.0,Physical Medicine & Rehabilitation,8017523794.0
7137,3978287288.0,Neurology,4269808837.0
7138,2121568215.0,Physical Medicine & Rehabilitation,-1.0
7139,8968522393.0,Oncology,4172592335.0
7140,8025397565.0,Infectious Disease,8025397565.0
7141,1171840882.0,General Surgery,1171840882.0
7142,3660908675.0,Anesthesiology,3660908675.0
7143,8527715219.0,Pathology,8527715219.0
7144,-1.0,Urology,7513379703.0
7145,7786248655.0,Nephrology,-1.0
7146,6659676478.0,Primary Care,-1.0
7147,5037078715.0,Oncology,-1.0
7148,3583916930.0,Gastroenterology,3583916930.0
7149,6980369649.0,Psychiatry,4151520632.0
7150,1181144026.0,Primary Care,1181144026.0
7151,3755283933.0,ENT,4530939702.0
7152,1671960610.0,Anesthesiology,1704534163.0
7153,9696160042.0,Psychiatry,5647317243.0
7154,1461243650.0,Pathology,8539422314.0
7155,4069538076.0,Allergy & Immunology,4069538076.0
7156,-1.0,Cardiology,8044252026.0
7157,1533601670.0,Pulmonology,7040750610.0
7158,-1.0,Infectious Disease,2107655777.0
7159,3578325358.0,Physical Medicine & Rehabilitation,3578325358.0
7160,2113367267.0,Ophthalmology,2113367267.0
7161,9239253275.0,Primary Care,3204297399.0
7162,8642345291.0,Gastroenterology,8642345291.0
7163,6091979345.0,Neurology,6091979345.0
7164,6843025485.0,Pathology,9468972536.0
7165,2165144965.0,Emergency Medicine,2165144965.0
7166,8729959262.0,Plastic Surgery,8729959262.0
7167,8084809436.0,OB/GYN,1377986151.0
7168,-1.0,Primary Care,9728740274.0
7169,5391151076.0,Dermatology,8996317356.0
7170,3605959759.0,Endocrinology,3605959759.0
7171,-1.0,Allergy & Immunology,7003761377.0
7172,6369791138.0,Pulmonology,6369791138.0
7173,1876092918.0,Dermatology,1876092918.0
7174,4131726070.0,Radiology,4131726070.0
7175,7563042060.0,Rheumatology,-1.0
7176,3299785968.0,Emergency Medicine,4605236346.0
7177,5878096289.0,Ophthalmology,2938042470.0
7178,4620396719.0,Infectious Disease,4620396719.0
7179,7463349293.0,Neurology,7463349293.0
7180,-1.0,General Surgery,7561770072.0
7181,4680775250.0,Emergency Medicine,-1.0
7182,6153541642.0,Primary Care,6153541642.0
7183,3656086594.0,Family Medicine,3349679123.0
7184,2621593120.0,Physical Medicine & Rehabilitation,2621593120.0
7185,4665927028.0,Allergy & Immunology,4665927028.0
7186,1531393925.0,Allergy & Immunology,1531393925.0
7187,7728372274.0,Gastroenterology,7728372274.0
7188,8340650878.0,Urology,5445439737.0
7189,5861330704.0,Infectious Disease,8115878031.0
7190,8336093893.0,Ophthalmology,8336093893.0
7191,8315503189.0,Psychiatry,8315503189.0
7192,9206427606.0,Emergency Medicine,-1.0
7193,2849761315.0,Pulmonology,2849761315.0
7194,2710076377.0,Family Medicine,2710076377.0
7195,8490860098.0,Ophthalmology,8490860098.0
7196,9804130816.0,Rheumatology,9804130816.0
7197,8467250120.0,Radiology,8467250120.0
7198,6061557739.0,Internal Medicine,6061557739.0
7199,8065462614.0,Infectious Disease,7181082940.0
7200,2655546199.0,Psychiatry,2655546199.0
7201,6936231213.0,Internal Medicine,6936231213.0
7202,6141394879.0,OB/GYN,6141394879.0
7203,1051704079.0,Cardiology,1051704079.0
7204,1684044771.0,ENT,1684044771.0
7205,5376302686.0,Radiology,5293309996.0
7206,7098454628.0,Rheumatology,7483558296.0
7207,9115036120.0,General Surgery,9115036120.0
7208,1153931824.0,Podiatry,8477377913.0
7209,9435963050.0,General Surgery,9435963050.0
7210,7732162114.0,Urology,7732162114.0
7211,-1.0,Emergency Medicine,4604169265.0
7212,2215838266.0,Pathology,5382232659.0
7213,2070208023.0,Family Medicine,2070208023.0
7214,7821787690.0,Infectious Disease,7821787690.0
7215,8244577934.0,Neurology,8244577934.0
7216,8638811983.0,OB/GYN,8638811983.0
7217,9794925952.0,Ophthalmology,9794925952.0
7218,6310759305.0,Primary Care,6310759305.0
7219,-1.0,Primary Care,1911443310.0
7220,2714973730.0,Pathology,4604085366.0
7221,3070734230.0,Orthopedics,3070734230.0
7222,8560651734.0,General Surgery,8560651734.0
7223,8028975243.0,Dermatology,8028975243.0
7224,3734743433.0,Vascular Surgery,3734743433.0
7225,1558605632.0,Podiatry,1558605632.0
7226,2166605339.0,Radiology,2166605339.0
7227,8629295171.0,Primary Care,8629295171.0
7228,-1.0,Radiology,4201779808.0
7229,7660813178.0,Radiology,5059831276.0
7230,9997835899.0,Psychiatry,9997835899.0
7231,4667432589.0,Psychiatry,-1.0
7232,-1.0,Nephrology,2911232281.0
7233,3467566824.0,OB/GYN,3467566824.0
7234,4802927858.0,Rheumatology,4802927858.0
7235,2095662785.0,OB/GYN,2095662785.0
7236,1406795995.0,OB/GYN,1406795995.0
7237,-1.0,Anesthesiology,9086147474.0
7238,3550605518.0,Allergy & Immunology,3497532856.0
7239,5876644672.0,Emergency Medicine,5876644672.0
7240,3051831252.0,Vascular Surgery,-1.0
7241,6818230909.0,ENT,-1.0
7242,2284859269.0,Pathology,2284859269.0
7243,5564618134.0,Primary Care,-1.0
7244,8945385914.0,Emergency Medicine,8945385914.0
7245,2557901963.0,Infectious Disease,2557901963.0
7246,8351279458.0,Nephrology,8351279458.0
7247,7111396382.0,Primary Care,7111396382.0
7248,3831285092.0,Oncology,3831285092.0
7249,6920813013.0,Cardiology,1222682768.0
7250,-1.0,Emergency Medicine,4968454311.0
7251,2066074462.0,Physical Medicine & Rehabilitation,2066074462.0
7252,9483533885.0,Pulmonology,9483533885.0
7253,-1.0,Vascular Surgery,7493077954.0
7254,9475241888.0,OB/GYN,-1.0
7255,5676658689.0,Vascular Surgery,1001237473.0
7256,-1.0,Pathology,5308080826.0
7257,9895039022.0,Allergy & Immunology,3026029221.0
7258,6485057433.0,Plastic Surgery,6620811027.0
7259,9977755129.0,Vascular Surgery,-1.0
7260,-1.0,Nephrology,7960034188.0
7261,6625408114.0,Primary Care,7683652374.0
7262,-1.0,Dermatology,4096747609.0
7263,4953144588.0,Endocrinology,4953144588.0
7264,7635473142.0,Nephrology,7635473142.0
7265,6587745053.0,Infectious Disease,6587745053.0
7266,-1.0,Orthopedics,6492636707.0
7267,-1.0,Gastroenterology,4627577136.0
7268,4781982124.0,Plastic Surgery,4781982124.0
7269,6140827626.0,Pathology,6140827626.0
7270,7245450482.0,Emergency Medicine,7245450482.0
7271,4041530477.0,Pulmonology,4041530477.0
7272,2821658058.0,Pulmonology,2821658058.0
7273,-1.0,Physical Medicine & Rehabilitation,2461073468.0
7274,9758687253.0,Rheumatology,9265111826.0
7275,2235598059.0,Vascular Surgery,8930219045.0
7276,3981256048.0,Allergy & Immunology,-1.0
7277,7875911821.0,Physical Medicine & Rehabilitation,7875911821.0
7278,7474272494.0,Cardiology,7474272494.0
7279,7904559790.0,Oncology,7904559790.0
7280,-1.0,Ophthalmology,9655933303.0
7281,5969504517.0,Pulmonology,5969504517.0
7282,5281907480.0,Endocrinology,5281907480.0
7283,8151896308.0,Orthopedics,8955926495.0
7284,4148407142.0,Ophthalmology,4148407142.0
7285,4767633895.0,Pulmonology,4767633895.0
7286,5884207222.0,Rheumatology,9809310674.0
7287,9844857980.0,Primary Care,9844857980.0
7288,6609505682.0,Radiology,6609505682.0
7289,9174259566.0,Infectious Disease,2978465529.0
7290,8214323842.0,Rheumatology,8214323842.0
7291,9833236739.0,Anesthesiology,9833236739.0
7292,-1.0,Oncology,4659613908.0
7293,-1.0,Pulmonology,6729603288.0
7294,6839359948.0,Internal Medicine,6839359948.0
7295,3777580509.0,OB/GYN,-1.0
7296,9953440827.0,Pathology,9953440827.0
7297,-1.0,Pathology,9472515108.0
7298,3744126400.0,ENT,3744126400.0
7299,9545687374.0,Urology,9545687374.0
7300,2988693716.0,Oncology,2988693716.0
7301,2701177209.0,Cardiology,2701177209.0
7302,8612524573.0,Podiatry,8612524573.0
7303,2485167781.0,Neurology,2485167781.0
7304,8195219336.0,Cardiology,8195219336.0
7305,7951319487.0,Pathology,7951319487.0
7306,1537272283.0,Internal Medicine,1537272283.0
7307,3205292512.0,Psychiatry,6267435385.0
7308,3821524038.0,General Surgery,3821524038.0
7309,1885604031.0,Plastic Surgery,6002381219.0
7310,8150736635.0,Oncology,8150736635.0
7311,8730413737.0,Allergy & Immunology,8730413737.0
7312,1063161101.0,Ophthalmology,1063161101.0
7313,7163636069.0,Anesthesiology,7163636069.0
7314,6135803490.0,OB/GYN,6135803490.0
7315,8266252438.0,Gastroenterology,4813596753.0
7316,1257157317.0,ENT,1257157317.0
7317,6776388343.0,Emergency Medicine,3194933034.0
7318,5960796665.0,Urology,6609316450.0
7319,4046558332.0,Podiatry,9453116007.0
7320,7608272008.0,Anesthesiology,1948131563.0
7321,5303932022.0,Primary Care,5303932022.0
7322,8750840032.0,Plastic Surgery,-1.0
7323,6885086622.0,Endocrinology,6885086622.0
7324,8312316146.0,General Surgery,8312316146.0
7325,8211535119.0,Podiatry,8211535119.0
7326,2828799704.0,Podiatry,2828799704.0
7327,1842573576.0,Pathology,1842573576.0
7328,5673814572.0,Emergency Medicine,5673814572.0
7329,2812540682.0,Pediatrics,2812540682.0
7330,-1.0,Ophthalmology,3553440342.0
7331,3088037226.0,Pulmonology,3088037226.0
7332,-1.0,Pulmonology,4962639828.0
7333,3334248722.0,Cardiology,7771115700.0
7334,-1.0,Pulmonology,6217629094.0
7335,-1.0,Oncology,8345082682.0
7336,2842353139.0,Urology,2842353139.0
7337,9928259911.0,Anesthesiology,-1.0
7338,6679076361.0,Psychiatry,6679076361.0
7339,1788415032.0,Plastic Surgery,1788415032.0
7340,9548100389.0,Primary Care,-1.0
7341,7467776722.0,Infectious Disease,7467776722.0
7342,3288657098.0,Infectious Disease,3288657098.0
7343,2046556006.0,Cardiology,2046556006.0
7344,8504480573.0,Allergy & Immunology,8504480573.0
7345,2990636104.0,Psychiatry,6164738988.0
7346,7298679849.0,Pathology,7298679849.0
7347,8173432577.0,Pulmonology,8173432577.0
7348,-1.0,Infectious Disease,5250149467.0
7349,-1.0,Neurology,9422091274.0
7350,-1.0,Psychiatry,6642551398.0
7351,1291851443.0,General Surgery,1291851443.0
7352,7792772744.0,Physical Medicine & Rehabilitation,7792772744.0
7353,4614553158.0,Pulmonology,5371726269.0
7354,-1.0,Emergency Medicine,6611356986.0
7355,9397022100.0,Anesthesiology,9397022100.0
7356,2346406906.0,Podiatry,2346406906.0
7357,7527286842.0,Neurology,9206983391.0
7358,6897612430.0,Psychiatry,7623557586.0
7359,-1.0,OB/GYN,3502730449.0
7360,2740563054.0,Nephrology,2740563054.0
7361,1673671104.0,Rheumatology,2953121267.0
7362,3696107066.0,Primary Care,3696107066.0
7363,9047875135.0,Urology,9047875135.0
7364,7055514511.0,Pediatrics,1789810139.0
7365,9941761270.0,Allergy & Immunology,7618354564.0
7366,-1.0,Pediatrics,2126066292.0
7367,2180845948.0,Endocrinology,2180845948.0
7368,3100976852.0,Urology,3100976852.0
7369,9574071063.0,Radiology,7722588138.0
7370,8318883321.0,Radiology,-1.0
7371,9872881926.0,OB/GYN,-1.0
7372,5013802920.0,Nephrology,5013802920.0
7373,9333490239.0,Psychiatry,4593293538.0
7374,3068007538.0,Pediatrics,3068007538.0
7375,7784980390.0,Internal Medicine,7784980390.0
7376,-1.0,Cardiology,1274722641.0
7377,2305260125.0,General Surgery,2305260125.0
7378,5520414347.0,Podiatry,5520414347.0
7379,7678038261.0,Cardiology,7678038261.0
7380,7278262300.0,Pathology,7278262300.0
7381,5240686279.0,Pulmonology,5240686279.0
7382,9052616591.0,Vascular Surgery,9052616591.0
7383,6272305209.0,Urology,5782649933.0
7384,5693756540.0,Endocrinology,5693756540.0
7385,-1.0,ENT,4996454615.0
7386,1537118750.0,Dermatology,1537118750.0
7387,-1.0,Urology,4782698673.0
7388,5222105511.0,Pulmonology,5222105511.0
7389,-1.0,Endocrinology,4653316493.0
7390,7384440186.0,Rheumatology,-1.0
7391,1677403680.0,Urology,4782621552.0
7392,8826151973.0,Urology,-1.0
7393,5353983527.0,Ophthalmology,9752879426.0
7394,9674159685.0,Plastic Surgery,9674159685.0
7395,5719458685.0,Urology,5719458685.0
7396,5529063864.0,Pediatrics,5529063864.0
7397,2719966564.0,Radiology,2215922575.0
7398,-1.0,Vascular Surgery,9614798245.0
7399,9258493150.0,Pathology,5633936422.0
7400,3667740351.0,Oncology,7115235269.0
7401,9390892676.0,Primary Care,9390892676.0
7402,8212956883.0,Radiology,8212956883.0
7403,8763064980.0,Urology,4542143922.0
7404,1035178153.0,General Surgery,-1.0
7405,7032502823.0,General Surgery,7032502823.0
7406,9248520962.0,Emergency Medicine,5488757963.0
7407,6933946911.0,Physical Medicine & Rehabilitation,6933946911.0
7408,8998080862.0,ENT,-1.0
7409,6187391882.0,Pediatrics,3106044657.0
7410,9563165079.0,ENT,-1.0
7411,3550109762.0,Oncology,7810547023.0
7412,1828779668.0,Infectious Disease,6330077957.0
7413,7180569787.0,Plastic Surgery,4549895990.0
7414,-1.0,Rheumatology,7021590729.0
7415,2485455239.0,Urology,2485455239.0
7416,3699422320.0,Pulmonology,3699422320.0
7417,1542153826.0,Primary Care,1542153826.0
7418,5070585433.0,Pediatrics,3159497881.0
7419,5631725051.0,Plastic Surgery,-1.0
7420,4478233603.0,Plastic Surgery,4478233603.0
7421,9287521677.0,Infectious Disease,5361823327.0
7422,5487078719.0,Infectious Disease,1743134658.0
7423,7369118672.0,ENT,7369118672.0
7424,1605064858.0,Oncology,8144880989.0
7425,8936326783.0,Primary Care,8936326783.0
7426,-1.0,Ophthalmology,7396288520.0
7427,2164159934.0,OB/GYN,2164159934.0
7428,2333241445.0,Rheumatology,5855904021.0
7429,4340450663.0,Vascular Surgery,4340450663.0
7430,8900070153.0,Urology,8900070153.0
7431,4708226461.0,Neurology,3217191639.0
7432,-1.0,Infectious Disease,9181077260.0
7433,9358638318.0,Family Medicine,9358638318.0
7434,6732648420.0,Gastroenterology,6732648420.0
7435,1446362270.0,General Surgery,1446362270.0
7436,9417345785.0,Physical Medicine & Rehabilitation,4570736677.0
7437,8168310659.0,Pulmonology,8168310659.0
7438,9357790587.0,Pathology,2651190410.0
7439,4928031335.0,Podiatry,9679533092.0
7440,6745354940.0,OB/GYN,4761925336.0
7441,3303432783.0,OB/GYN,3303432783.0
7442,9935763645.0,Pulmonology,5159127423.0
7443,4454368422.0,Physical Medicine & Rehabilitation,-1.0
7444,4216354126.0,Podiatry,6497900728.0
7445,3638757891.0,Rheumatology,3638757891.0
7446,2719329399.0,Radiology,2719329399.0
7447,2774010584.0,Endocrinology,2938348356.0
7448,6857205431.0,Pathology,6857205431.0
7449,-1.0,Psychiatry,2981555412.0
7450,5524971263.0,Urology,5524971263.0
7451,8431007395.0,Emergency Medicine,3722966595.0
