procedure_code,procedure_descrption,category,proc_sk
11721,Debridement nail,Procedure,1
15734,Scar revision,Procedure,2
96372,Therapeutic injection,Procedure,3
92511,Speech audiometry,Diagnostic,4
87070,"Culture, bacteria, other",Lab,5
90791,Psychiatric diagnostic eval,Evaluation & Management,6
96372,Therapeutic injection,Procedure,7
20610,"Arthrocentesis, small joint",Procedure,8
93306,Echocardiogram,Imaging,9
11721,Debridement nail,Procedure,10
27447,Knee replacement,Surgery,11
70450,CT Head without contrast,Imaging,12
99213,Office visit,Evaluation & Management,13
15734,Scar revision,Procedure,14
96372,Therapeutic injection,Procedure,15
15734,Scar revision,Procedure,16
96413,Chemotherapy administration,Procedure,17
80048,Basic metabolic panel,Lab,18
99213,Office/outpatient visit EST,Evaluation & Management,19
92014,Ophthalmology exam,Evaluation & Management,20
90791,Psychiatric diagnostic eval,Evaluation & Management,21
95816,EEG,Diagnostic,22
67028,Retinal surgery,Surgery,23
93000,Electrocardiogram,Diagnostic,24
93306,Echocardiogram,Imaging,25
90792,Rheumatology consult,Evaluation & Management,26
90791,Psychiatric diagnostic eval,Evaluation & Management,27
90792,Unknown Procedure,Evaluation & Management,28
11721,Debridement nail,Procedure,29
71020,Chest X-ray,Imaging,30
90791,Psychiatric diagnostic eval,Evaluation & Management,31
15734,Scar revision,Procedure,32
67028,Retinal surgery,Surgery,33
87070,"Culture, bacterial",Lab,34
71020,Chest X-ray,Imaging,35
95115,Allergy testing,Procedure,36
96413,Chemotherapy administration,Procedure,37
71020,Chest X-ray,Imaging,38
71020,Chest X-ray,Imaging,39
15734,Scar revision,Procedure,40
87070,"Culture, bacterial",Lab,41
99214,Office/outpatient visit EST - extended,Evaluation & Management,42
11721,Debridement nail,Procedure,43
20610,"Arthrocentesis, small joint",Procedure,44
00520,Anesthesia for procedures,Procedure,45
00520,Anesthesia for procedures,Procedure,46
95816,EEG,Diagnostic,47
27447,Knee replacement,Surgery,48
49900,Appendectomy,Surgery,49
12001,Simple repair of wound,Procedure,50
58150,Cesarean delivery,Surgery,51
92511,Nasopharyngoscopy,Diagnostic,52
00520,Anesthesia for procedures,Procedure,53
92014,Ophthalmology exam,Evaluation & Management,54
99213,Office/outpatient visit EST,Evaluation & Management,55
99213,Office/outpatient visit EST,Evaluation & Management,56
70450,CT Head without contrast,Imaging,57
99213,Pediatric office visit,Evaluation & Management,58
20610,"Arthrocentesis, small joint",Procedure,59
80050,General health panel,Lab,60
92014,Ophthalmology exam,Evaluation & Management,61
12001,Simple repair of wound,Procedure,62
58150,Cesarean delivery,Surgery,63
15734,Scar revision,Procedure,64
49900,Appendectomy,Surgery,65
99285,Emergency department visit - high severity,Emergency,66
15734,Scar revision,Procedure,67
95816,EEG,Diagnostic,68
96413,Unknown Procedure,Procedure,69
88305,Pathology tissue exam,Lab,70
52000,Cystoscopy,Procedure,71
99285,Emergency department visit - high severity,Emergency,72
54520,Orchiectomy,Surgery,73
95117,Allergy injection,Procedure,74
95117,Immunotherapy injections,Procedure,75
70450,CT Head without contrast,Imaging,76
31500,Intubation,Procedure,77
88305,Pathology tissue exam,Lab,78
93306,Echocardiogram,Imaging,79
11721,Debridement nail,Procedure,80
00520,Anesthesia for procedures,Procedure,81
A0425,Ambulance service,Procedure,82
99214,Office/outpatient visit EST - extended,Evaluation & Management,83
92511,Speech audiometry,Diagnostic,84
00520,Unknown Procedure,Procedure,85
99213,"Office/outpatient visit, est",Evaluation & Management,86
94010,Pulmonary function test,Diagnostic,87
93458,Cardiac cath,Procedure,88
87070,"Culture, bacterial",Lab,89
94010,Pulmonary function test,Diagnostic,90
20610,"Arthrocentesis, small joint",Procedure,91
31500,Intubation,Procedure,92
80047,Renal panel,Lab,93
15734,Scar revision,Procedure,94
94010,Pulmonary function test,Diagnostic,95
88305,Pathology tissue exam,Lab,96
70450,CT Head without contrast,Imaging,97
88305,Tissue exam by pathologist,Lab,98
70450,Ct head/brain w/o dye,Imaging,99
11721,Debridement nail,Procedure,100
80047,Renal panel,Lab,101
90471,Immunization administration,Preventive,102
35301,Bypass graft,Surgery,103
96372,Therapeutic injection,Procedure,104
27447,Knee replacement,Surgery,105
52000,Cystoscopy,Procedure,106
96372,Therapeutic injection,Procedure,107
35301,Bypass graft,Surgery,108
90791,Unknown Procedure,Evaluation & Management,109
35301,Bypass graft,Surgery,110
71020,Chest X-ray,Imaging,111
11102,Skin lesion excision,Procedure,112
99213,Pediatric office visit,Evaluation & Management,113
99213,Office/outpatient visit EST,Evaluation & Management,114
70450,CT Head without contrast,Imaging,115
92511,Speech audiometry,Diagnostic,116
A0425,Ambulance service,Procedure,117
54520,Orchiectomy,Surgery,118
95115,Allergy testing,Procedure,119
58150,Cesarean delivery,Surgery,120
35301,Bypass graft,Surgery,121
11721,Debridement nail,Procedure,122
99213,"Office/outpatient visit, est",Evaluation & Management,123
35301,Bypass graft,Surgery,124
70450,Ct head/brain w/o dye,Imaging,125
15734,Scar revision,Procedure,126
88305,Pathology tissue exam,Lab,127
93458,Cardiac cath,Procedure,128
76830,"Transvaginal us, non-ob",Imaging,129
95810,Nerve conduction study,Diagnostic,130
80050,General health panel,Lab,131
99214,Office visit extended,Evaluation & Management,132
35301,Bypass graft,Surgery,133
95115,Allergy testing,Procedure,134
95115,Allergy testing,Procedure,135
90791,Unknown Procedure,Evaluation & Management,136
99213,Office visit,Evaluation & Management,137
58150,Cesarean delivery,Surgery,138
71020,Chest X-ray,Imaging,139
71020,Chest x-ray,Imaging,140
20610,"Arthrocentesis, small joint",Procedure,141
15734,Scar revision,Procedure,142
96413,Chemotherapy administration,Procedure,143
90791,Psychiatric diagnostic eval,Evaluation & Management,144
94010,Pulmonary function test,Diagnostic,145
90471,Immunization administration,Preventive,146
99213,Office visit,Evaluation & Management,147
71020,Chest X-ray,Imaging,148
17000,Destruction benign lesion,Procedure,149
35301,Rechanneling of artery,Surgery,150
87070,"Culture, bacterial",Lab,151
71020,Chest X-ray,Imaging,152
99213,Pediatric office visit,Evaluation & Management,153
99214,Office/outpatient visit EST - extended,Evaluation & Management,154
00520,Unknown Procedure,Procedure,155
67028,Retinal surgery,Surgery,156
11102,Skin lesion excision,Procedure,157
11102,Skin lesion excision,Procedure,158
80048,Thyroid panel,Lab,159
90792,Rheumatology consult,Evaluation & Management,160
88305,Tissue exam by pathologist,Lab,161
96372,Therapeutic injection,Procedure,162
11721,Debridement nail,Procedure,163
92014,Eye exam & treatment,Evaluation & Management,164
31500,Intubation,Procedure,165
80047,Renal panel,Lab,166
67028,Retinal surgery,Surgery,167
93458,Cardiac cath,Procedure,168
80047,Renal panel,Lab,169
95117,Allergy injection,Procedure,170
58150,Cesarean delivery,Surgery,171
A0425,Ambulance service,Procedure,172
99213,Office visit,Evaluation & Management,173
96413,Chemotherapy administration,Procedure,174
27447,Knee replacement,Surgery,175
80047,Unknown Procedure,Lab,176
94010,Pulmonary function test,Diagnostic,177
90792,Rheumatology consult,Evaluation & Management,178
35301,Bypass graft,Surgery,179
90792,Rheumatology consult,Evaluation & Management,180
11102,Skin lesion excision,Procedure,181
88305,Pathology tissue exam,Lab,182
92014,Ophthalmology exam,Evaluation & Management,183
00520,Anesthesia for procedures,Procedure,184
99213,Office/outpatient visit EST,Evaluation & Management,185
71020,Chest X-ray,Imaging,186
96413,Chemotherapy administration,Procedure,187
99214,"Office/outpatient visit, est",Evaluation & Management,188
93306,Echocardiogram,Imaging,189
90792,Rheumatology consult,Evaluation & Management,190
A0425,Ambulance service,Procedure,191
31500,Intubation,Procedure,192
20610,"Arthrocentesis, small joint",Procedure,193
11102,Skin lesion excision,Procedure,194
11721,Debridement nail,Procedure,195
70450,CT Head without contrast,Imaging,196
31231,Nasal polypectomy,Procedure,197
93458,Cardiac cath,Procedure,198
71020,Chest X-ray,Imaging,199
99213,Office/outpatient visit EST,Evaluation & Management,200
90791,Psychiatric diagnostic eval,Evaluation & Management,201
31500,Intubation,Procedure,202
12001,Simple repair of wound,Procedure,203
31231,Nasal polypectomy,Procedure,204
49900,Repair of abdominal wall,Surgery,205
11721,Debridement nail,Procedure,206
94010,Pulmonary function test,Diagnostic,207
50360,Dialysis access procedure,Procedure,208
27447,Knee replacement,Surgery,209
71020,Chest X-ray,Imaging,210
35301,Bypass graft,Surgery,211
92014,Ophthalmology exam,Evaluation & Management,212
80050,General health panel,Lab,213
87070,"Culture, bacterial",Lab,214
67028,Retinal surgery,Surgery,215
99213,Pediatric office visit,Evaluation & Management,216
49900,Appendectomy,Surgery,217
11721,Debridement nail,Procedure,218
35301,Bypass graft,Surgery,219
93458,Cardiac cath,Procedure,220
35301,Bypass graft,Surgery,221
12001,Simple repair of wound,Procedure,222
00520,Anesthesia for procedures,Procedure,223
88305,Pathology tissue exam,Lab,224
90791,Psychiatric diagnostic eval,Evaluation & Management,225
11721,Debridement nail,Procedure,226
15734,"Muscle-skin graft, trunk",Procedure,227
80047,Renal panel,Lab,228
99213,Office/outpatient visit EST,Evaluation & Management,229
96372,Unknown Procedure,Procedure,230
49900,Appendectomy,Surgery,231
99213,Pediatric office visit,Evaluation & Management,232
80048,Thyroid panel,Lab,233
11721,Debridement nail,Procedure,234
99213,Office/outpatient visit EST,Evaluation & Management,235
90792,Rheumatology consult,Evaluation & Management,236
15734,Scar revision,Procedure,237
87070,"Culture, bacterial",Lab,238
31231,"Nasal endoscopy, dx",Procedure,239
11721,"Debride nail, 6 or more",Procedure,240
80047,Renal panel,Lab,241
17000,Destruction benign lesion,Procedure,242
50360,Dialysis access procedure,Procedure,243
49900,Appendectomy,Surgery,244
54520,Orchiectomy,Surgery,245
15734,Scar revision,Procedure,246
12001,Simple repair of wound,Procedure,247
88305,Pathology tissue exam,Lab,248
11721,Debridement nail,Procedure,249
99213,Office/outpatient visit EST,Evaluation & Management,250
50360,Dialysis access procedure,Procedure,251
76830,Pelvic ultrasound,Imaging,252
92014,Ophthalmology exam,Evaluation & Management,253
90791,Psychiatric diagnostic eval,Evaluation & Management,254
27447,Knee replacement,Surgery,255
96372,Therapeutic injection,Procedure,256
88305,Pathology tissue exam,Lab,257
95810,"Polysomnography, 4 or more",Diagnostic,258
58150,Total hysterectomy,Surgery,259
93000,Electrocardiogram,Diagnostic,260
95117,Allergy injection,Procedure,261
49900,Appendectomy,Surgery,262
71020,Chest X-ray,Imaging,263
90791,Psychiatric diagnostic eval,Evaluation & Management,264
11721,Debridement nail,Procedure,265
11721,Debridement nail,Procedure,266
95115,Allergy testing,Procedure,267
95115,Allergy testing,Procedure,268
99213,"Office/outpatient visit, est",Evaluation & Management,269
92511,Nasopharyngoscopy,Diagnostic,270
88305,Tissue exam by pathologist,Lab,271
35301,Bypass graft,Surgery,272
43239,"Upper GI endoscopy, biopsy",Procedure,273
88305,Pathology tissue exam,Lab,274
43239,EGD,Procedure,275
92014,Ophthalmology exam,Evaluation & Management,276
70450,CT Head without contrast,Imaging,277
90791,Psychiatric diagnostic eval,Evaluation & Management,278
71020,Chest X-ray,Imaging,279
92511,Speech audiometry,Diagnostic,280
50360,Transplantation of kidney,Procedure,281
90791,Psychiatric diagnostic eval,Evaluation & Management,282
11721,Debridement nail,Procedure,283
88305,Pathology tissue exam,Lab,284
90471,Immunization administration,Preventive,285
88305,Pathology tissue exam,Lab,286
95810,"Polysomnography, 4 or more",Diagnostic,287
58150,Cesarean delivery,Surgery,288
94010,Pulmonary function test,Diagnostic,289
67028,Injection eye drug,Surgery,290
99213,Pediatric office visit,Evaluation & Management,291
93000,"Electrocardiogram, complete",Diagnostic,292
80048,Thyroid panel,Lab,293
49900,Repair of abdominal wall,Surgery,294
71020,Chest X-ray,Imaging,295
71020,Chest X-ray,Imaging,296
88305,Pathology tissue exam,Lab,297
12001,Simple repair of wound,Procedure,298
88305,Pathology tissue exam,Lab,299
96372,Therapeutic injection,Procedure,300
99213,Pediatric office visit,Evaluation & Management,301
87070,"Culture, bacterial",Lab,302
17000,Destruction benign lesion,Procedure,303
90791,Psychiatric diagnostic eval,Evaluation & Management,304
A0425,Ambulance service,Procedure,305
17000,Destruction benign lesion,Procedure,306
54520,Orchiectomy,Surgery,307
80048,Thyroid panel,Lab,308
88305,Pathology tissue exam,Lab,309
90471,Immunization administration,Preventive,310
95816,EEG,Diagnostic,311
99213,Pediatric office visit,Evaluation & Management,312
31500,Intubation,Procedure,313
99213,Office/outpatient visit EST,Evaluation & Management,314
99213,Office/outpatient visit EST,Evaluation & Management,315
95117,Allergy injection,Procedure,316
00520,Anesthesia for procedures,Procedure,317
35301,Bypass graft,Surgery,318
54520,Orchiectomy,Surgery,319
99213,Office/outpatient visit EST,Evaluation & Management,320
71020,Chest X-ray,Imaging,321
90471,Immunization administration,Preventive,322
15734,Scar revision,Procedure,323
90471,Immunization administration,Preventive,324
35301,Bypass graft,Surgery,325
95810,Nerve conduction study,Diagnostic,326
20610,"Arthrocentesis, small joint",Procedure,327
80048,Thyroid panel,Lab,328
35301,Bypass graft,Surgery,329
95810,Nerve conduction study,Diagnostic,330
35301,Bypass graft,Surgery,331
12001,Simple repair of wound,Procedure,332
95816,EEG,Diagnostic,333
90792,Rheumatology consult,Evaluation & Management,334
90792,Rheumatology consult,Evaluation & Management,335
27447,Knee replacement,Surgery,336
99213,"Office/outpatient visit, est",Evaluation & Management,337
93000,Electrocardiogram,Diagnostic,338
70450,Ct head/brain w/o dye,Imaging,339
95810,Nerve conduction study,Diagnostic,340
99214,Office/outpatient visit EST - extended,Evaluation & Management,341
95810,Nerve conduction study,Diagnostic,342
50360,Dialysis access procedure,Procedure,343
96372,Therapeutic injection,Procedure,344
52000,Cystoscopy,Procedure,345
35301,Bypass graft,Surgery,346
90792,Rheumatology consult,Evaluation & Management,347
80047,Renal panel,Lab,348
15734,Scar revision,Procedure,349
15734,"Muscle-skin graft, trunk",Procedure,350
20610,"Arthrocentesis, small joint",Procedure,351
90471,Immunization administration,Preventive,352
90791,Psychiatric diagnostic eval,Evaluation & Management,353
88305,Pathology tissue exam,Lab,354
20610,"Arthrocentesis, small joint",Procedure,355
95117,Allergy injection,Procedure,356
90792,Rheumatology consult,Evaluation & Management,357
71020,Chest X-ray,Imaging,358
99214,Office visit extended,Evaluation & Management,359
99214,Office visit extended,Evaluation & Management,360
35301,Bypass graft,Surgery,361
58150,Total hysterectomy,Surgery,362
95810,"Polysomnography, 4 or more",Diagnostic,363
80050,General health panel,Lab,364
20610,"Arthrocentesis, small joint",Procedure,365
49900,Appendectomy,Surgery,366
43239,EGD,Procedure,367
95816,EEG,Diagnostic,368
90791,Psychiatric diagnostic eval,Evaluation & Management,369
99213,Office visit,Evaluation & Management,370
88305,Pathology tissue exam,Lab,371
93000,Electrocardiogram,Diagnostic,372
90792,Rheumatology consult,Evaluation & Management,373
58150,Cesarean delivery,Surgery,374
95117,Allergy injection,Procedure,375
90471,Immunization administration,Preventive,376
95816,EEG,Diagnostic,377
71020,Chest X-ray,Imaging,378
11721,Debridement nail,Procedure,379
95117,Allergy injection,Procedure,380
90471,Immunization administration,Preventive,381
90792,Rheumatology consult,Evaluation & Management,382
88305,Pathology tissue exam,Lab,383
90791,Psychiatric diagnostic eval,Evaluation & Management,384
96372,Therapeutic injection,Procedure,385
15734,Scar revision,Procedure,386
71020,Chest X-ray,Imaging,387
90471,Immunization administration,Preventive,388
90792,Unknown Procedure,Evaluation & Management,389
80050,General health panel,Lab,390
99213,Office/outpatient visit EST,Evaluation & Management,391
93458,Cardiac cath,Procedure,392
80050,General health panel,Lab,393
95816,EEG,Diagnostic,394
99214,"Office/outpatient visit, est",Evaluation & Management,395
12001,Simple repair of wound,Procedure,396
67028,Retinal surgery,Surgery,397
67028,Retinal surgery,Surgery,398
99214,Office/outpatient visit EST - extended,Evaluation & Management,399
43239,EGD,Procedure,400
90791,Psychiatric diagnostic eval,Evaluation & Management,401
31231,Nasal polypectomy,Procedure,402
88305,Pathology tissue exam,Lab,403
99213,"Office/outpatient visit, est",Evaluation & Management,404
35301,Bypass graft,Surgery,405
43239,EGD,Procedure,406
67028,Retinal surgery,Surgery,407
15734,Scar revision,Procedure,408
76830,"Transvaginal us, non-ob",Imaging,409
95115,Allergy testing,Procedure,410
31231,Nasal polypectomy,Procedure,411
90792,Rheumatology consult,Evaluation & Management,412
99213,"Office/outpatient visit, est",Evaluation & Management,413
99285,Emergency department visit - high severity,Emergency,414
11721,"Debride nail, 6 or more",Procedure,415
90471,Immunization administration,Preventive,416
80050,General health panel,Lab,417
99213,Office visit,Evaluation & Management,418
31500,Intubation,Procedure,419
95810,Nerve conduction study,Diagnostic,420
35301,Bypass graft,Surgery,421
94010,Breathing capacity test,Diagnostic,422
88305,Tissue exam by pathologist,Lab,423
88305,Tissue exam by pathologist,Lab,424
00520,Anesthesia for procedures,Procedure,425
80048,Thyroid panel,Lab,426
80047,Renal panel,Lab,427
99214,Office/outpatient visit EST - extended,Evaluation & Management,428
80048,Basic metabolic panel,Lab,429
50360,Dialysis access procedure,Procedure,430
20610,"Arthrocentesis, small joint",Procedure,431
12001,Simple repair of wound,Procedure,432
99214,Office/outpatient visit EST - extended,Evaluation & Management,433
A0425,Ambulance service,Procedure,434
90792,Unknown Procedure,Evaluation & Management,435
35301,Bypass graft,Surgery,436
99213,Office/outpatient visit EST,Evaluation & Management,437
11102,Skin lesion excision,Procedure,438
11721,Debridement nail,Procedure,439
94010,Pulmonary function test,Diagnostic,440
90471,Immunization administration,Preventive,441
99213,Office visit,Evaluation & Management,442
90471,Immunization administration,Preventive,443
71020,Chest X-ray,Imaging,444
35301,Bypass graft,Surgery,445
35301,Bypass graft,Surgery,446
93458,Cardiac cath,Procedure,447
00520,Anesthesia for procedures,Procedure,448
20610,"Drain/inject, joint/bursa",Procedure,449
17000,Destruction benign lesion,Procedure,450
11721,"Debride nail, 6 or more",Procedure,451
90471,Immunization administration,Preventive,452
95810,Nerve conduction study,Diagnostic,453
27447,Knee replacement,Surgery,454
87070,"Culture, bacteria, other",Lab,455
71020,Chest X-ray,Imaging,456
96413,Chemotherapy administration,Procedure,457
96372,Therapeutic injection,Procedure,458
71020,Chest X-ray,Imaging,459
88305,Pathology tissue exam,Lab,460
96413,Chemotherapy administration,Procedure,461
27447,Knee replacement,Surgery,462
90791,Psychiatric diagnostic eval,Evaluation & Management,463
49900,Appendectomy,Surgery,464
71020,Chest X-ray,Imaging,465
95816,EEG,Diagnostic,466
96372,Therapeutic injection,Procedure,467
88305,Pathology tissue exam,Lab,468
90791,Psychiatric diagnostic eval,Evaluation & Management,469
99213,Office/outpatient visit EST,Evaluation & Management,470
15734,Scar revision,Procedure,471
88305,Pathology tissue exam,Lab,472
90792,Unknown Procedure,Evaluation & Management,473
15734,Scar revision,Procedure,474
93306,Echocardiogram,Imaging,475
80050,General health panel,Lab,476
95816,EEG,Diagnostic,477
92014,Ophthalmology exam,Evaluation & Management,478
80050,General health panel,Lab,479
99214,Office/outpatient visit EST - extended,Evaluation & Management,480
35301,Bypass graft,Surgery,481
90792,Rheumatology consult,Evaluation & Management,482
71020,Chest X-ray,Imaging,483
11721,Debridement nail,Procedure,484
43239,"Upper GI endoscopy, biopsy",Procedure,485
88305,Pathology tissue exam,Lab,486
70450,CT Head without contrast,Imaging,487
43239,EGD,Procedure,488
67028,Retinal surgery,Surgery,489
71020,Chest X-ray,Imaging,490
80050,General health panel,Lab,491
11721,Debridement nail,Procedure,492
80050,General health panel,Lab,493
99214,Office/outpatient visit EST - extended,Evaluation & Management,494
99213,Office visit,Evaluation & Management,495
99285,Emergency department visit - high severity,Emergency,496
90792,Rheumatology consult,Evaluation & Management,497
93458,Cardiac cath,Procedure,498
94010,Pulmonary function test,Diagnostic,499
A0425,Ambulance service,Procedure,500
80048,Thyroid panel,Lab,501
87070,"Culture, bacterial",Lab,502
43239,EGD,Procedure,503
54520,Orchiectomy,Surgery,504
49900,Appendectomy,Surgery,505
11102,Skin lesion excision,Procedure,506
99213,Pediatric office visit,Evaluation & Management,507
99214,Office/outpatient visit EST - extended,Evaluation & Management,508
71020,Chest X-ray,Imaging,509
35301,Rechanneling of artery,Surgery,510
90471,Immunization admin,Preventive,511
99213,Office/outpatient visit EST,Evaluation & Management,512
95816,"Eeg, awake and drowsy",Diagnostic,513
90792,Rheumatology consult,Evaluation & Management,514
11102,Skin lesion excision,Procedure,515
70450,CT Head without contrast,Imaging,516
54520,Orchiectomy,Surgery,517
80048,Thyroid panel,Lab,518
20610,"Drain/inject, joint/bursa",Procedure,519
94010,Pulmonary function test,Diagnostic,520
88305,Pathology tissue exam,Lab,521
35301,Bypass graft,Surgery,522
99214,Office/outpatient visit EST - extended,Evaluation & Management,523
90792,Rheumatology consult,Evaluation & Management,524
88305,Tissue exam by pathologist,Lab,525
12001,Simple repair of wound,Procedure,526
99285,Emergency department visit - high severity,Emergency,527
20610,"Arthrocentesis, small joint",Procedure,528
58150,Cesarean delivery,Surgery,529
11721,Debridement nail,Procedure,530
00520,Anesthesia for procedures,Procedure,531
31231,Nasal polypectomy,Procedure,532
87070,"Culture, bacterial",Lab,533
87070,"Culture, bacterial",Lab,534
43239,"Upper GI endoscopy, biopsy",Procedure,535
99214,Office visit extended,Evaluation & Management,536
15734,Scar revision,Procedure,537
11102,Skin lesion excision,Procedure,538
90791,Psychiatric diagnostic eval,Evaluation & Management,539
90471,Immunization administration,Preventive,540
43239,EGD,Procedure,541
67028,Retinal surgery,Surgery,542
00520,Anesthesia for procedures,Procedure,543
15734,Scar revision,Procedure,544
93306,Echocardiogram,Imaging,545
99213,Office/outpatient visit EST,Evaluation & Management,546
80050,General health panel,Lab,547
15734,"Muscle-skin graft, trunk",Procedure,548
11721,Debridement nail,Procedure,549
92511,Speech audiometry,Diagnostic,550
A0425,Ambulance service,Procedure,551
99213,Pediatric office visit,Evaluation & Management,552
99213,Pediatric office visit,Evaluation & Management,553
70450,CT Head without contrast,Imaging,554
99213,"Office/outpatient visit, est",Evaluation & Management,555
99285,Emergency department visit - high severity,Emergency,556
92511,Speech audiometry,Diagnostic,557
11721,Debridement nail,Procedure,558
67028,Retinal surgery,Surgery,559
71020,Chest X-ray,Imaging,560
31231,"Nasal endoscopy, dx",Procedure,561
88305,Pathology tissue exam,Lab,562
31500,Intubation,Procedure,563
67028,Retinal surgery,Surgery,564
80050,General health panel,Lab,565
99213,Office/outpatient visit EST,Evaluation & Management,566
96372,Therapeutic injection,Procedure,567
17000,Destroy benign/premlg lesion,Procedure,568
31231,Nasal polypectomy,Procedure,569
95816,EEG,Diagnostic,570
35301,Bypass graft,Surgery,571
80048,Thyroid panel,Lab,572
90791,Psychiatric diagnostic eval,Evaluation & Management,573
12001,Simple repair of wound,Procedure,574
99285,Emergency department visit - high severity,Emergency,575
99213,Office/outpatient visit EST,Evaluation & Management,576
90471,Immunization administration,Preventive,577
90792,Rheumatology consult,Evaluation & Management,578
20610,"Arthrocentesis, small joint",Procedure,579
99213,Office/outpatient visit EST,Evaluation & Management,580
54520,Orchiectomy,Surgery,581
71020,Chest X-ray,Imaging,582
00520,Unknown Procedure,Procedure,583
90791,Psychiatric diagnostic eval,Evaluation & Management,584
95810,Nerve conduction study,Diagnostic,585
90791,Psychiatric diagnostic eval,Evaluation & Management,586
50360,Dialysis access procedure,Procedure,587
99214,Office visit extended,Evaluation & Management,588
99213,Pediatric office visit,Evaluation & Management,589
93306,Unknown Procedure,Imaging,590
50360,Dialysis access procedure,Procedure,591
35301,Bypass graft,Surgery,592
00520,Anesthesia for procedures,Procedure,593
90792,Rheumatology consult,Evaluation & Management,594
11721,"Debride nail, 6 or more",Procedure,595
15734,Scar revision,Procedure,596
90471,Immunization administration,Preventive,597
90471,Immunization administration,Preventive,598
31500,Intubation,Procedure,599
00520,Anesthesia for procedures,Procedure,600
99213,Office visit,Evaluation & Management,601
88305,Pathology tissue exam,Lab,602
99214,Office visit extended,Evaluation & Management,603
71020,Chest X-ray,Imaging,604
93000,Electrocardiogram,Diagnostic,605
96372,Therapeutic injection,Procedure,606
96413,Chemotherapy administration,Procedure,607
90791,Unknown Procedure,Evaluation & Management,608
92511,Speech audiometry,Diagnostic,609
99214,Office visit extended,Evaluation & Management,610
90791,Psychiatric diagnostic eval,Evaluation & Management,611
90471,Immunization administration,Preventive,612
31231,Nasal polypectomy,Procedure,613
54520,Orchiectomy,Surgery,614
88305,Pathology tissue exam,Lab,615
12001,Simple repair of wound,Procedure,616
90792,Rheumatology consult,Evaluation & Management,617
96372,Therapeutic injection,Procedure,618
58150,Cesarean delivery,Surgery,619
80050,General health panel,Lab,620
88305,Pathology tissue exam,Lab,621
90471,Immunization administration,Preventive,622
93000,Electrocardiogram,Diagnostic,623
90791,Psychiatric diagnostic eval,Evaluation & Management,624
A0425,Ambulance service,Procedure,625
99214,Office visit extended,Evaluation & Management,626
71020,Chest X-ray,Imaging,627
71020,Chest x-ray,Imaging,628
88305,Pathology tissue exam,Lab,629
95816,EEG,Diagnostic,630
76830,Pelvic ultrasound,Imaging,631
93458,Cardiac cath,Procedure,632
70450,Ct head/brain w/o dye,Imaging,633
90792,Rheumatology consult,Evaluation & Management,634
96413,Unknown Procedure,Procedure,635
93306,Unknown Procedure,Imaging,636
00520,Anesthesia for procedures,Procedure,637
95117,Allergy injection,Procedure,638
90791,Psychiatric diagnostic eval,Evaluation & Management,639
95117,Allergy injection,Procedure,640
95115,Allergy testing,Procedure,641
94010,Pulmonary function test,Diagnostic,642
88305,Tissue exam by pathologist,Lab,643
43239,EGD,Procedure,644
99213,Office/outpatient visit EST,Evaluation & Management,645
50360,Dialysis access procedure,Procedure,646
27447,Total knee arthroplasty,Surgery,647
93306,Echocardiogram,Imaging,648
35301,Bypass graft,Surgery,649
70450,Ct head/brain w/o dye,Imaging,650
35301,Bypass graft,Surgery,651
50360,Dialysis access procedure,Procedure,652
96372,Therapeutic injection,Procedure,653
11721,Debridement nail,Procedure,654
95810,Nerve conduction study,Diagnostic,655
67028,Retinal surgery,Surgery,656
43239,EGD,Procedure,657
93000,Electrocardiogram,Diagnostic,658
43239,EGD,Procedure,659
87070,"Culture, bacterial",Lab,660
90792,Rheumatology consult,Evaluation & Management,661
58150,Cesarean delivery,Surgery,662
95816,EEG,Diagnostic,663
88305,Tissue exam by pathologist,Lab,664
00520,Anesthesia for procedures,Procedure,665
88305,Pathology tissue exam,Lab,666
95115,Allergy testing,Procedure,667
88305,Pathology tissue exam,Lab,668
12001,Simple repair of wound,Procedure,669
67028,Retinal surgery,Surgery,670
99285,Emergency department visit - high severity,Emergency,671
99285,Emergency department visit - high severity,Emergency,672
90471,Immunization administration,Preventive,673
88305,Pathology tissue exam,Lab,674
95115,Allergy testing,Procedure,675
35301,Bypass graft,Surgery,676
A0425,Ambulance service,Procedure,677
93458,Cardiac cath,Procedure,678
99213,Pediatric office visit,Evaluation & Management,679
12001,Simple repair of wound,Procedure,680
88305,Tissue exam by pathologist,Lab,681
88305,Pathology tissue exam,Lab,682
88305,Tissue exam by pathologist,Lab,683
17000,Destruction benign lesion,Procedure,684
99213,Office visit,Evaluation & Management,685
92014,Ophthalmology exam,Evaluation & Management,686
94010,Pulmonary function test,Diagnostic,687
99213,Office/outpatient visit EST,Evaluation & Management,688
49900,Appendectomy,Surgery,689
17000,Destruction benign lesion,Procedure,690
71020,Chest X-ray,Imaging,691
80050,General health panel,Lab,692
96413,Chemotherapy administration,Procedure,693
87070,"Culture, bacterial",Lab,694
00520,Anesthesia for procedures,Procedure,695
90791,Psychiatric diagnostic eval,Evaluation & Management,696
15734,Scar revision,Procedure,697
35301,Bypass graft,Surgery,698
88305,Pathology tissue exam,Lab,699
15734,Scar revision,Procedure,700
95810,Nerve conduction study,Diagnostic,701
15734,Scar revision,Procedure,702
31231,Nasal polypectomy,Procedure,703
93306,Echocardiogram,Imaging,704
27447,Knee replacement,Surgery,705
95816,EEG,Diagnostic,706
99213,Pediatric office visit,Evaluation & Management,707
80047,Renal panel,Lab,708
90791,Psychiatric diagnostic eval,Evaluation & Management,709
96372,Therapeutic injection,Procedure,710
76830,Pelvic ultrasound,Imaging,711
00520,Anesthesia for procedures,Procedure,712
99213,Office/outpatient visit EST,Evaluation & Management,713
35301,Bypass graft,Surgery,714
00520,Anesthesia for procedures,Procedure,715
99213,Office/outpatient visit EST,Evaluation & Management,716
A0425,Ambulance service,Procedure,717
35301,Rechanneling of artery,Surgery,718
99213,Office/outpatient visit EST,Evaluation & Management,719
58150,Cesarean delivery,Surgery,720
00520,Anesthesia for procedures,Procedure,721
88305,Pathology tissue exam,Lab,722
20610,"Drain/inject, joint/bursa",Procedure,723
17000,Destruction benign lesion,Procedure,724
80050,General health panel,Lab,725
92511,Nasopharyngoscopy,Diagnostic,726
31500,Intubation,Procedure,727
92511,Nasopharyngoscopy,Diagnostic,728
90471,Immunization administration,Preventive,729
11721,Debridement nail,Procedure,730
15734,Scar revision,Procedure,731
88305,Tissue exam by pathologist,Lab,732
88305,Tissue exam by pathologist,Lab,733
80050,General health panel,Lab,734
88305,Tissue exam by pathologist,Lab,735
11721,Debridement nail,Procedure,736
92511,Speech audiometry,Diagnostic,737
20610,"Arthrocentesis, small joint",Procedure,738
94010,Pulmonary function test,Diagnostic,739
11721,Debridement nail,Procedure,740
50360,Transplantation of kidney,Procedure,741
15734,"Muscle-skin graft, trunk",Procedure,742
54520,Orchiectomy,Surgery,743
11721,"Debride nail, 6 or more",Procedure,744
35301,Bypass graft,Surgery,745
00520,Anesthesia for procedures,Procedure,746
15734,Scar revision,Procedure,747
99213,Office/outpatient visit EST,Evaluation & Management,748
99285,Emergency department visit - high severity,Emergency,749
99285,Emergency department visit - high severity,Emergency,750
96372,Therapeutic injection,Procedure,751
95115,Allergy testing,Procedure,752
95816,EEG,Diagnostic,753
93458,Cardiac cath,Procedure,754
80050,General health panel,Lab,755
76830,Pelvic ultrasound,Imaging,756
70450,CT Head without contrast,Imaging,757
92511,Speech audiometry,Diagnostic,758
71020,Chest x-ray,Imaging,759
95115,Allergy testing,Procedure,760
90471,Immunization administration,Preventive,761
76830,Pelvic ultrasound,Imaging,762
93458,Unknown Procedure,Procedure,763
99285,Emergency department visit - high severity,Emergency,764
71020,Chest X-ray,Imaging,765
11102,Unknown Procedure,Procedure,766
12001,Simple repair of wound,Procedure,767
99214,"Office/outpatient visit, est",Evaluation & Management,768
52000,Cystoscopy,Procedure,769
88305,Pathology tissue exam,Lab,770
95115,Allergy testing,Procedure,771
80047,Renal panel,Lab,772
90792,Rheumatology consult,Evaluation & Management,773
71020,Chest X-ray,Imaging,774
27447,Total knee arthroplasty,Surgery,775
80048,Thyroid panel,Lab,776
35301,Bypass graft,Surgery,777
87070,"Culture, bacterial",Lab,778
88305,Pathology tissue exam,Lab,779
49900,Appendectomy,Surgery,780
80048,Thyroid panel,Lab,781
76830,Pelvic ultrasound,Imaging,782
99213,Office visit,Evaluation & Management,783
67028,Retinal surgery,Surgery,784
11102,Skin lesion excision,Procedure,785
96372,Therapeutic injection,Procedure,786
88305,Pathology tissue exam,Lab,787
31231,Nasal polypectomy,Procedure,788
92014,Ophthalmology exam,Evaluation & Management,789
35301,Bypass graft,Surgery,790
90791,Psychiatric diagnostic eval,Evaluation & Management,791
70450,CT Head without contrast,Imaging,792
93458,Cardiac cath,Procedure,793
95115,"Immunotherapy, one injection",Procedure,794
67028,Injection eye drug,Surgery,795
90471,Immunization administration,Preventive,796
A0425,Unknown Procedure,Procedure,797
96372,Therapeutic injection,Procedure,798
31231,Nasal polypectomy,Procedure,799
58150,Cesarean delivery,Surgery,800
90792,Rheumatology consult,Evaluation & Management,801
20610,"Arthrocentesis, small joint",Procedure,802
88305,Pathology tissue exam,Lab,803
90791,Psychiatric diagnostic eval,Evaluation & Management,804
A0425,Ambulance service,Procedure,805
93306,Echocardiogram,Imaging,806
88305,Pathology tissue exam,Lab,807
11721,Debridement nail,Procedure,808
35301,Bypass graft,Surgery,809
88305,Pathology tissue exam,Lab,810
80047,Unknown Procedure,Lab,811
71020,Chest x-ray,Imaging,812
11721,Debridement nail,Procedure,813
00520,Anesthesia for procedures,Procedure,814
88305,Pathology tissue exam,Lab,815
90791,Psychiatric diagnostic eval,Evaluation & Management,816
80050,General health panel,Lab,817
92014,Ophthalmology exam,Evaluation & Management,818
99213,Office visit,Evaluation & Management,819
80047,Renal panel,Lab,820
96372,Unknown Procedure,Procedure,821
90791,Psychiatric diagnostic eval,Evaluation & Management,822
35301,Bypass graft,Surgery,823
15734,Scar revision,Procedure,824
90471,Immunization administration,Preventive,825
31500,Insert emergency airway,Procedure,826
95117,Allergy injection,Procedure,827
88305,Pathology tissue exam,Lab,828
94010,Pulmonary function test,Diagnostic,829
11721,Debridement nail,Procedure,830
95816,EEG,Diagnostic,831
95115,Allergy testing,Procedure,832
58150,Cesarean delivery,Surgery,833
90792,Rheumatology consult,Evaluation & Management,834
00520,Anesthesia for procedures,Procedure,835
90791,Psychiatric diagnostic eval,Evaluation & Management,836
99213,Office/outpatient visit EST,Evaluation & Management,837
11721,Debridement nail,Procedure,838
49900,Appendectomy,Surgery,839
87070,"Culture, bacterial",Lab,840
71020,Chest x-ray,Imaging,841
99213,Pediatric office visit,Evaluation & Management,842
90792,Rheumatology consult,Evaluation & Management,843
27447,Knee replacement,Surgery,844
31231,"Nasal endoscopy, dx",Procedure,845
70450,CT Head without contrast,Imaging,846
31231,Nasal polypectomy,Procedure,847
88305,Pathology tissue exam,Lab,848
90791,Psychiatric diagnostic eval,Evaluation & Management,849
80047,Renal panel,Lab,850
80050,General health panel,Lab,851
90791,Psychiatric diagnostic eval,Evaluation & Management,852
88305,Pathology tissue exam,Lab,853
71020,Chest X-ray,Imaging,854
52000,Cystoscopy,Procedure,855
11721,Debridement nail,Procedure,856
90471,Immunization administration,Preventive,857
12001,Simple repair of wound,Procedure,858
90471,Immunization administration,Preventive,859
90791,Psychiatric diagnostic eval,Evaluation & Management,860
90792,Rheumatology consult,Evaluation & Management,861
90791,Psychiatric diagnostic eval,Evaluation & Management,862
96413,Chemotherapy administration,Procedure,863
67028,Retinal surgery,Surgery,864
71020,Chest x-ray,Imaging,865
80050,General health panel,Lab,866
93000,Electrocardiogram,Diagnostic,867
54520,Orchiectomy,Surgery,868
35301,Rechanneling of artery,Surgery,869
90471,Immunization administration,Preventive,870
00520,Anesthesia for procedures,Procedure,871
93000,"Electrocardiogram, complete",Diagnostic,872
15734,Scar revision,Procedure,873
A0425,Ambulance service,Procedure,874
95115,Allergy testing,Procedure,875
11102,Skin lesion excision,Procedure,876
35301,Bypass graft,Surgery,877
80048,Thyroid panel,Lab,878
90471,Immunization administration,Preventive,879
27447,Knee replacement,Surgery,880
12001,Simple repair of wound,Procedure,881
88305,Pathology tissue exam,Lab,882
35301,Bypass graft,Surgery,883
31500,Intubation,Procedure,884
71020,Chest X-ray,Imaging,885
35301,Bypass graft,Surgery,886
80048,Thyroid panel,Lab,887
88305,Pathology tissue exam,Lab,888
35301,Bypass graft,Surgery,889
00520,Anesthesia for procedures,Procedure,890
35301,Bypass graft,Surgery,891
A0425,Ambulance service,Procedure,892
88305,Pathology tissue exam,Lab,893
99285,Emergency dept visit,Emergency,894
54520,Orchiectomy,Surgery,895
11102,Skin lesion excision,Procedure,896
50360,Dialysis access procedure,Procedure,897
76830,Pelvic ultrasound,Imaging,898
99213,Office/outpatient visit EST,Evaluation & Management,899
17000,Destruction benign lesion,Procedure,900
80048,Thyroid panel,Lab,901
96413,Chemotherapy administration,Procedure,902
50360,Transplantation of kidney,Procedure,903
11102,Skin lesion excision,Procedure,904
95115,Allergy testing,Procedure,905
00520,Anesthesia for procedures,Procedure,906
49900,Appendectomy,Surgery,907
90792,Unknown Procedure,Evaluation & Management,908
A0425,Ambulance service,Procedure,909
90792,Rheumatology consult,Evaluation & Management,910
12001,Simple repair of wound,Procedure,911
93458,Cardiac cath,Procedure,912
99213,Pediatric office visit,Evaluation & Management,913
99213,Pediatric office visit,Evaluation & Management,914
99214,Office/outpatient visit EST - extended,Evaluation & Management,915
99213,Office/outpatient visit EST,Evaluation & Management,916
90471,Immunization admin,Preventive,917
11721,Debridement nail,Procedure,918
52000,Cystoscopy,Procedure,919
11721,Debridement nail,Procedure,920
31500,Insert emergency airway,Procedure,921
99213,Office/outpatient visit EST,Evaluation & Management,922
11721,Debridement nail,Procedure,923
88305,Pathology tissue exam,Lab,924
90791,Psychiatric diagnostic eval,Evaluation & Management,925
35301,Bypass graft,Surgery,926
92014,Ophthalmology exam,Evaluation & Management,927
00520,Anesthesia for procedures,Procedure,928
95117,Allergy injection,Procedure,929
90791,Psychiatric diagnostic eval,Evaluation & Management,930
99213,Office/outpatient visit EST,Evaluation & Management,931
90791,Psychiatric diagnostic eval,Evaluation & Management,932
A0425,Ambulance service,Procedure,933
80050,General health panel,Lab,934
99214,Office visit extended,Evaluation & Management,935
31231,Nasal polypectomy,Procedure,936
87070,"Culture, bacterial",Lab,937
A0425,Ambulance service,Procedure,938
90792,Rheumatology consult,Evaluation & Management,939
95117,Immunotherapy injections,Procedure,940
92014,Ophthalmology exam,Evaluation & Management,941
95117,Allergy injection,Procedure,942
31500,Intubation,Procedure,943
15734,Scar revision,Procedure,944
90791,Psychiatric diagnostic eval,Evaluation & Management,945
58150,Cesarean delivery,Surgery,946
43239,EGD,Procedure,947
90791,Psychiatric diagnostic eval,Evaluation & Management,948
58150,Cesarean delivery,Surgery,949
35301,Bypass graft,Surgery,950
35301,Bypass graft,Surgery,951
76830,Pelvic ultrasound,Imaging,952
99213,Office/outpatient visit EST,Evaluation & Management,953
90792,Rheumatology consult,Evaluation & Management,954
99213,Office visit,Evaluation & Management,955
99285,Emergency department visit - high severity,Emergency,956
67028,Retinal surgery,Surgery,957
35301,Bypass graft,Surgery,958
80048,Thyroid panel,Lab,959
80050,General health panel,Lab,960
54520,Orchiectomy,Surgery,961
00520,Anesthesia for procedures,Procedure,962
17000,Destruction benign lesion,Procedure,963
31500,Intubation,Procedure,964
11721,Debridement nail,Procedure,965
20610,"Arthrocentesis, small joint",Procedure,966
17000,Destruction benign lesion,Procedure,967
58150,Cesarean delivery,Surgery,968
93000,Electrocardiogram,Diagnostic,969
96372,Therapeutic injection,Procedure,970
99213,Office/outpatient visit EST,Evaluation & Management,971
31500,Insert emergency airway,Procedure,972
99285,Emergency dept visit,Emergency,973
90792,Rheumatology consult,Evaluation & Management,974
00520,Anesthesia for procedures,Procedure,975
88305,Pathology tissue exam,Lab,976
31231,Nasal polypectomy,Procedure,977
58150,Cesarean delivery,Surgery,978
15734,Scar revision,Procedure,979
12001,Simple repair of wound,Procedure,980
99213,Office visit,Evaluation & Management,981
96372,Therapeutic injection,Procedure,982
88305,Pathology tissue exam,Lab,983
15734,Scar revision,Procedure,984
92511,Speech audiometry,Diagnostic,985
27447,Knee replacement,Surgery,986
99213,Pediatric office visit,Evaluation & Management,987
11102,Unknown Procedure,Procedure,988
80050,General health panel,Lab,989
90792,Rheumatology consult,Evaluation & Management,990
96372,Therapeutic injection,Procedure,991
88305,Pathology tissue exam,Lab,992
20610,"Arthrocentesis, small joint",Procedure,993
99214,Office visit extended,Evaluation & Management,994
80050,General health panel,Lab,995
A0425,Ambulance service,Procedure,996
20610,"Arthrocentesis, small joint",Procedure,997
20610,"Drain/inject, joint/bursa",Procedure,998
A0425,Ambulance service,Procedure,999
88305,Pathology tissue exam,Lab,1000
52000,Cystoscopy,Procedure,1001
12001,Simple repair of wound,Procedure,1002
95816,EEG,Diagnostic,1003
93000,Electrocardiogram,Diagnostic,1004
43239,EGD,Procedure,1005
31231,Nasal polypectomy,Procedure,1006
27447,Knee replacement,Surgery,1007
31231,Nasal polypectomy,Procedure,1008
96413,Chemotherapy administration,Procedure,1009
87070,"Culture, bacterial",Lab,1010
27447,Knee replacement,Surgery,1011
11102,Skin lesion excision,Procedure,1012
90471,Immunization administration,Preventive,1013
80050,General health panel,Lab,1014
99214,Office/outpatient visit EST - extended,Evaluation & Management,1015
90791,Psychiatric diagnostic eval,Evaluation & Management,1016
70450,CT Head without contrast,Imaging,1017
88305,Pathology tissue exam,Lab,1018
43239,"Upper GI endoscopy, biopsy",Procedure,1019
A0425,Ambulance service,Procedure,1020
99214,Office/outpatient visit EST - extended,Evaluation & Management,1021
90792,Rheumatology consult,Evaluation & Management,1022
93306,Echocardiogram,Imaging,1023
90471,Immunization administration,Preventive,1024
00520,Anesthesia for procedures,Procedure,1025
80050,General health panel,Lab,1026
71020,Chest X-ray,Imaging,1027
70450,CT Head without contrast,Imaging,1028
76830,Pelvic ultrasound,Imaging,1029
27447,Knee replacement,Surgery,1030
99213,Office visit,Evaluation & Management,1031
90471,Immunization administration,Preventive,1032
11721,Debridement nail,Procedure,1033
99214,Office visit extended,Evaluation & Management,1034
80048,Thyroid panel,Lab,1035
93306,Echocardiogram,Imaging,1036
A0425,Ambulance service,Procedure,1037
96413,Chemotherapy administration,Procedure,1038
58150,Cesarean delivery,Surgery,1039
90791,Psychiatric diagnostic eval,Evaluation & Management,1040
71020,Chest x-ray,Imaging,1041
90471,Immunization administration,Preventive,1042
71020,Chest X-ray,Imaging,1043
17000,Destruction benign lesion,Procedure,1044
00520,Unknown Procedure,Procedure,1045
58150,Cesarean delivery,Surgery,1046
12001,Simple repair of wound,Procedure,1047
52000,Cystoscopy,Procedure,1048
95115,Allergy testing,Procedure,1049
90791,Psychiatric diagnostic eval,Evaluation & Management,1050
31231,Nasal polypectomy,Procedure,1051
99214,Office visit extended,Evaluation & Management,1052
27447,Knee replacement,Surgery,1053
70450,CT Head without contrast,Imaging,1054
99214,Office/outpatient visit EST - extended,Evaluation & Management,1055
A0425,Ambulance service,Procedure,1056
95810,Nerve conduction study,Diagnostic,1057
80050,General health panel,Lab,1058
90791,Psychiatric diagnostic eval,Evaluation & Management,1059
94010,Pulmonary function test,Diagnostic,1060
99214,Office/outpatient visit EST - extended,Evaluation & Management,1061
15734,Scar revision,Procedure,1062
90792,Rheumatology consult,Evaluation & Management,1063
99213,Pediatric office visit,Evaluation & Management,1064
35301,Bypass graft,Surgery,1065
99213,Office/outpatient visit EST,Evaluation & Management,1066
93000,Electrocardiogram,Diagnostic,1067
58150,Cesarean delivery,Surgery,1068
A0425,Unknown Procedure,Procedure,1069
88305,Pathology tissue exam,Lab,1070
99214,Office visit extended,Evaluation & Management,1071
92014,Ophthalmology exam,Evaluation & Management,1072
96372,Therapeutic injection,Procedure,1073
71020,Chest X-ray,Imaging,1074
71020,Chest X-ray,Imaging,1075
67028,Retinal surgery,Surgery,1076
99213,Office/outpatient visit EST,Evaluation & Management,1077
99213,Office/outpatient visit EST,Evaluation & Management,1078
11721,Debridement nail,Procedure,1079
11721,Debridement nail,Procedure,1080
43239,EGD,Procedure,1081
76830,Pelvic ultrasound,Imaging,1082
58150,Cesarean delivery,Surgery,1083
00520,Anesthesia for procedures,Procedure,1084
99213,Pediatric office visit,Evaluation & Management,1085
88305,Pathology tissue exam,Lab,1086
31500,Intubation,Procedure,1087
93306,Echocardiogram,Imaging,1088
80050,General health panel,Lab,1089
93306,Echocardiogram,Imaging,1090
17000,Destruction benign lesion,Procedure,1091
52000,Cystoscopy,Procedure,1092
99213,Office/outpatient visit EST,Evaluation & Management,1093
71020,Chest X-ray,Imaging,1094
00520,Anesthesia for procedures,Procedure,1095
99214,Office/outpatient visit EST - extended,Evaluation & Management,1096
27447,Knee replacement,Surgery,1097
94010,Pulmonary function test,Diagnostic,1098
95810,Nerve conduction study,Diagnostic,1099
11102,Skin lesion excision,Procedure,1100
92014,Eye exam & treatment,Evaluation & Management,1101
35301,Bypass graft,Surgery,1102
80050,General health panel,Lab,1103
99213,Office visit,Evaluation & Management,1104
27447,Knee replacement,Surgery,1105
96372,Therapeutic injection,Procedure,1106
95810,"Polysomnography, 4 or more",Diagnostic,1107
52000,Cystoscopy,Procedure,1108
88305,Pathology tissue exam,Lab,1109
80048,Thyroid panel,Lab,1110
00520,Anesthesia for procedures,Procedure,1111
90471,Immunization administration,Preventive,1112
88305,Pathology tissue exam,Lab,1113
88305,Pathology tissue exam,Lab,1114
88305,Pathology tissue exam,Lab,1115
80047,Unknown Procedure,Lab,1116
54520,Orchiectomy,Surgery,1117
80048,Thyroid panel,Lab,1118
92511,Speech audiometry,Diagnostic,1119
99214,Office visit extended,Evaluation & Management,1120
88305,Pathology tissue exam,Lab,1121
88305,Tissue exam by pathologist,Lab,1122
99213,Office visit,Evaluation & Management,1123
99214,Office/outpatient visit EST - extended,Evaluation & Management,1124
88305,Pathology tissue exam,Lab,1125
99214,Office/outpatient visit EST - extended,Evaluation & Management,1126
00520,Anesthesia for procedures,Procedure,1127
99214,Office visit extended,Evaluation & Management,1128
93458,Cardiac cath,Procedure,1129
11721,Debridement nail,Procedure,1130
99214,Office visit extended,Evaluation & Management,1131
12001,Simple repair of wound,Procedure,1132
27447,Total knee arthroplasty,Surgery,1133
95810,Nerve conduction study,Diagnostic,1134
90792,Rheumatology consult,Evaluation & Management,1135
93306,Echocardiogram,Imaging,1136
00520,Anesthesia for procedures,Procedure,1137
90792,Rheumatology consult,Evaluation & Management,1138
49900,Repair of abdominal wall,Surgery,1139
95115,Allergy testing,Procedure,1140
12001,Simple repair of wound,Procedure,1141
88305,Pathology tissue exam,Lab,1142
11102,Skin lesion excision,Procedure,1143
90792,Rheumatology consult,Evaluation & Management,1144
52000,Cystoscopy,Procedure,1145
17000,Destruction benign lesion,Procedure,1146
A0425,Ambulance service,Procedure,1147
99214,Office/outpatient visit EST - extended,Evaluation & Management,1148
76830,Pelvic ultrasound,Imaging,1149
93000,Electrocardiogram,Diagnostic,1150
35301,Bypass graft,Surgery,1151
99213,Office/outpatient visit EST,Evaluation & Management,1152
90471,Immunization admin,Preventive,1153
71020,Chest X-ray,Imaging,1154
12001,Simple repair of wound,Procedure,1155
90471,Immunization admin,Preventive,1156
76830,"Transvaginal us, non-ob",Imaging,1157
31500,Insert emergency airway,Procedure,1158
88305,Pathology tissue exam,Lab,1159
67028,Retinal surgery,Surgery,1160
80050,General health panel,Lab,1161
35301,Bypass graft,Surgery,1162
80050,General health panel,Lab,1163
71020,Chest X-ray,Imaging,1164
52000,Cystoscopy,Procedure,1165
99213,Office/outpatient visit EST,Evaluation & Management,1166
71020,Chest X-ray,Imaging,1167
58150,Cesarean delivery,Surgery,1168
88305,Pathology tissue exam,Lab,1169
99213,"Office/outpatient visit, est",Evaluation & Management,1170
99213,Office/outpatient visit EST,Evaluation & Management,1171
11721,Debridement nail,Procedure,1172
99213,Office visit,Evaluation & Management,1173
67028,Retinal surgery,Surgery,1174
92014,Ophthalmology exam,Evaluation & Management,1175
99213,Pediatric office visit,Evaluation & Management,1176
95810,Nerve conduction study,Diagnostic,1177
80047,Renal panel,Lab,1178
99285,Emergency department visit - high severity,Emergency,1179
00520,Anesthesia for procedures,Procedure,1180
90791,Psychiatric diagnostic eval,Evaluation & Management,1181
35301,Rechanneling of artery,Surgery,1182
88305,Tissue exam by pathologist,Lab,1183
90791,Psychiatric diagnostic eval,Evaluation & Management,1184
71020,Chest X-ray,Imaging,1185
11721,Debridement nail,Procedure,1186
11102,Skin lesion excision,Procedure,1187
90792,Rheumatology consult,Evaluation & Management,1188
99214,Office/outpatient visit EST - extended,Evaluation & Management,1189
88305,Pathology tissue exam,Lab,1190
93458,Cardiac cath,Procedure,1191
87070,"Culture, bacterial",Lab,1192
90792,Rheumatology consult,Evaluation & Management,1193
95117,Allergy injection,Procedure,1194
76830,Pelvic ultrasound,Imaging,1195
11721,Debridement nail,Procedure,1196
31231,Nasal polypectomy,Procedure,1197
67028,Retinal surgery,Surgery,1198
00520,Anesthesia for procedures,Procedure,1199
52000,Cystoscopy,Procedure,1200
94010,Pulmonary function test,Diagnostic,1201
90792,Rheumatology consult,Evaluation & Management,1202
11721,Debridement nail,Procedure,1203
31500,Intubation,Procedure,1204
99213,"Office/outpatient visit, est",Evaluation & Management,1205
99213,"Office/outpatient visit, est",Evaluation & Management,1206
A0425,Ambulance service,Procedure,1207
88305,Pathology tissue exam,Lab,1208
20610,"Arthrocentesis, small joint",Procedure,1209
99213,Office/outpatient visit EST,Evaluation & Management,1210
15734,Scar revision,Procedure,1211
92511,Speech audiometry,Diagnostic,1212
35301,Bypass graft,Surgery,1213
88305,Pathology tissue exam,Lab,1214
80050,General health panel,Lab,1215
80047,Renal panel,Lab,1216
93458,Cardiac cath,Procedure,1217
11102,Skin lesion excision,Procedure,1218
99213,Office/outpatient visit EST,Evaluation & Management,1219
31231,"Nasal endoscopy, dx",Procedure,1220
95117,Immunotherapy injections,Procedure,1221
99214,Office visit extended,Evaluation & Management,1222
70450,CT Head without contrast,Imaging,1223
99214,Office visit extended,Evaluation & Management,1224
00520,Anesthesia for procedures,Procedure,1225
43239,EGD,Procedure,1226
90792,Rheumatology consult,Evaluation & Management,1227
11721,Debridement nail,Procedure,1228
58150,Cesarean delivery,Surgery,1229
00520,Unknown Procedure,Procedure,1230
20610,"Arthrocentesis, small joint",Procedure,1231
80050,General health panel,Lab,1232
96413,Chemotherapy administration,Procedure,1233
90471,Immunization administration,Preventive,1234
88305,Pathology tissue exam,Lab,1235
95117,Immunotherapy injections,Procedure,1236
90471,Immunization administration,Preventive,1237
58150,Cesarean delivery,Surgery,1238
52000,Cystoscopy,Procedure,1239
67028,Retinal surgery,Surgery,1240
90792,Rheumatology consult,Evaluation & Management,1241
88305,Pathology tissue exam,Lab,1242
27447,Knee replacement,Surgery,1243
80048,Basic metabolic panel,Lab,1244
93000,Electrocardiogram,Diagnostic,1245
88305,Pathology tissue exam,Lab,1246
90791,Psychiatric diagnostic eval,Evaluation & Management,1247
54520,Orchiectomy,Surgery,1248
70450,CT Head without contrast,Imaging,1249
27447,Knee replacement,Surgery,1250
90791,Unknown Procedure,Evaluation & Management,1251
99213,"Office/outpatient visit, est",Evaluation & Management,1252
54520,Removal of testis,Surgery,1253
95117,Allergy injection,Procedure,1254
99213,Office/outpatient visit EST,Evaluation & Management,1255
31231,Nasal polypectomy,Procedure,1256
87070,"Culture, bacterial",Lab,1257
93306,Echocardiogram,Imaging,1258
93306,Echocardiogram,Imaging,1259
49900,Appendectomy,Surgery,1260
15734,"Muscle-skin graft, trunk",Procedure,1261
31231,Nasal polypectomy,Procedure,1262
90471,Immunization administration,Preventive,1263
96372,Therapeutic injection,Procedure,1264
96372,Therapeutic injection,Procedure,1265
12001,Simple repair of wound,Procedure,1266
12001,Simple repair of wound,Procedure,1267
80050,General health panel,Lab,1268
31231,Nasal polypectomy,Procedure,1269
71020,Chest X-ray,Imaging,1270
99285,Emergency department visit - high severity,Emergency,1271
49900,Appendectomy,Surgery,1272
99214,Office visit extended,Evaluation & Management,1273
99214,Office/outpatient visit EST - extended,Evaluation & Management,1274
80050,General health panel,Lab,1275
71020,Chest X-ray,Imaging,1276
31500,Intubation,Procedure,1277
90471,Immunization admin,Preventive,1278
99285,Emergency department visit - high severity,Emergency,1279
92511,Speech audiometry,Diagnostic,1280
80050,General health panel,Lab,1281
94010,Pulmonary function test,Diagnostic,1282
15734,Scar revision,Procedure,1283
80050,General health panel,Lab,1284
54520,Orchiectomy,Surgery,1285
95816,EEG,Diagnostic,1286
99213,Office visit,Evaluation & Management,1287
80050,General health panel,Lab,1288
67028,Retinal surgery,Surgery,1289
90471,Immunization administration,Preventive,1290
92014,Ophthalmology exam,Evaluation & Management,1291
80047,Renal panel,Lab,1292
67028,Retinal surgery,Surgery,1293
11721,Debridement nail,Procedure,1294
95810,Nerve conduction study,Diagnostic,1295
52000,Cystoscopy,Procedure,1296
71020,Chest x-ray,Imaging,1297
99213,Office/outpatient visit EST,Evaluation & Management,1298
20610,"Arthrocentesis, small joint",Procedure,1299
99213,Office visit,Evaluation & Management,1300
00520,Anesthesia for procedures,Procedure,1301
11721,Debridement nail,Procedure,1302
92014,Ophthalmology exam,Evaluation & Management,1303
11102,Skin lesion excision,Procedure,1304
99214,Office visit extended,Evaluation & Management,1305
A0425,Ambulance service,Procedure,1306
52000,Cystoscopy,Procedure,1307
11102,Skin lesion excision,Procedure,1308
27447,Total knee arthroplasty,Surgery,1309
35301,Bypass graft,Surgery,1310
27447,Knee replacement,Surgery,1311
58150,Cesarean delivery,Surgery,1312
95115,Allergy testing,Procedure,1313
93458,Unknown Procedure,Procedure,1314
90792,Unknown Procedure,Evaluation & Management,1315
17000,Destruction benign lesion,Procedure,1316
90792,Rheumatology consult,Evaluation & Management,1317
52000,Cystoscopy,Procedure,1318
88305,Pathology tissue exam,Lab,1319
90792,Rheumatology consult,Evaluation & Management,1320
54520,Orchiectomy,Surgery,1321
96372,Therapeutic injection,Procedure,1322
90791,Unknown Procedure,Evaluation & Management,1323
99213,Office/outpatient visit EST,Evaluation & Management,1324
70450,CT Head without contrast,Imaging,1325
71020,Chest X-ray,Imaging,1326
80050,General health panel,Lab,1327
11721,Debridement nail,Procedure,1328
90792,Rheumatology consult,Evaluation & Management,1329
80048,Thyroid panel,Lab,1330
35301,Bypass graft,Surgery,1331
92511,Speech audiometry,Diagnostic,1332
80048,Thyroid panel,Lab,1333
71020,Chest X-ray,Imaging,1334
99213,Pediatric office visit,Evaluation & Management,1335
96372,Therapeutic injection,Procedure,1336
67028,Retinal surgery,Surgery,1337
54520,Orchiectomy,Surgery,1338
88305,Pathology tissue exam,Lab,1339
96413,Chemotherapy administration,Procedure,1340
99213,"Office/outpatient visit, est",Evaluation & Management,1341
11721,Debridement nail,Procedure,1342
88305,Pathology tissue exam,Lab,1343
93458,Cardiac cath,Procedure,1344
49900,Appendectomy,Surgery,1345
35301,Bypass graft,Surgery,1346
71020,Chest X-ray,Imaging,1347
00520,Anesthesia for procedures,Procedure,1348
20610,"Arthrocentesis, small joint",Procedure,1349
99213,"Office/outpatient visit, est",Evaluation & Management,1350
17000,Destruction benign lesion,Procedure,1351
80048,Thyroid panel,Lab,1352
49900,Appendectomy,Surgery,1353
99285,Emergency department visit - high severity,Emergency,1354
90792,Rheumatology consult,Evaluation & Management,1355
54520,Removal of testis,Surgery,1356
88305,Pathology tissue exam,Lab,1357
49900,Appendectomy,Surgery,1358
11721,Debridement nail,Procedure,1359
95816,EEG,Diagnostic,1360
15734,Scar revision,Procedure,1361
58150,Cesarean delivery,Surgery,1362
70450,CT Head without contrast,Imaging,1363
99214,"Office/outpatient visit, est",Evaluation & Management,1364
52000,Cystoscopy,Procedure,1365
99213,Office visit,Evaluation & Management,1366
17000,Destruction benign lesion,Procedure,1367
99213,Pediatric office visit,Evaluation & Management,1368
17000,Destruction benign lesion,Procedure,1369
90792,Rheumatology consult,Evaluation & Management,1370
11721,"Debride nail, 6 or more",Procedure,1371
95115,Allergy testing,Procedure,1372
95816,EEG,Diagnostic,1373
43239,EGD,Procedure,1374
95816,EEG,Diagnostic,1375
31500,Insert emergency airway,Procedure,1376
90792,Rheumatology consult,Evaluation & Management,1377
99214,Office/outpatient visit EST - extended,Evaluation & Management,1378
96372,Therapeutic injection,Procedure,1379
94010,Pulmonary function test,Diagnostic,1380
87070,"Culture, bacterial",Lab,1381
80050,General health panel,Lab,1382
A0425,Ambulance service,Procedure,1383
80050,General health panel,Lab,1384
27447,Knee replacement,Surgery,1385
88305,Tissue exam by pathologist,Lab,1386
90471,Immunization administration,Preventive,1387
54520,Orchiectomy,Surgery,1388
20610,"Arthrocentesis, small joint",Procedure,1389
90471,Immunization admin,Preventive,1390
99214,Office visit extended,Evaluation & Management,1391
35301,Bypass graft,Surgery,1392
71020,Chest x-ray,Imaging,1393
99213,"Office/outpatient visit, est",Evaluation & Management,1394
43239,EGD,Procedure,1395
90792,Rheumatology consult,Evaluation & Management,1396
35301,Bypass graft,Surgery,1397
88305,Pathology tissue exam,Lab,1398
99214,Office/outpatient visit EST - extended,Evaluation & Management,1399
31231,Nasal polypectomy,Procedure,1400
88305,Pathology tissue exam,Lab,1401
99213,"Office/outpatient visit, est",Evaluation & Management,1402
A0425,Ambulance service,Procedure,1403
95115,Allergy testing,Procedure,1404
88305,Pathology tissue exam,Lab,1405
99213,Office/outpatient visit EST,Evaluation & Management,1406
35301,Bypass graft,Surgery,1407
70450,Ct head/brain w/o dye,Imaging,1408
80047,Renal panel,Lab,1409
99213,Office/outpatient visit EST,Evaluation & Management,1410
67028,Retinal surgery,Surgery,1411
88305,Pathology tissue exam,Lab,1412
90471,Immunization administration,Preventive,1413
11721,Debridement nail,Procedure,1414
80048,Thyroid panel,Lab,1415
90792,Rheumatology consult,Evaluation & Management,1416
88305,Pathology tissue exam,Lab,1417
80047,Renal panel,Lab,1418
95117,Allergy injection,Procedure,1419
88305,Pathology tissue exam,Lab,1420
88305,Pathology tissue exam,Lab,1421
20610,"Arthrocentesis, small joint",Procedure,1422
88305,Pathology tissue exam,Lab,1423
99213,Pediatric office visit,Evaluation & Management,1424
99214,Office visit extended,Evaluation & Management,1425
99213,Office/outpatient visit EST,Evaluation & Management,1426
99213,"Office/outpatient visit, est",Evaluation & Management,1427
90792,Unknown Procedure,Evaluation & Management,1428
31500,Intubation,Procedure,1429
93000,Electrocardiogram,Diagnostic,1430
17000,Destruction benign lesion,Procedure,1431
35301,Bypass graft,Surgery,1432
67028,Injection eye drug,Surgery,1433
17000,Destruction benign lesion,Procedure,1434
80050,General health panel,Lab,1435
90791,Psychiatric diagnostic eval,Evaluation & Management,1436
99213,Office/outpatient visit EST,Evaluation & Management,1437
35301,Bypass graft,Surgery,1438
90791,Psychiatric diagnostic eval,Evaluation & Management,1439
90791,Psychiatric diagnostic eval,Evaluation & Management,1440
71020,Chest X-ray,Imaging,1441
67028,Injection eye drug,Surgery,1442
71020,Chest X-ray,Imaging,1443
87070,"Culture, bacteria, other",Lab,1444
90471,Immunization administration,Preventive,1445
11102,Skin lesion excision,Procedure,1446
71020,Chest X-ray,Imaging,1447
00520,Anesthesia for procedures,Procedure,1448
71020,Chest X-ray,Imaging,1449
11721,Debridement nail,Procedure,1450
31500,Intubation,Procedure,1451
11721,Debridement nail,Procedure,1452
67028,Retinal surgery,Surgery,1453
54520,Orchiectomy,Surgery,1454
93458,Cardiac cath,Procedure,1455
80047,Unknown Procedure,Lab,1456
71020,Chest X-ray,Imaging,1457
50360,Dialysis access procedure,Procedure,1458
58150,Cesarean delivery,Surgery,1459
27447,Knee replacement,Surgery,1460
11721,Debridement nail,Procedure,1461
49900,Appendectomy,Surgery,1462
92014,Ophthalmology exam,Evaluation & Management,1463
93458,Cardiac cath,Procedure,1464
54520,Orchiectomy,Surgery,1465
00520,Anesthesia for procedures,Procedure,1466
90471,Immunization administration,Preventive,1467
49900,Appendectomy,Surgery,1468
99213,Pediatric office visit,Evaluation & Management,1469
11102,Skin lesion excision,Procedure,1470
27447,Knee replacement,Surgery,1471
35301,Bypass graft,Surgery,1472
99214,"Office/outpatient visit, est",Evaluation & Management,1473
00520,Anesthesia for procedures,Procedure,1474
52000,Cystoscopy,Procedure,1475
50360,Dialysis access procedure,Procedure,1476
95816,EEG,Diagnostic,1477
99213,Office/outpatient visit EST,Evaluation & Management,1478
15734,Scar revision,Procedure,1479
99285,Emergency department visit - high severity,Emergency,1480
88305,Pathology tissue exam,Lab,1481
95115,"Immunotherapy, one injection",Procedure,1482
15734,Scar revision,Procedure,1483
95816,EEG,Diagnostic,1484
93306,Echocardiogram,Imaging,1485
88305,Tissue exam by pathologist,Lab,1486
35301,Bypass graft,Surgery,1487
A0425,Ambulance service,Procedure,1488
11721,Debridement nail,Procedure,1489
27447,Knee replacement,Surgery,1490
99213,"Office/outpatient visit, est",Evaluation & Management,1491
80050,General health panel,Lab,1492
54520,Orchiectomy,Surgery,1493
88305,Pathology tissue exam,Lab,1494
52000,Cystoscopy,Procedure,1495
99213,Pediatric office visit,Evaluation & Management,1496
99285,Emergency department visit - high severity,Emergency,1497
99214,Office/outpatient visit EST - extended,Evaluation & Management,1498
92014,Ophthalmology exam,Evaluation & Management,1499
90471,Immunization administration,Preventive,1500
99285,Emergency department visit - high severity,Emergency,1501
80050,General health panel,Lab,1502
88305,Pathology tissue exam,Lab,1503
31500,Intubation,Procedure,1504
52000,Cystoscopy,Procedure,1505
11721,Debridement nail,Procedure,1506
76830,Pelvic ultrasound,Imaging,1507
80047,Renal panel,Lab,1508
96372,Therapeutic injection,Procedure,1509
80050,General health panel,Lab,1510
90792,Rheumatology consult,Evaluation & Management,1511
88305,Pathology tissue exam,Lab,1512
20610,"Arthrocentesis, small joint",Procedure,1513
58150,Cesarean delivery,Surgery,1514
31231,Nasal polypectomy,Procedure,1515
35301,Bypass graft,Surgery,1516
99213,"Office/outpatient visit, est",Evaluation & Management,1517
99213,Office visit,Evaluation & Management,1518
87070,"Culture, bacterial",Lab,1519
88305,Pathology tissue exam,Lab,1520
95816,EEG,Diagnostic,1521
88305,Pathology tissue exam,Lab,1522
90792,Rheumatology consult,Evaluation & Management,1523
31231,Nasal polypectomy,Procedure,1524
49900,Appendectomy,Surgery,1525
80047,Renal panel,Lab,1526
15734,Scar revision,Procedure,1527
94010,Pulmonary function test,Diagnostic,1528
50360,Dialysis access procedure,Procedure,1529
99214,Office visit extended,Evaluation & Management,1530
90791,Psychiatric diagnostic eval,Evaluation & Management,1531
99213,Office/outpatient visit EST,Evaluation & Management,1532
99213,Office/outpatient visit EST,Evaluation & Management,1533
27447,Knee replacement,Surgery,1534
27447,Total knee arthroplasty,Surgery,1535
11721,Debridement nail,Procedure,1536
87070,"Culture, bacterial",Lab,1537
90471,Immunization administration,Preventive,1538
90471,Immunization administration,Preventive,1539
93000,Electrocardiogram,Diagnostic,1540
11102,Skin lesion excision,Procedure,1541
54520,Orchiectomy,Surgery,1542
15734,Scar revision,Procedure,1543
00520,Anesthesia for procedures,Procedure,1544
95816,EEG,Diagnostic,1545
00520,Anesthesia for procedures,Procedure,1546
80048,Thyroid panel,Lab,1547
20610,"Arthrocentesis, small joint",Procedure,1548
00520,Anesthesia for procedures,Procedure,1549
90791,Psychiatric diagnostic eval,Evaluation & Management,1550
76830,Pelvic ultrasound,Imaging,1551
90471,Immunization administration,Preventive,1552
88305,Pathology tissue exam,Lab,1553
27447,Knee replacement,Surgery,1554
90471,Immunization administration,Preventive,1555
88305,Pathology tissue exam,Lab,1556
49900,Appendectomy,Surgery,1557
80047,Renal panel,Lab,1558
99213,Pediatric office visit,Evaluation & Management,1559
90791,Psychiatric diagnostic eval,Evaluation & Management,1560
15734,Scar revision,Procedure,1561
52000,Cystoscopy,Procedure,1562
80047,Renal panel,Lab,1563
00520,Anesthesia for procedures,Procedure,1564
11721,Debridement nail,Procedure,1565
27447,Knee replacement,Surgery,1566
99213,"Office/outpatient visit, est",Evaluation & Management,1567
92511,Nasopharyngoscopy,Diagnostic,1568
95115,Allergy testing,Procedure,1569
71020,Chest X-ray,Imaging,1570
99214,Office visit extended,Evaluation & Management,1571
00520,Anesthesia for procedures,Procedure,1572
20610,"Arthrocentesis, small joint",Procedure,1573
93306,Echocardiogram,Imaging,1574
67028,Injection eye drug,Surgery,1575
35301,Bypass graft,Surgery,1576
31231,Nasal polypectomy,Procedure,1577
A0425,Ambulance service,Procedure,1578
27447,Knee replacement,Surgery,1579
00520,Anesthesia for procedures,Procedure,1580
58150,Cesarean delivery,Surgery,1581
90791,Psychiatric diagnostic eval,Evaluation & Management,1582
90791,Psychiatric diagnostic eval,Evaluation & Management,1583
80048,Thyroid panel,Lab,1584
99285,Emergency department visit - high severity,Emergency,1585
27447,Knee replacement,Surgery,1586
95115,Allergy testing,Procedure,1587
00520,Anesthesia for procedures,Procedure,1588
96413,Chemotherapy administration,Procedure,1589
31500,Intubation,Procedure,1590
15734,Scar revision,Procedure,1591
99213,"Office/outpatient visit, est",Evaluation & Management,1592
95816,EEG,Diagnostic,1593
11721,Debridement nail,Procedure,1594
93306,Echocardiogram,Imaging,1595
11721,Debridement nail,Procedure,1596
96413,Chemotherapy administration,Procedure,1597
95115,Allergy testing,Procedure,1598
50360,Dialysis access procedure,Procedure,1599
20610,"Arthrocentesis, small joint",Procedure,1600
27447,Knee replacement,Surgery,1601
71020,Chest X-ray,Imaging,1602
17000,Destruction benign lesion,Procedure,1603
35301,Bypass graft,Surgery,1604
90791,Psychiatric diagnostic eval,Evaluation & Management,1605
90791,Psychiatric diagnostic eval,Evaluation & Management,1606
99213,Office visit,Evaluation & Management,1607
35301,Bypass graft,Surgery,1608
58150,Cesarean delivery,Surgery,1609
94010,Pulmonary function test,Diagnostic,1610
80048,Thyroid panel,Lab,1611
90471,Immunization administration,Preventive,1612
99285,Emergency department visit - high severity,Emergency,1613
00520,Anesthesia for procedures,Procedure,1614
71020,Chest X-ray,Imaging,1615
92014,Ophthalmology exam,Evaluation & Management,1616
35301,Rechanneling of artery,Surgery,1617
96413,Chemotherapy administration,Procedure,1618
15734,Scar revision,Procedure,1619
76830,"Transvaginal us, non-ob",Imaging,1620
95816,EEG,Diagnostic,1621
88305,Pathology tissue exam,Lab,1622
99213,Pediatric office visit,Evaluation & Management,1623
95810,"Polysomnography, 4 or more",Diagnostic,1624
31231,Nasal polypectomy,Procedure,1625
20610,"Arthrocentesis, small joint",Procedure,1626
99213,Office/outpatient visit EST,Evaluation & Management,1627
87070,"Culture, bacterial",Lab,1628
31500,Intubation,Procedure,1629
94010,Pulmonary function test,Diagnostic,1630
88305,Pathology tissue exam,Lab,1631
95810,Nerve conduction study,Diagnostic,1632
96413,Chemotherapy administration,Procedure,1633
71020,Chest X-ray,Imaging,1634
43239,EGD,Procedure,1635
27447,Knee replacement,Surgery,1636
90792,Rheumatology consult,Evaluation & Management,1637
15734,Scar revision,Procedure,1638
58150,Cesarean delivery,Surgery,1639
95810,Nerve conduction study,Diagnostic,1640
95810,Nerve conduction study,Diagnostic,1641
12001,Repair superficial wound(s),Procedure,1642
90471,Immunization administration,Preventive,1643
70450,CT Head without contrast,Imaging,1644
99213,Office/outpatient visit EST,Evaluation & Management,1645
87070,"Culture, bacterial",Lab,1646
71020,Chest X-ray,Imaging,1647
00520,Anesthesia for procedures,Procedure,1648
35301,Bypass graft,Surgery,1649
95115,Allergy testing,Procedure,1650
88305,Pathology tissue exam,Lab,1651
70450,CT Head without contrast,Imaging,1652
87070,"Culture, bacterial",Lab,1653
88305,Pathology tissue exam,Lab,1654
35301,Bypass graft,Surgery,1655
76830,Pelvic ultrasound,Imaging,1656
35301,Bypass graft,Surgery,1657
15734,Scar revision,Procedure,1658
94010,Pulmonary function test,Diagnostic,1659
92511,Nasopharyngoscopy,Diagnostic,1660
71020,Chest X-ray,Imaging,1661
95117,Allergy injection,Procedure,1662
95117,Allergy injection,Procedure,1663
00520,Anesthesia for procedures,Procedure,1664
99214,Office visit extended,Evaluation & Management,1665
31231,Nasal polypectomy,Procedure,1666
96413,Chemotherapy administration,Procedure,1667
90791,Psychiatric diagnostic eval,Evaluation & Management,1668
00520,Unknown Procedure,Procedure,1669
70450,CT Head without contrast,Imaging,1670
58150,Cesarean delivery,Surgery,1671
90471,Immunization administration,Preventive,1672
80050,General health panel,Lab,1673
88305,Pathology tissue exam,Lab,1674
11721,Debridement nail,Procedure,1675
88305,Pathology tissue exam,Lab,1676
12001,Simple repair of wound,Procedure,1677
88305,Pathology tissue exam,Lab,1678
27447,Knee replacement,Surgery,1679
99214,Office visit extended,Evaluation & Management,1680
11721,Debridement nail,Procedure,1681
95115,Allergy testing,Procedure,1682
35301,Bypass graft,Surgery,1683
71020,Chest X-ray,Imaging,1684
15734,"Muscle-skin graft, trunk",Procedure,1685
00520,Anesthesia for procedures,Procedure,1686
99214,Office/outpatient visit EST - extended,Evaluation & Management,1687
92511,Speech audiometry,Diagnostic,1688
90471,Immunization administration,Preventive,1689
15734,Scar revision,Procedure,1690
54520,Orchiectomy,Surgery,1691
90792,Rheumatology consult,Evaluation & Management,1692
35301,Bypass graft,Surgery,1693
92511,Speech audiometry,Diagnostic,1694
90792,Rheumatology consult,Evaluation & Management,1695
90792,Rheumatology consult,Evaluation & Management,1696
15734,Scar revision,Procedure,1697
31500,Intubation,Procedure,1698
80048,Thyroid panel,Lab,1699
31231,Nasal polypectomy,Procedure,1700
92511,Speech audiometry,Diagnostic,1701
70450,CT Head without contrast,Imaging,1702
88305,Pathology tissue exam,Lab,1703
76830,Pelvic ultrasound,Imaging,1704
80050,General health panel,Lab,1705
90792,Rheumatology consult,Evaluation & Management,1706
93458,Unknown Procedure,Procedure,1707
27447,Knee replacement,Surgery,1708
88305,Pathology tissue exam,Lab,1709
93458,Cardiac cath,Procedure,1710
99213,Office/outpatient visit EST,Evaluation & Management,1711
80050,General health panel,Lab,1712
90791,Psychiatric diagnostic eval,Evaluation & Management,1713
88305,Pathology tissue exam,Lab,1714
35301,Bypass graft,Surgery,1715
31500,Intubation,Procedure,1716
90792,Rheumatology consult,Evaluation & Management,1717
58150,Cesarean delivery,Surgery,1718
12001,Simple repair of wound,Procedure,1719
80047,Renal panel,Lab,1720
00520,Unknown Procedure,Procedure,1721
95810,Nerve conduction study,Diagnostic,1722
11721,Debridement nail,Procedure,1723
43239,EGD,Procedure,1724
52000,Cystoscopy,Procedure,1725
92014,Eye exam & treatment,Evaluation & Management,1726
88305,Pathology tissue exam,Lab,1727
90471,Immunization administration,Preventive,1728
43239,"Upper GI endoscopy, biopsy",Procedure,1729
80050,General health panel,Lab,1730
99213,Pediatric office visit,Evaluation & Management,1731
80050,General health panel,Lab,1732
11721,Debridement nail,Procedure,1733
88305,Pathology tissue exam,Lab,1734
88305,Pathology tissue exam,Lab,1735
88305,Pathology tissue exam,Lab,1736
76830,Pelvic ultrasound,Imaging,1737
90791,Psychiatric diagnostic eval,Evaluation & Management,1738
31500,Intubation,Procedure,1739
50360,Dialysis access procedure,Procedure,1740
67028,Retinal surgery,Surgery,1741
99213,Office/outpatient visit EST,Evaluation & Management,1742
11721,"Debride nail, 6 or more",Procedure,1743
93306,Echocardiogram,Imaging,1744
99214,Office visit extended,Evaluation & Management,1745
90791,Psychiatric diagnostic eval,Evaluation & Management,1746
35301,Bypass graft,Surgery,1747
90471,Immunization administration,Preventive,1748
88305,Pathology tissue exam,Lab,1749
99213,Office visit,Evaluation & Management,1750
90792,Rheumatology consult,Evaluation & Management,1751
90791,Psychiatric diagnostic eval,Evaluation & Management,1752
35301,Bypass graft,Surgery,1753
15734,Scar revision,Procedure,1754
80047,Renal panel,Lab,1755
88305,Pathology tissue exam,Lab,1756
80050,General health panel,Lab,1757
95117,Allergy injection,Procedure,1758
11721,Debridement nail,Procedure,1759
49900,Appendectomy,Surgery,1760
00520,Anesthesia for procedures,Procedure,1761
31231,Nasal polypectomy,Procedure,1762
88305,Pathology tissue exam,Lab,1763
88305,Tissue exam by pathologist,Lab,1764
80047,Renal panel,Lab,1765
95115,"Immunotherapy, one injection",Procedure,1766
99285,Emergency department visit - high severity,Emergency,1767
50360,Transplantation of kidney,Procedure,1768
94010,Pulmonary function test,Diagnostic,1769
90792,Rheumatology consult,Evaluation & Management,1770
50360,Dialysis access procedure,Procedure,1771
90791,Psychiatric diagnostic eval,Evaluation & Management,1772
11721,Debridement nail,Procedure,1773
88305,Pathology tissue exam,Lab,1774
93306,Echocardiogram,Imaging,1775
71020,Chest X-ray,Imaging,1776
95810,Nerve conduction study,Diagnostic,1777
90471,Immunization administration,Preventive,1778
17000,Destruction benign lesion,Procedure,1779
99213,Office visit,Evaluation & Management,1780
90791,Psychiatric diagnostic eval,Evaluation & Management,1781
90471,Immunization administration,Preventive,1782
99213,Office/outpatient visit EST,Evaluation & Management,1783
88305,Pathology tissue exam,Lab,1784
90792,Rheumatology consult,Evaluation & Management,1785
11102,Skin lesion excision,Procedure,1786
76830,Pelvic ultrasound,Imaging,1787
87070,"Culture, bacterial",Lab,1788
43239,EGD,Procedure,1789
90791,Unknown Procedure,Evaluation & Management,1790
88305,Pathology tissue exam,Lab,1791
93306,Echocardiogram,Imaging,1792
99213,Pediatric office visit,Evaluation & Management,1793
76830,Pelvic ultrasound,Imaging,1794
00520,Anesthesia for procedures,Procedure,1795
95117,Allergy injection,Procedure,1796
90791,Psychiatric diagnostic eval,Evaluation & Management,1797
71020,Chest X-ray,Imaging,1798
27447,Knee replacement,Surgery,1799
54520,Orchiectomy,Surgery,1800
95810,Nerve conduction study,Diagnostic,1801
88305,Pathology tissue exam,Lab,1802
95816,EEG,Diagnostic,1803
95117,Allergy injection,Procedure,1804
88305,Pathology tissue exam,Lab,1805
99213,Office visit,Evaluation & Management,1806
99213,"Office/outpatient visit, est",Evaluation & Management,1807
99214,Office visit extended,Evaluation & Management,1808
49900,Appendectomy,Surgery,1809
67028,Injection eye drug,Surgery,1810
80047,Renal panel,Lab,1811
90471,Immunization administration,Preventive,1812
88305,Pathology tissue exam,Lab,1813
80047,Renal panel,Lab,1814
99213,Office visit,Evaluation & Management,1815
A0425,Ambulance service,Procedure,1816
80050,General health panel,Lab,1817
70450,CT Head without contrast,Imaging,1818
49900,Appendectomy,Surgery,1819
96372,Therapeutic injection,Procedure,1820
71020,Chest X-ray,Imaging,1821
20610,"Arthrocentesis, small joint",Procedure,1822
95810,Nerve conduction study,Diagnostic,1823
27447,Knee replacement,Surgery,1824
76830,Pelvic ultrasound,Imaging,1825
54520,Removal of testis,Surgery,1826
71020,Chest X-ray,Imaging,1827
00520,Anesthesia for procedures,Procedure,1828
95115,Allergy testing,Procedure,1829
76830,Pelvic ultrasound,Imaging,1830
15734,Scar revision,Procedure,1831
88305,Pathology tissue exam,Lab,1832
99213,Pediatric office visit,Evaluation & Management,1833
94010,Pulmonary function test,Diagnostic,1834
80050,General health panel,Lab,1835
20610,"Drain/inject, joint/bursa",Procedure,1836
99214,"Office/outpatient visit, est",Evaluation & Management,1837
76830,Pelvic ultrasound,Imaging,1838
20610,"Arthrocentesis, small joint",Procedure,1839
88305,Pathology tissue exam,Lab,1840
99213,"Office/outpatient visit, est",Evaluation & Management,1841
20610,"Arthrocentesis, small joint",Procedure,1842
90471,Immunization administration,Preventive,1843
99213,Pediatric office visit,Evaluation & Management,1844
54520,Orchiectomy,Surgery,1845
11721,Debridement nail,Procedure,1846
90792,Rheumatology consult,Evaluation & Management,1847
90792,Rheumatology consult,Evaluation & Management,1848
15734,Scar revision,Procedure,1849
31500,Intubation,Procedure,1850
70450,CT Head without contrast,Imaging,1851
20610,"Arthrocentesis, small joint",Procedure,1852
58150,Cesarean delivery,Surgery,1853
99213,Office/outpatient visit EST,Evaluation & Management,1854
99213,Office visit,Evaluation & Management,1855
76830,Pelvic ultrasound,Imaging,1856
15734,Scar revision,Procedure,1857
35301,Bypass graft,Surgery,1858
99213,Office visit,Evaluation & Management,1859
99213,Pediatric office visit,Evaluation & Management,1860
52000,Cystoscopy,Procedure,1861
96413,Chemotherapy administration,Procedure,1862
88305,Pathology tissue exam,Lab,1863
80048,Thyroid panel,Lab,1864
90792,Rheumatology consult,Evaluation & Management,1865
27447,Knee replacement,Surgery,1866
88305,Pathology tissue exam,Lab,1867
99214,Office/outpatient visit EST - extended,Evaluation & Management,1868
88305,Pathology tissue exam,Lab,1869
99213,Pediatric office visit,Evaluation & Management,1870
90792,Rheumatology consult,Evaluation & Management,1871
11721,Debridement nail,Procedure,1872
90792,Rheumatology consult,Evaluation & Management,1873
80048,Thyroid panel,Lab,1874
88305,Pathology tissue exam,Lab,1875
88305,Pathology tissue exam,Lab,1876
99214,Office visit extended,Evaluation & Management,1877
11721,Debridement nail,Procedure,1878
58150,Cesarean delivery,Surgery,1879
71020,Chest X-ray,Imaging,1880
11721,Debridement nail,Procedure,1881
95810,Nerve conduction study,Diagnostic,1882
54520,Orchiectomy,Surgery,1883
58150,Cesarean delivery,Surgery,1884
87070,"Culture, bacterial",Lab,1885
94010,Pulmonary function test,Diagnostic,1886
31231,Nasal polypectomy,Procedure,1887
58150,Cesarean delivery,Surgery,1888
35301,Bypass graft,Surgery,1889
49900,Appendectomy,Surgery,1890
20610,"Arthrocentesis, small joint",Procedure,1891
88305,Pathology tissue exam,Lab,1892
88305,Pathology tissue exam,Lab,1893
43239,"Upper GI endoscopy, biopsy",Procedure,1894
93306,Echocardiogram,Imaging,1895
95115,Allergy testing,Procedure,1896
12001,Simple repair of wound,Procedure,1897
58150,Cesarean delivery,Surgery,1898
35301,Rechanneling of artery,Surgery,1899
20610,"Drain/inject, joint/bursa",Procedure,1900
80050,General health panel,Lab,1901
43239,"Upper GI endoscopy, biopsy",Procedure,1902
90791,Psychiatric diagnostic eval,Evaluation & Management,1903
71020,Chest X-ray,Imaging,1904
80050,General health panel,Lab,1905
92511,Speech audiometry,Diagnostic,1906
99213,Office/outpatient visit EST,Evaluation & Management,1907
80048,Basic metabolic panel,Lab,1908
11102,Skin lesion excision,Procedure,1909
67028,Retinal surgery,Surgery,1910
94010,Breathing capacity test,Diagnostic,1911
95117,Allergy injection,Procedure,1912
52000,Cystoscopy,Procedure,1913
96413,Chemotherapy administration,Procedure,1914
92014,Ophthalmology exam,Evaluation & Management,1915
95117,Allergy injection,Procedure,1916
58150,Cesarean delivery,Surgery,1917
99214,Office/outpatient visit EST - extended,Evaluation & Management,1918
27447,Knee replacement,Surgery,1919
87070,"Culture, bacterial",Lab,1920
15734,Scar revision,Procedure,1921
88305,Pathology tissue exam,Lab,1922
11721,Debridement nail,Procedure,1923
43239,EGD,Procedure,1924
80050,General health panel,Lab,1925
71020,Chest x-ray,Imaging,1926
90471,Immunization administration,Preventive,1927
31231,Nasal polypectomy,Procedure,1928
11102,Unknown Procedure,Procedure,1929
67028,Retinal surgery,Surgery,1930
92511,Speech audiometry,Diagnostic,1931
71020,Chest X-ray,Imaging,1932
92014,Ophthalmology exam,Evaluation & Management,1933
49900,Appendectomy,Surgery,1934
31231,Nasal polypectomy,Procedure,1935
88305,Tissue exam by pathologist,Lab,1936
95810,Nerve conduction study,Diagnostic,1937
58150,Cesarean delivery,Surgery,1938
99213,Office/outpatient visit EST,Evaluation & Management,1939
11721,"Debride nail, 6 or more",Procedure,1940
88305,Pathology tissue exam,Lab,1941
94010,Pulmonary function test,Diagnostic,1942
99213,Office/outpatient visit EST,Evaluation & Management,1943
92014,Ophthalmology exam,Evaluation & Management,1944
11721,Debridement nail,Procedure,1945
27447,Knee replacement,Surgery,1946
52000,Cystoscopy,Procedure,1947
11721,Debridement nail,Procedure,1948
93306,Unknown Procedure,Imaging,1949
49900,Appendectomy,Surgery,1950
31231,Nasal polypectomy,Procedure,1951
96372,Unknown Procedure,Procedure,1952
35301,Bypass graft,Surgery,1953
11102,Skin lesion excision,Procedure,1954
99214,Office visit extended,Evaluation & Management,1955
11721,Debridement nail,Procedure,1956
20610,"Arthrocentesis, small joint",Procedure,1957
11102,Unknown Procedure,Procedure,1958
00520,Anesthesia for procedures,Procedure,1959
90792,Rheumatology consult,Evaluation & Management,1960
49900,Appendectomy,Surgery,1961
95117,Allergy injection,Procedure,1962
95810,Nerve conduction study,Diagnostic,1963
88305,Pathology tissue exam,Lab,1964
88305,Pathology tissue exam,Lab,1965
95810,"Polysomnography, 4 or more",Diagnostic,1966
92511,Speech audiometry,Diagnostic,1967
17000,Destruction benign lesion,Procedure,1968
43239,EGD,Procedure,1969
99214,Office visit extended,Evaluation & Management,1970
67028,Retinal surgery,Surgery,1971
99285,Emergency department visit - high severity,Emergency,1972
96372,Therapeutic injection,Procedure,1973
99213,Office/outpatient visit EST,Evaluation & Management,1974
20610,"Arthrocentesis, small joint",Procedure,1975
90791,Psychiatric diagnostic eval,Evaluation & Management,1976
70450,CT Head without contrast,Imaging,1977
96372,Therapeutic injection,Procedure,1978
90791,Psychiatric diagnostic eval,Evaluation & Management,1979
95117,Allergy injection,Procedure,1980
92014,Ophthalmology exam,Evaluation & Management,1981
93000,Electrocardiogram,Diagnostic,1982
96372,Therapeutic injection,Procedure,1983
49900,Appendectomy,Surgery,1984
99285,Emergency department visit - high severity,Emergency,1985
67028,Retinal surgery,Surgery,1986
67028,Retinal surgery,Surgery,1987
90792,Rheumatology consult,Evaluation & Management,1988
99213,Office/outpatient visit EST,Evaluation & Management,1989
93306,Echocardiogram,Imaging,1990
92511,Nasopharyngoscopy,Diagnostic,1991
99213,Pediatric office visit,Evaluation & Management,1992
99213,Pediatric office visit,Evaluation & Management,1993
11721,"Debride nail, 6 or more",Procedure,1994
92014,Ophthalmology exam,Evaluation & Management,1995
17000,Destruction benign lesion,Procedure,1996
76830,Pelvic ultrasound,Imaging,1997
92014,Ophthalmology exam,Evaluation & Management,1998
43239,EGD,Procedure,1999
71020,Chest X-ray,Imaging,2000
95816,EEG,Diagnostic,2001
27447,Knee replacement,Surgery,2002
17000,Destruction benign lesion,Procedure,2003
00520,Anesthesia for procedures,Procedure,2004
80047,Unknown Procedure,Lab,2005
95115,Allergy testing,Procedure,2006
49900,Appendectomy,Surgery,2007
93000,Electrocardiogram,Diagnostic,2008
92511,Speech audiometry,Diagnostic,2009
80050,General health panel,Lab,2010
49900,Repair of abdominal wall,Surgery,2011
90791,Psychiatric diagnostic eval,Evaluation & Management,2012
90471,Immunization administration,Preventive,2013
80048,Thyroid panel,Lab,2014
87070,"Culture, bacterial",Lab,2015
58150,Cesarean delivery,Surgery,2016
96372,Therapeutic injection,Procedure,2017
88305,Tissue exam by pathologist,Lab,2018
99213,Office/outpatient visit EST,Evaluation & Management,2019
17000,Destruction benign lesion,Procedure,2020
99213,Office visit,Evaluation & Management,2021
54520,Removal of testis,Surgery,2022
99213,"Office/outpatient visit, est",Evaluation & Management,2023
35301,Bypass graft,Surgery,2024
15734,Scar revision,Procedure,2025
80047,Renal panel,Lab,2026
90791,Psychiatric diagnostic eval,Evaluation & Management,2027
99213,Pediatric office visit,Evaluation & Management,2028
87070,"Culture, bacterial",Lab,2029
99285,Emergency department visit - high severity,Emergency,2030
96372,Unknown Procedure,Procedure,2031
80050,General health panel,Lab,2032
88305,Pathology tissue exam,Lab,2033
88305,Pathology tissue exam,Lab,2034
71020,Chest x-ray,Imaging,2035
90471,Immunization administration,Preventive,2036
90791,Psychiatric diagnostic eval,Evaluation & Management,2037
80050,General health panel,Lab,2038
90791,Psychiatric diagnostic eval,Evaluation & Management,2039
87070,"Culture, bacterial",Lab,2040
95816,EEG,Diagnostic,2041
99285,Emergency department visit - high severity,Emergency,2042
67028,Retinal surgery,Surgery,2043
93000,Electrocardiogram,Diagnostic,2044
95117,Allergy injection,Procedure,2045
90792,Unknown Procedure,Evaluation & Management,2046
88305,Pathology tissue exam,Lab,2047
95115,Allergy testing,Procedure,2048
70450,CT Head without contrast,Imaging,2049
90791,Psychiatric diagnostic eval,Evaluation & Management,2050
92511,Speech audiometry,Diagnostic,2051
92511,Nasopharyngoscopy,Diagnostic,2052
35301,Bypass graft,Surgery,2053
95115,Allergy testing,Procedure,2054
15734,Scar revision,Procedure,2055
71020,Chest X-ray,Imaging,2056
11721,Debridement nail,Procedure,2057
00520,Anesthesia for procedures,Procedure,2058
52000,Cystoscopy,Procedure,2059
70450,Ct head/brain w/o dye,Imaging,2060
90471,Immunization administration,Preventive,2061
88305,Pathology tissue exam,Lab,2062
93306,Echocardiogram,Imaging,2063
99213,"Office/outpatient visit, est",Evaluation & Management,2064
52000,Cystoscopy,Procedure,2065
31500,Intubation,Procedure,2066
49900,Appendectomy,Surgery,2067
95810,Nerve conduction study,Diagnostic,2068
54520,Orchiectomy,Surgery,2069
99213,Office visit,Evaluation & Management,2070
90471,Immunization administration,Preventive,2071
80050,General health panel,Lab,2072
93306,Echocardiogram,Imaging,2073
88305,Pathology tissue exam,Lab,2074
99213,Office/outpatient visit EST,Evaluation & Management,2075
93306,Echocardiogram,Imaging,2076
88305,Pathology tissue exam,Lab,2077
99213,Office/outpatient visit EST,Evaluation & Management,2078
52000,Cystoscopy,Procedure,2079
54520,Removal of testis,Surgery,2080
15734,Scar revision,Procedure,2081
11721,Debridement nail,Procedure,2082
96372,Therapeutic injection,Procedure,2083
88305,Pathology tissue exam,Lab,2084
50360,Dialysis access procedure,Procedure,2085
52000,Cystoscopy,Procedure,2086
15734,Scar revision,Procedure,2087
99213,Office visit,Evaluation & Management,2088
94010,Pulmonary function test,Diagnostic,2089
90471,Immunization administration,Preventive,2090
31500,Intubation,Procedure,2091
80047,Renal panel,Lab,2092
49900,Appendectomy,Surgery,2093
99213,Office/outpatient visit EST,Evaluation & Management,2094
71020,Chest X-ray,Imaging,2095
17000,Destruction benign lesion,Procedure,2096
99285,Emergency dept visit,Emergency,2097
95816,EEG,Diagnostic,2098
50360,Dialysis access procedure,Procedure,2099
80048,Thyroid panel,Lab,2100
99213,Pediatric office visit,Evaluation & Management,2101
20610,"Arthrocentesis, small joint",Procedure,2102
15734,Scar revision,Procedure,2103
93000,Electrocardiogram,Diagnostic,2104
88305,Pathology tissue exam,Lab,2105
90471,Immunization administration,Preventive,2106
99213,Pediatric office visit,Evaluation & Management,2107
90471,Immunization administration,Preventive,2108
00520,Anesthesia for procedures,Procedure,2109
93306,Echocardiogram,Imaging,2110
92014,Ophthalmology exam,Evaluation & Management,2111
90792,Rheumatology consult,Evaluation & Management,2112
15734,Scar revision,Procedure,2113
95117,Allergy injection,Procedure,2114
80050,General health panel,Lab,2115
11721,Debridement nail,Procedure,2116
90792,Rheumatology consult,Evaluation & Management,2117
88305,Tissue exam by pathologist,Lab,2118
88305,Tissue exam by pathologist,Lab,2119
80050,General health panel,Lab,2120
54520,Orchiectomy,Surgery,2121
12001,Repair superficial wound(s),Procedure,2122
95115,Allergy testing,Procedure,2123
49900,Appendectomy,Surgery,2124
00520,Anesthesia for procedures,Procedure,2125
20610,"Arthrocentesis, small joint",Procedure,2126
17000,Destruction benign lesion,Procedure,2127
27447,Knee replacement,Surgery,2128
15734,"Muscle-skin graft, trunk",Procedure,2129
17000,Destroy benign/premlg lesion,Procedure,2130
99285,Emergency department visit - high severity,Emergency,2131
00520,Anesthesia for procedures,Procedure,2132
90792,Rheumatology consult,Evaluation & Management,2133
54520,Orchiectomy,Surgery,2134
71020,Chest X-ray,Imaging,2135
92511,Speech audiometry,Diagnostic,2136
87070,"Culture, bacterial",Lab,2137
90792,Rheumatology consult,Evaluation & Management,2138
11721,Debridement nail,Procedure,2139
00520,Anesthesia for procedures,Procedure,2140
70450,CT Head without contrast,Imaging,2141
80050,General health panel,Lab,2142
31500,Intubation,Procedure,2143
35301,Bypass graft,Surgery,2144
20610,"Arthrocentesis, small joint",Procedure,2145
31231,Nasal polypectomy,Procedure,2146
99285,Emergency dept visit,Emergency,2147
88305,Pathology tissue exam,Lab,2148
50360,Dialysis access procedure,Procedure,2149
71020,Chest x-ray,Imaging,2150
12001,Simple repair of wound,Procedure,2151
87070,"Culture, bacteria, other",Lab,2152
50360,Dialysis access procedure,Procedure,2153
58150,Cesarean delivery,Surgery,2154
52000,Cystoscopy,Procedure,2155
88305,Pathology tissue exam,Lab,2156
11102,Unknown Procedure,Procedure,2157
71020,Chest X-ray,Imaging,2158
80050,General health panel,Lab,2159
70450,Ct head/brain w/o dye,Imaging,2160
67028,Retinal surgery,Surgery,2161
99213,Office/outpatient visit EST,Evaluation & Management,2162
35301,Bypass graft,Surgery,2163
11721,Debridement nail,Procedure,2164
90791,Psychiatric diagnostic eval,Evaluation & Management,2165
58150,Cesarean delivery,Surgery,2166
80050,General health panel,Lab,2167
92511,Speech audiometry,Diagnostic,2168
93000,Electrocardiogram,Diagnostic,2169
52000,Cystoscopy,Procedure,2170
80047,Renal panel,Lab,2171
27447,Knee replacement,Surgery,2172
76830,Pelvic ultrasound,Imaging,2173
96413,Chemotherapy administration,Procedure,2174
50360,Dialysis access procedure,Procedure,2175
67028,Retinal surgery,Surgery,2176
49900,Appendectomy,Surgery,2177
00520,Anesthesia for procedures,Procedure,2178
90471,Immunization administration,Preventive,2179
95115,Allergy testing,Procedure,2180
90791,Psychiatric diagnostic eval,Evaluation & Management,2181
52000,Cystoscopy,Procedure,2182
88305,Pathology tissue exam,Lab,2183
95810,Nerve conduction study,Diagnostic,2184
00520,Anesthesia for procedures,Procedure,2185
71020,Chest X-ray,Imaging,2186
96372,Therapeutic injection,Procedure,2187
35301,Bypass graft,Surgery,2188
15734,Scar revision,Procedure,2189
93458,Cardiac cath,Procedure,2190
93306,Unknown Procedure,Imaging,2191
67028,Retinal surgery,Surgery,2192
93000,Electrocardiogram,Diagnostic,2193
35301,Rechanneling of artery,Surgery,2194
49900,Appendectomy,Surgery,2195
99214,Office/outpatient visit EST - extended,Evaluation & Management,2196
11721,"Debride nail, 6 or more",Procedure,2197
99213,Office visit,Evaluation & Management,2198
80047,Renal panel,Lab,2199
A0425,Ambulance service,Procedure,2200
88305,Tissue exam by pathologist,Lab,2201
90471,Immunization administration,Preventive,2202
67028,Retinal surgery,Surgery,2203
92014,Ophthalmology exam,Evaluation & Management,2204
90791,Psychiatric diagnostic eval,Evaluation & Management,2205
92511,Speech audiometry,Diagnostic,2206
92511,Speech audiometry,Diagnostic,2207
80050,General health panel,Lab,2208
99285,Emergency department visit - high severity,Emergency,2209
11721,"Debride nail, 6 or more",Procedure,2210
20610,"Arthrocentesis, small joint",Procedure,2211
A0425,Ambulance service,Procedure,2212
95810,Nerve conduction study,Diagnostic,2213
99213,Pediatric office visit,Evaluation & Management,2214
49900,Appendectomy,Surgery,2215
99285,Emergency dept visit,Emergency,2216
93000,"Electrocardiogram, complete",Diagnostic,2217
80048,Thyroid panel,Lab,2218
99213,Pediatric office visit,Evaluation & Management,2219
90792,Rheumatology consult,Evaluation & Management,2220
11721,Debridement nail,Procedure,2221
90791,Psychiatric diagnostic eval,Evaluation & Management,2222
87070,"Culture, bacterial",Lab,2223
99213,Office/outpatient visit EST,Evaluation & Management,2224
94010,Pulmonary function test,Diagnostic,2225
00520,Anesthesia for procedures,Procedure,2226
35301,Bypass graft,Surgery,2227
58150,Total hysterectomy,Surgery,2228
31231,"Nasal endoscopy, dx",Procedure,2229
88305,Pathology tissue exam,Lab,2230
88305,Pathology tissue exam,Lab,2231
99285,Emergency department visit - high severity,Emergency,2232
99285,Emergency dept visit,Emergency,2233
80047,Renal panel,Lab,2234
94010,Pulmonary function test,Diagnostic,2235
80050,General health panel,Lab,2236
43239,EGD,Procedure,2237
87070,"Culture, bacterial",Lab,2238
95115,Allergy testing,Procedure,2239
92014,Ophthalmology exam,Evaluation & Management,2240
15734,Scar revision,Procedure,2241
12001,Repair superficial wound(s),Procedure,2242
11721,Debridement nail,Procedure,2243
92511,Speech audiometry,Diagnostic,2244
99213,Office/outpatient visit EST,Evaluation & Management,2245
35301,Bypass graft,Surgery,2246
52000,Cystoscopy,Procedure,2247
93000,Electrocardiogram,Diagnostic,2248
87070,"Culture, bacterial",Lab,2249
90792,Rheumatology consult,Evaluation & Management,2250
92014,Ophthalmology exam,Evaluation & Management,2251
90471,Immunization administration,Preventive,2252
76830,Pelvic ultrasound,Imaging,2253
11721,Debridement nail,Procedure,2254
A0425,Ambulance service,Procedure,2255
71020,Chest X-ray,Imaging,2256
11721,Debridement nail,Procedure,2257
54520,Orchiectomy,Surgery,2258
88305,Tissue exam by pathologist,Lab,2259
17000,Destruction benign lesion,Procedure,2260
11721,Debridement nail,Procedure,2261
92014,Ophthalmology exam,Evaluation & Management,2262
15734,Scar revision,Procedure,2263
95115,"Immunotherapy, one injection",Procedure,2264
52000,Cystoscopy,Procedure,2265
80048,Thyroid panel,Lab,2266
92014,Ophthalmology exam,Evaluation & Management,2267
80050,General health panel,Lab,2268
70450,CT Head without contrast,Imaging,2269
96413,Chemotherapy administration,Procedure,2270
80050,General health panel,Lab,2271
58150,Cesarean delivery,Surgery,2272
31231,Nasal polypectomy,Procedure,2273
99285,Emergency department visit - high severity,Emergency,2274
76830,Pelvic ultrasound,Imaging,2275
15734,"Muscle-skin graft, trunk",Procedure,2276
11102,Skin lesion excision,Procedure,2277
99213,Office visit,Evaluation & Management,2278
90792,Rheumatology consult,Evaluation & Management,2279
43239,EGD,Procedure,2280
35301,Bypass graft,Surgery,2281
88305,Pathology tissue exam,Lab,2282
11721,Debridement nail,Procedure,2283
31500,Intubation,Procedure,2284
90792,Rheumatology consult,Evaluation & Management,2285
92511,Nasopharyngoscopy,Diagnostic,2286
35301,Bypass graft,Surgery,2287
80050,General health panel,Lab,2288
95816,EEG,Diagnostic,2289
95117,Allergy injection,Procedure,2290
80048,Thyroid panel,Lab,2291
99285,Emergency department visit - high severity,Emergency,2292
88305,Pathology tissue exam,Lab,2293
99213,Office/outpatient visit EST,Evaluation & Management,2294
11721,Debridement nail,Procedure,2295
93000,"Electrocardiogram, complete",Diagnostic,2296
90791,Psychiatric diagnostic eval,Evaluation & Management,2297
96372,Unknown Procedure,Procedure,2298
90792,Unknown Procedure,Evaluation & Management,2299
90791,Psychiatric diagnostic eval,Evaluation & Management,2300
96372,Therapeutic injection,Procedure,2301
88305,Pathology tissue exam,Lab,2302
94010,Pulmonary function test,Diagnostic,2303
00520,Anesthesia for procedures,Procedure,2304
27447,Knee replacement,Surgery,2305
90471,Immunization administration,Preventive,2306
70450,CT Head without contrast,Imaging,2307
50360,Dialysis access procedure,Procedure,2308
70450,CT Head without contrast,Imaging,2309
94010,Pulmonary function test,Diagnostic,2310
15734,Scar revision,Procedure,2311
88305,Tissue exam by pathologist,Lab,2312
11102,Skin lesion excision,Procedure,2313
96413,Chemotherapy administration,Procedure,2314
71020,Chest X-ray,Imaging,2315
90471,Immunization administration,Preventive,2316
90471,Immunization administration,Preventive,2317
67028,Retinal surgery,Surgery,2318
93458,Cardiac cath,Procedure,2319
52000,Cystoscopy,Procedure,2320
00520,Unknown Procedure,Procedure,2321
11721,"Debride nail, 6 or more",Procedure,2322
96372,Therapeutic injection,Procedure,2323
00520,Unknown Procedure,Procedure,2324
87070,"Culture, bacterial",Lab,2325
90791,Psychiatric diagnostic eval,Evaluation & Management,2326
90471,Immunization administration,Preventive,2327
52000,Cystoscopy,Procedure,2328
71020,Chest X-ray,Imaging,2329
92014,Ophthalmology exam,Evaluation & Management,2330
11102,Skin lesion excision,Procedure,2331
80050,General health panel,Lab,2332
35301,Bypass graft,Surgery,2333
80048,Thyroid panel,Lab,2334
80050,General health panel,Lab,2335
99213,Office/outpatient visit EST,Evaluation & Management,2336
96372,Therapeutic injection,Procedure,2337
99213,Office/outpatient visit EST,Evaluation & Management,2338
20610,"Arthrocentesis, small joint",Procedure,2339
88305,Tissue exam by pathologist,Lab,2340
67028,Retinal surgery,Surgery,2341
31231,"Nasal endoscopy, dx",Procedure,2342
88305,Pathology tissue exam,Lab,2343
99213,Office/outpatient visit EST,Evaluation & Management,2344
80047,Renal panel,Lab,2345
27447,Total knee arthroplasty,Surgery,2346
99213,Office/outpatient visit EST,Evaluation & Management,2347
15734,Scar revision,Procedure,2348
A0425,Unknown Procedure,Procedure,2349
50360,Transplantation of kidney,Procedure,2350
00520,Unknown Procedure,Procedure,2351
27447,Knee replacement,Surgery,2352
90791,Psychiatric diagnostic eval,Evaluation & Management,2353
88305,Pathology tissue exam,Lab,2354
A0425,Ambulance service,Procedure,2355
35301,Bypass graft,Surgery,2356
99213,Pediatric office visit,Evaluation & Management,2357
80050,General health panel,Lab,2358
67028,Retinal surgery,Surgery,2359
93306,Echocardiogram,Imaging,2360
71020,Chest X-ray,Imaging,2361
90792,Unknown Procedure,Evaluation & Management,2362
90792,Rheumatology consult,Evaluation & Management,2363
20610,"Arthrocentesis, small joint",Procedure,2364
90792,Rheumatology consult,Evaluation & Management,2365
88305,Pathology tissue exam,Lab,2366
50360,Dialysis access procedure,Procedure,2367
80050,General health panel,Lab,2368
99214,Office visit extended,Evaluation & Management,2369
87070,"Culture, bacterial",Lab,2370
52000,Cystoscopy,Procedure,2371
90471,Immunization administration,Preventive,2372
96372,Therapeutic injection,Procedure,2373
11721,Debridement nail,Procedure,2374
80050,General health panel,Lab,2375
92014,Ophthalmology exam,Evaluation & Management,2376
99213,Office visit,Evaluation & Management,2377
99213,Office visit,Evaluation & Management,2378
90792,Rheumatology consult,Evaluation & Management,2379
43239,EGD,Procedure,2380
99213,Office visit,Evaluation & Management,2381
11102,Skin lesion excision,Procedure,2382
43239,EGD,Procedure,2383
50360,Transplantation of kidney,Procedure,2384
20610,"Drain/inject, joint/bursa",Procedure,2385
99213,Office/outpatient visit EST,Evaluation & Management,2386
11721,Debridement nail,Procedure,2387
99213,"Office/outpatient visit, est",Evaluation & Management,2388
11102,Skin lesion excision,Procedure,2389
49900,Repair of abdominal wall,Surgery,2390
31231,Nasal polypectomy,Procedure,2391
93000,Electrocardiogram,Diagnostic,2392
90471,Immunization administration,Preventive,2393
92014,Eye exam & treatment,Evaluation & Management,2394
99213,Office/outpatient visit EST,Evaluation & Management,2395
11721,Debridement nail,Procedure,2396
88305,Pathology tissue exam,Lab,2397
80048,Thyroid panel,Lab,2398
35301,Bypass graft,Surgery,2399
71020,Chest X-ray,Imaging,2400
90471,Immunization administration,Preventive,2401
17000,Destruction benign lesion,Procedure,2402
90792,Rheumatology consult,Evaluation & Management,2403
96413,Chemotherapy administration,Procedure,2404
99213,Office visit,Evaluation & Management,2405
99213,Office visit,Evaluation & Management,2406
88305,Pathology tissue exam,Lab,2407
99214,Office visit extended,Evaluation & Management,2408
76830,Pelvic ultrasound,Imaging,2409
99214,Office visit extended,Evaluation & Management,2410
88305,Pathology tissue exam,Lab,2411
90792,Rheumatology consult,Evaluation & Management,2412
92511,Speech audiometry,Diagnostic,2413
31231,Nasal polypectomy,Procedure,2414
20610,"Arthrocentesis, small joint",Procedure,2415
92511,Nasopharyngoscopy,Diagnostic,2416
90791,Psychiatric diagnostic eval,Evaluation & Management,2417
95816,EEG,Diagnostic,2418
96413,Unknown Procedure,Procedure,2419
20610,"Arthrocentesis, small joint",Procedure,2420
93000,Electrocardiogram,Diagnostic,2421
88305,Pathology tissue exam,Lab,2422
43239,EGD,Procedure,2423
67028,Injection eye drug,Surgery,2424
17000,Destruction benign lesion,Procedure,2425
12001,Simple repair of wound,Procedure,2426
99213,"Office/outpatient visit, est",Evaluation & Management,2427
A0425,Ambulance service,Procedure,2428
93306,Echocardiogram,Imaging,2429
88305,Pathology tissue exam,Lab,2430
90471,Immunization administration,Preventive,2431
11102,Skin lesion excision,Procedure,2432
80048,Thyroid panel,Lab,2433
49900,Appendectomy,Surgery,2434
94010,Pulmonary function test,Diagnostic,2435
93306,Echocardiogram,Imaging,2436
50360,Dialysis access procedure,Procedure,2437
15734,Scar revision,Procedure,2438
87070,"Culture, bacterial",Lab,2439
35301,Bypass graft,Surgery,2440
90791,Psychiatric diagnostic eval,Evaluation & Management,2441
80048,Thyroid panel,Lab,2442
11721,Debridement nail,Procedure,2443
17000,Destruction benign lesion,Procedure,2444
90791,Psychiatric diagnostic eval,Evaluation & Management,2445
95810,Nerve conduction study,Diagnostic,2446
A0425,Unknown Procedure,Procedure,2447
99285,Emergency department visit - high severity,Emergency,2448
80050,General health panel,Lab,2449
11721,Debridement nail,Procedure,2450
96413,Chemotherapy administration,Procedure,2451
99213,Office visit,Evaluation & Management,2452
92511,Speech audiometry,Diagnostic,2453
71020,Chest X-ray,Imaging,2454
95115,Allergy testing,Procedure,2455
99214,Office/outpatient visit EST - extended,Evaluation & Management,2456
99214,Office visit extended,Evaluation & Management,2457
90791,Unknown Procedure,Evaluation & Management,2458
80050,General health panel,Lab,2459
67028,Retinal surgery,Surgery,2460
15734,Scar revision,Procedure,2461
54520,Orchiectomy,Surgery,2462
95810,"Polysomnography, 4 or more",Diagnostic,2463
00520,Anesthesia for procedures,Procedure,2464
88305,Pathology tissue exam,Lab,2465
35301,Bypass graft,Surgery,2466
15734,Scar revision,Procedure,2467
93458,Cardiac cath,Procedure,2468
90791,Psychiatric diagnostic eval,Evaluation & Management,2469
95115,Allergy testing,Procedure,2470
54520,Orchiectomy,Surgery,2471
00520,Anesthesia for procedures,Procedure,2472
15734,Scar revision,Procedure,2473
15734,Scar revision,Procedure,2474
A0425,Ambulance service,Procedure,2475
50360,Transplantation of kidney,Procedure,2476
71020,Chest X-ray,Imaging,2477
11102,Skin lesion excision,Procedure,2478
31231,Nasal polypectomy,Procedure,2479
99214,Office/outpatient visit EST - extended,Evaluation & Management,2480
88305,Pathology tissue exam,Lab,2481
88305,Pathology tissue exam,Lab,2482
88305,Tissue exam by pathologist,Lab,2483
90792,Rheumatology consult,Evaluation & Management,2484
15734,Scar revision,Procedure,2485
96372,Therapeutic injection,Procedure,2486
90792,Rheumatology consult,Evaluation & Management,2487
71020,Chest X-ray,Imaging,2488
35301,Rechanneling of artery,Surgery,2489
90792,Rheumatology consult,Evaluation & Management,2490
00520,Anesthesia for procedures,Procedure,2491
80047,Renal panel,Lab,2492
20610,"Drain/inject, joint/bursa",Procedure,2493
54520,Orchiectomy,Surgery,2494
71020,Chest X-ray,Imaging,2495
96413,Chemotherapy administration,Procedure,2496
12001,Simple repair of wound,Procedure,2497
99213,Office/outpatient visit EST,Evaluation & Management,2498
71020,Chest X-ray,Imaging,2499
90471,Immunization administration,Preventive,2500
90792,Unknown Procedure,Evaluation & Management,2501
90471,Immunization administration,Preventive,2502
35301,Bypass graft,Surgery,2503
88305,Pathology tissue exam,Lab,2504
11721,Debridement nail,Procedure,2505
99213,"Office/outpatient visit, est",Evaluation & Management,2506
95115,Allergy testing,Procedure,2507
90471,Immunization administration,Preventive,2508
99285,Emergency department visit - high severity,Emergency,2509
95115,Allergy testing,Procedure,2510
35301,Bypass graft,Surgery,2511
15734,Scar revision,Procedure,2512
99214,"Office/outpatient visit, est",Evaluation & Management,2513
93306,Unknown Procedure,Imaging,2514
88305,Pathology tissue exam,Lab,2515
90791,Psychiatric diagnostic eval,Evaluation & Management,2516
35301,Bypass graft,Surgery,2517
31231,Nasal polypectomy,Procedure,2518
80048,Thyroid panel,Lab,2519
93000,Electrocardiogram,Diagnostic,2520
A0425,Ambulance service,Procedure,2521
92511,Speech audiometry,Diagnostic,2522
95810,Nerve conduction study,Diagnostic,2523
49900,Appendectomy,Surgery,2524
52000,Cystoscopy,Procedure,2525
67028,Retinal surgery,Surgery,2526
70450,CT Head without contrast,Imaging,2527
80048,Thyroid panel,Lab,2528
88305,Pathology tissue exam,Lab,2529
35301,Bypass graft,Surgery,2530
99213,Office visit,Evaluation & Management,2531
88305,Pathology tissue exam,Lab,2532
80047,Renal panel,Lab,2533
90791,Unknown Procedure,Evaluation & Management,2534
99213,Office/outpatient visit EST,Evaluation & Management,2535
43239,EGD,Procedure,2536
20610,"Arthrocentesis, small joint",Procedure,2537
27447,Knee replacement,Surgery,2538
35301,Rechanneling of artery,Surgery,2539
00520,Anesthesia for procedures,Procedure,2540
17000,Destruction benign lesion,Procedure,2541
54520,Orchiectomy,Surgery,2542
58150,Cesarean delivery,Surgery,2543
93000,Electrocardiogram,Diagnostic,2544
92511,Speech audiometry,Diagnostic,2545
70450,CT Head without contrast,Imaging,2546
A0425,Ambulance service,Procedure,2547
99285,Emergency department visit - high severity,Emergency,2548
80047,Renal panel,Lab,2549
88305,Pathology tissue exam,Lab,2550
90792,Rheumatology consult,Evaluation & Management,2551
99214,Office/outpatient visit EST - extended,Evaluation & Management,2552
31231,Nasal polypectomy,Procedure,2553
43239,EGD,Procedure,2554
94010,Pulmonary function test,Diagnostic,2555
88305,Pathology tissue exam,Lab,2556
90792,Unknown Procedure,Evaluation & Management,2557
71020,Chest X-ray,Imaging,2558
80047,Renal panel,Lab,2559
95816,"Eeg, awake and drowsy",Diagnostic,2560
80047,Renal panel,Lab,2561
20610,"Arthrocentesis, small joint",Procedure,2562
54520,Orchiectomy,Surgery,2563
80050,General health panel,Lab,2564
88305,Pathology tissue exam,Lab,2565
76830,Pelvic ultrasound,Imaging,2566
88305,Tissue exam by pathologist,Lab,2567
11721,"Debride nail, 6 or more",Procedure,2568
95117,Allergy injection,Procedure,2569
67028,Retinal surgery,Surgery,2570
88305,Tissue exam by pathologist,Lab,2571
88305,Pathology tissue exam,Lab,2572
93458,Cardiac cath,Procedure,2573
52000,Cystoscopy,Procedure,2574
11102,Skin lesion excision,Procedure,2575
20610,"Arthrocentesis, small joint",Procedure,2576
90792,Rheumatology consult,Evaluation & Management,2577
43239,EGD,Procedure,2578
17000,Destruction benign lesion,Procedure,2579
43239,EGD,Procedure,2580
54520,Removal of testis,Surgery,2581
92511,Speech audiometry,Diagnostic,2582
A0425,Unknown Procedure,Procedure,2583
67028,Retinal surgery,Surgery,2584
15734,"Muscle-skin graft, trunk",Procedure,2585
99285,Emergency department visit - high severity,Emergency,2586
88305,Pathology tissue exam,Lab,2587
90471,Immunization administration,Preventive,2588
95810,Nerve conduction study,Diagnostic,2589
11721,Debridement nail,Procedure,2590
80047,Renal panel,Lab,2591
90792,Rheumatology consult,Evaluation & Management,2592
95117,Allergy injection,Procedure,2593
90792,Rheumatology consult,Evaluation & Management,2594
A0425,Ambulance service,Procedure,2595
94010,Pulmonary function test,Diagnostic,2596
11721,"Debride nail, 6 or more",Procedure,2597
80050,General health panel,Lab,2598
96372,Therapeutic injection,Procedure,2599
11102,Skin lesion excision,Procedure,2600
35301,Bypass graft,Surgery,2601
80047,Renal panel,Lab,2602
93458,Cardiac cath,Procedure,2603
11721,Debridement nail,Procedure,2604
92014,Eye exam & treatment,Evaluation & Management,2605
70450,CT Head without contrast,Imaging,2606
15734,Scar revision,Procedure,2607
17000,Destruction benign lesion,Procedure,2608
95117,Allergy injection,Procedure,2609
90791,Psychiatric diagnostic eval,Evaluation & Management,2610
88305,Pathology tissue exam,Lab,2611
88305,Pathology tissue exam,Lab,2612
70450,CT Head without contrast,Imaging,2613
95115,Allergy testing,Procedure,2614
99214,Office visit extended,Evaluation & Management,2615
31231,Nasal polypectomy,Procedure,2616
88305,Pathology tissue exam,Lab,2617
31231,Nasal polypectomy,Procedure,2618
00520,Anesthesia for procedures,Procedure,2619
92014,Ophthalmology exam,Evaluation & Management,2620
99285,Emergency department visit - high severity,Emergency,2621
A0425,Ambulance service,Procedure,2622
11721,Debridement nail,Procedure,2623
67028,Retinal surgery,Surgery,2624
94010,Pulmonary function test,Diagnostic,2625
99213,Office/outpatient visit EST,Evaluation & Management,2626
93458,Cardiac cath,Procedure,2627
58150,Cesarean delivery,Surgery,2628
76830,Pelvic ultrasound,Imaging,2629
93000,Electrocardiogram,Diagnostic,2630
95115,"Immunotherapy, one injection",Procedure,2631
49900,Appendectomy,Surgery,2632
93000,Electrocardiogram,Diagnostic,2633
15734,Scar revision,Procedure,2634
50360,Dialysis access procedure,Procedure,2635
92014,Ophthalmology exam,Evaluation & Management,2636
90471,Immunization administration,Preventive,2637
35301,Bypass graft,Surgery,2638
80050,General health panel,Lab,2639
67028,Retinal surgery,Surgery,2640
99214,Office visit extended,Evaluation & Management,2641
52000,Cystoscopy,Procedure,2642
94010,Pulmonary function test,Diagnostic,2643
95115,Allergy testing,Procedure,2644
35301,Bypass graft,Surgery,2645
20610,"Arthrocentesis, small joint",Procedure,2646
99214,Office/outpatient visit EST - extended,Evaluation & Management,2647
58150,Cesarean delivery,Surgery,2648
88305,Pathology tissue exam,Lab,2649
88305,Pathology tissue exam,Lab,2650
88305,Pathology tissue exam,Lab,2651
00520,Anesthesia for procedures,Procedure,2652
99213,Office visit,Evaluation & Management,2653
99214,Office/outpatient visit EST - extended,Evaluation & Management,2654
90792,Rheumatology consult,Evaluation & Management,2655
99285,Emergency department visit - high severity,Emergency,2656
17000,Destruction benign lesion,Procedure,2657
99213,Office/outpatient visit EST,Evaluation & Management,2658
93000,"Electrocardiogram, complete",Diagnostic,2659
43239,EGD,Procedure,2660
99213,Office visit,Evaluation & Management,2661
15734,Scar revision,Procedure,2662
49900,Appendectomy,Surgery,2663
12001,Simple repair of wound,Procedure,2664
90791,Psychiatric diagnostic eval,Evaluation & Management,2665
54520,Orchiectomy,Surgery,2666
90471,Immunization administration,Preventive,2667
90792,Unknown Procedure,Evaluation & Management,2668
95117,Allergy injection,Procedure,2669
11721,Debridement nail,Procedure,2670
99213,Office visit,Evaluation & Management,2671
54520,Orchiectomy,Surgery,2672
90792,Rheumatology consult,Evaluation & Management,2673
80050,General health panel,Lab,2674
99213,Office/outpatient visit EST,Evaluation & Management,2675
43239,EGD,Procedure,2676
43239,EGD,Procedure,2677
88305,Pathology tissue exam,Lab,2678
90792,Rheumatology consult,Evaluation & Management,2679
92014,Ophthalmology exam,Evaluation & Management,2680
94010,Pulmonary function test,Diagnostic,2681
88305,Pathology tissue exam,Lab,2682
95117,Allergy injection,Procedure,2683
90791,Psychiatric diagnostic eval,Evaluation & Management,2684
11721,Debridement nail,Procedure,2685
20610,"Arthrocentesis, small joint",Procedure,2686
88305,Pathology tissue exam,Lab,2687
15734,Scar revision,Procedure,2688
43239,EGD,Procedure,2689
58150,Cesarean delivery,Surgery,2690
20610,"Arthrocentesis, small joint",Procedure,2691
99213,Office visit,Evaluation & Management,2692
58150,Cesarean delivery,Surgery,2693
50360,Dialysis access procedure,Procedure,2694
17000,Destruction benign lesion,Procedure,2695
96372,Therapeutic injection,Procedure,2696
11721,Debridement nail,Procedure,2697
52000,Cystoscopy,Procedure,2698
80048,Thyroid panel,Lab,2699
99285,Emergency department visit - high severity,Emergency,2700
67028,Retinal surgery,Surgery,2701
94010,Pulmonary function test,Diagnostic,2702
A0425,Ambulance service,Procedure,2703
11102,Skin lesion excision,Procedure,2704
20610,"Arthrocentesis, small joint",Procedure,2705
99214,Office visit extended,Evaluation & Management,2706
71020,Chest X-ray,Imaging,2707
90471,Immunization administration,Preventive,2708
12001,Simple repair of wound,Procedure,2709
88305,Pathology tissue exam,Lab,2710
00520,Anesthesia for procedures,Procedure,2711
90791,Psychiatric diagnostic eval,Evaluation & Management,2712
15734,Scar revision,Procedure,2713
35301,Bypass graft,Surgery,2714
90792,Rheumatology consult,Evaluation & Management,2715
A0425,Ambulance service,Procedure,2716
58150,Cesarean delivery,Surgery,2717
99213,Pediatric office visit,Evaluation & Management,2718
50360,Transplantation of kidney,Procedure,2719
96372,Therapeutic injection,Procedure,2720
54520,Orchiectomy,Surgery,2721
90792,Rheumatology consult,Evaluation & Management,2722
80047,Renal panel,Lab,2723
92014,Ophthalmology exam,Evaluation & Management,2724
11721,Debridement nail,Procedure,2725
88305,Pathology tissue exam,Lab,2726
80047,Renal panel,Lab,2727
80047,Renal panel,Lab,2728
15734,Scar revision,Procedure,2729
80048,Thyroid panel,Lab,2730
15734,"Muscle-skin graft, trunk",Procedure,2731
12001,Simple repair of wound,Procedure,2732
76830,Pelvic ultrasound,Imaging,2733
88305,Pathology tissue exam,Lab,2734
17000,Destruction benign lesion,Procedure,2735
12001,Simple repair of wound,Procedure,2736
96413,Chemotherapy administration,Procedure,2737
A0425,Ambulance service,Procedure,2738
A0425,Ambulance service,Procedure,2739
90792,Rheumatology consult,Evaluation & Management,2740
00520,Unknown Procedure,Procedure,2741
54520,Orchiectomy,Surgery,2742
96413,Chemotherapy administration,Procedure,2743
00520,Anesthesia for procedures,Procedure,2744
27447,Knee replacement,Surgery,2745
88305,Pathology tissue exam,Lab,2746
00520,Anesthesia for procedures,Procedure,2747
52000,Cystoscopy,Procedure,2748
90792,Rheumatology consult,Evaluation & Management,2749
15734,"Muscle-skin graft, trunk",Procedure,2750
58150,Cesarean delivery,Surgery,2751
94010,Pulmonary function test,Diagnostic,2752
90471,Immunization administration,Preventive,2753
96372,Unknown Procedure,Procedure,2754
71020,Chest X-ray,Imaging,2755
90471,Immunization administration,Preventive,2756
50360,Dialysis access procedure,Procedure,2757
52000,Cystoscopy,Procedure,2758
49900,Appendectomy,Surgery,2759
90791,Psychiatric diagnostic eval,Evaluation & Management,2760
94010,Pulmonary function test,Diagnostic,2761
90791,Psychiatric diagnostic eval,Evaluation & Management,2762
11721,"Debride nail, 6 or more",Procedure,2763
90791,Psychiatric diagnostic eval,Evaluation & Management,2764
35301,Rechanneling of artery,Surgery,2765
31500,Intubation,Procedure,2766
88305,Pathology tissue exam,Lab,2767
15734,Scar revision,Procedure,2768
99213,Office/outpatient visit EST,Evaluation & Management,2769
95115,Allergy testing,Procedure,2770
88305,Pathology tissue exam,Lab,2771
92511,Speech audiometry,Diagnostic,2772
92014,Ophthalmology exam,Evaluation & Management,2773
99214,"Office/outpatient visit, est",Evaluation & Management,2774
A0425,Ambulance service,Procedure,2775
90791,Psychiatric diagnostic eval,Evaluation & Management,2776
99285,Emergency department visit - high severity,Emergency,2777
90471,Immunization administration,Preventive,2778
20610,"Arthrocentesis, small joint",Procedure,2779
95810,Nerve conduction study,Diagnostic,2780
88305,Tissue exam by pathologist,Lab,2781
99213,"Office/outpatient visit, est",Evaluation & Management,2782
96413,Chemotherapy administration,Procedure,2783
31500,Intubation,Procedure,2784
96413,Chemotherapy administration,Procedure,2785
96372,Therapeutic injection,Procedure,2786
90471,Immunization administration,Preventive,2787
76830,Pelvic ultrasound,Imaging,2788
71020,Chest X-ray,Imaging,2789
15734,Scar revision,Procedure,2790
43239,EGD,Procedure,2791
90471,Immunization admin,Preventive,2792
17000,Destruction benign lesion,Procedure,2793
54520,Orchiectomy,Surgery,2794
80047,Renal panel,Lab,2795
11721,Debridement nail,Procedure,2796
96372,Therapeutic injection,Procedure,2797
99213,Office/outpatient visit EST,Evaluation & Management,2798
35301,Bypass graft,Surgery,2799
80047,Renal panel,Lab,2800
00520,Anesthesia for procedures,Procedure,2801
49900,Appendectomy,Surgery,2802
58150,Total hysterectomy,Surgery,2803
99213,Office/outpatient visit EST,Evaluation & Management,2804
99285,Emergency dept visit,Emergency,2805
90792,Rheumatology consult,Evaluation & Management,2806
54520,Orchiectomy,Surgery,2807
71020,Chest X-ray,Imaging,2808
00520,Anesthesia for procedures,Procedure,2809
58150,Cesarean delivery,Surgery,2810
11721,"Debride nail, 6 or more",Procedure,2811
92511,Speech audiometry,Diagnostic,2812
20610,"Arthrocentesis, small joint",Procedure,2813
71020,Chest x-ray,Imaging,2814
15734,"Muscle-skin graft, trunk",Procedure,2815
99213,Pediatric office visit,Evaluation & Management,2816
92014,Ophthalmology exam,Evaluation & Management,2817
11102,Skin lesion excision,Procedure,2818
99213,Pediatric office visit,Evaluation & Management,2819
88305,Pathology tissue exam,Lab,2820
90791,Psychiatric diagnostic eval,Evaluation & Management,2821
88305,Pathology tissue exam,Lab,2822
90471,Immunization admin,Preventive,2823
70450,CT Head without contrast,Imaging,2824
90471,Immunization administration,Preventive,2825
94010,Pulmonary function test,Diagnostic,2826
11102,Skin lesion excision,Procedure,2827
76830,Pelvic ultrasound,Imaging,2828
90791,Psychiatric diagnostic eval,Evaluation & Management,2829
95816,EEG,Diagnostic,2830
76830,Pelvic ultrasound,Imaging,2831
88305,Pathology tissue exam,Lab,2832
71020,Chest X-ray,Imaging,2833
92014,Ophthalmology exam,Evaluation & Management,2834
58150,Cesarean delivery,Surgery,2835
A0425,Ambulance service,Procedure,2836
95115,Allergy testing,Procedure,2837
A0425,Ambulance service,Procedure,2838
88305,Pathology tissue exam,Lab,2839
11721,"Debride nail, 6 or more",Procedure,2840
71020,Chest X-ray,Imaging,2841
99214,Office visit extended,Evaluation & Management,2842
87070,"Culture, bacterial",Lab,2843
71020,Chest X-ray,Imaging,2844
87070,"Culture, bacterial",Lab,2845
11721,Debridement nail,Procedure,2846
99285,Emergency department visit - high severity,Emergency,2847
31231,"Nasal endoscopy, dx",Procedure,2848
90792,Rheumatology consult,Evaluation & Management,2849
88305,Pathology tissue exam,Lab,2850
00520,Anesthesia for procedures,Procedure,2851
99213,Office visit,Evaluation & Management,2852
15734,Scar revision,Procedure,2853
95810,Nerve conduction study,Diagnostic,2854
90792,Rheumatology consult,Evaluation & Management,2855
96372,Therapeutic injection,Procedure,2856
99214,Office/outpatient visit EST - extended,Evaluation & Management,2857
80048,Thyroid panel,Lab,2858
71020,Chest X-ray,Imaging,2859
80048,Thyroid panel,Lab,2860
20610,"Arthrocentesis, small joint",Procedure,2861
99213,Office/outpatient visit EST,Evaluation & Management,2862
43239,EGD,Procedure,2863
50360,Transplantation of kidney,Procedure,2864
80048,Thyroid panel,Lab,2865
99214,Office visit extended,Evaluation & Management,2866
31231,Nasal polypectomy,Procedure,2867
99213,Office visit,Evaluation & Management,2868
71020,Chest X-ray,Imaging,2869
80047,Unknown Procedure,Lab,2870
95115,Allergy testing,Procedure,2871
27447,Knee replacement,Surgery,2872
88305,Tissue exam by pathologist,Lab,2873
00520,Anesthesia for procedures,Procedure,2874
71020,Chest x-ray,Imaging,2875
92014,Ophthalmology exam,Evaluation & Management,2876
43239,EGD,Procedure,2877
80050,General health panel,Lab,2878
71020,Chest X-ray,Imaging,2879
99213,"Office/outpatient visit, est",Evaluation & Management,2880
90471,Immunization administration,Preventive,2881
95810,"Polysomnography, 4 or more",Diagnostic,2882
17000,Destruction benign lesion,Procedure,2883
88305,Pathology tissue exam,Lab,2884
99213,Office/outpatient visit EST,Evaluation & Management,2885
43239,EGD,Procedure,2886
90471,Immunization admin,Preventive,2887
71020,Chest X-ray,Imaging,2888
31231,"Nasal endoscopy, dx",Procedure,2889
92014,Ophthalmology exam,Evaluation & Management,2890
15734,Scar revision,Procedure,2891
92014,Ophthalmology exam,Evaluation & Management,2892
99213,Office visit,Evaluation & Management,2893
35301,Bypass graft,Surgery,2894
58150,Cesarean delivery,Surgery,2895
95810,"Polysomnography, 4 or more",Diagnostic,2896
31231,Nasal polypectomy,Procedure,2897
11102,Skin lesion excision,Procedure,2898
90792,Rheumatology consult,Evaluation & Management,2899
87070,"Culture, bacterial",Lab,2900
52000,Cystoscopy,Procedure,2901
87070,"Culture, bacterial",Lab,2902
49900,Appendectomy,Surgery,2903
58150,Cesarean delivery,Surgery,2904
90791,Psychiatric diagnostic eval,Evaluation & Management,2905
80050,General health panel,Lab,2906
76830,Pelvic ultrasound,Imaging,2907
90471,Immunization admin,Preventive,2908
96372,Therapeutic injection,Procedure,2909
11721,Debridement nail,Procedure,2910
12001,Simple repair of wound,Procedure,2911
99213,Office/outpatient visit EST,Evaluation & Management,2912
90471,Immunization administration,Preventive,2913
80050,General health panel,Lab,2914
95115,Allergy testing,Procedure,2915
95816,EEG,Diagnostic,2916
90471,Immunization administration,Preventive,2917
31231,Nasal polypectomy,Procedure,2918
35301,Rechanneling of artery,Surgery,2919
94010,Pulmonary function test,Diagnostic,2920
99214,Office visit extended,Evaluation & Management,2921
50360,Transplantation of kidney,Procedure,2922
99214,Office/outpatient visit EST - extended,Evaluation & Management,2923
88305,Pathology tissue exam,Lab,2924
11102,Unknown Procedure,Procedure,2925
11102,Skin lesion excision,Procedure,2926
31500,Intubation,Procedure,2927
90471,Immunization administration,Preventive,2928
80047,Renal panel,Lab,2929
17000,Destruction benign lesion,Procedure,2930
67028,Retinal surgery,Surgery,2931
35301,Bypass graft,Surgery,2932
15734,Scar revision,Procedure,2933
94010,Pulmonary function test,Diagnostic,2934
99213,Office/outpatient visit EST,Evaluation & Management,2935
11102,Skin lesion excision,Procedure,2936
94010,Pulmonary function test,Diagnostic,2937
95816,"Eeg, awake and drowsy",Diagnostic,2938
90791,Psychiatric diagnostic eval,Evaluation & Management,2939
52000,Cystoscopy,Procedure,2940
95810,Nerve conduction study,Diagnostic,2941
15734,Scar revision,Procedure,2942
95117,Allergy injection,Procedure,2943
90791,Psychiatric diagnostic eval,Evaluation & Management,2944
92511,Speech audiometry,Diagnostic,2945
88305,Pathology tissue exam,Lab,2946
92014,Ophthalmology exam,Evaluation & Management,2947
76830,Pelvic ultrasound,Imaging,2948
11721,Debridement nail,Procedure,2949
76830,Pelvic ultrasound,Imaging,2950
99213,Office visit,Evaluation & Management,2951
11102,Skin lesion excision,Procedure,2952
90791,Psychiatric diagnostic eval,Evaluation & Management,2953
95810,Nerve conduction study,Diagnostic,2954
95117,Allergy injection,Procedure,2955
70450,CT Head without contrast,Imaging,2956
87070,"Culture, bacterial",Lab,2957
99285,Emergency dept visit,Emergency,2958
90792,Rheumatology consult,Evaluation & Management,2959
95115,Allergy testing,Procedure,2960
90791,Psychiatric diagnostic eval,Evaluation & Management,2961
54520,Orchiectomy,Surgery,2962
88305,Tissue exam by pathologist,Lab,2963
95117,Allergy injection,Procedure,2964
90791,Psychiatric diagnostic eval,Evaluation & Management,2965
31231,Nasal polypectomy,Procedure,2966
31231,Nasal polypectomy,Procedure,2967
95117,Allergy injection,Procedure,2968
17000,Destruction benign lesion,Procedure,2969
80048,Thyroid panel,Lab,2970
71020,Chest X-ray,Imaging,2971
27447,Knee replacement,Surgery,2972
96413,Chemotherapy administration,Procedure,2973
99214,Office/outpatient visit EST - extended,Evaluation & Management,2974
88305,Pathology tissue exam,Lab,2975
35301,Bypass graft,Surgery,2976
15734,Scar revision,Procedure,2977
87070,"Culture, bacterial",Lab,2978
35301,Bypass graft,Surgery,2979
20610,"Arthrocentesis, small joint",Procedure,2980
11721,Debridement nail,Procedure,2981
35301,Bypass graft,Surgery,2982
99213,"Office/outpatient visit, est",Evaluation & Management,2983
20610,"Arthrocentesis, small joint",Procedure,2984
76830,"Transvaginal us, non-ob",Imaging,2985
99213,Office/outpatient visit EST,Evaluation & Management,2986
96372,Unknown Procedure,Procedure,2987
00520,Anesthesia for procedures,Procedure,2988
88305,Pathology tissue exam,Lab,2989
90792,Rheumatology consult,Evaluation & Management,2990
80050,General health panel,Lab,2991
93306,Echocardiogram,Imaging,2992
99213,Office visit,Evaluation & Management,2993
99285,Emergency department visit - high severity,Emergency,2994
95816,EEG,Diagnostic,2995
88305,Pathology tissue exam,Lab,2996
80050,General health panel,Lab,2997
A0425,Ambulance service,Procedure,2998
58150,Cesarean delivery,Surgery,2999
99213,"Office/outpatient visit, est",Evaluation & Management,3000
90471,Immunization administration,Preventive,3001
27447,Knee replacement,Surgery,3002
94010,Pulmonary function test,Diagnostic,3003
80047,Renal panel,Lab,3004
93458,Unknown Procedure,Procedure,3005
71020,Chest X-ray,Imaging,3006
95816,EEG,Diagnostic,3007
88305,Tissue exam by pathologist,Lab,3008
11721,"Debride nail, 6 or more",Procedure,3009
93306,Echocardiogram,Imaging,3010
31500,Intubation,Procedure,3011
95115,Allergy testing,Procedure,3012
31231,Nasal polypectomy,Procedure,3013
95117,Allergy injection,Procedure,3014
43239,EGD,Procedure,3015
43239,EGD,Procedure,3016
71020,Chest X-ray,Imaging,3017
76830,"Transvaginal us, non-ob",Imaging,3018
99214,Office/outpatient visit EST - extended,Evaluation & Management,3019
99213,Pediatric office visit,Evaluation & Management,3020
90792,Rheumatology consult,Evaluation & Management,3021
52000,Cystoscopy,Procedure,3022
17000,Destruction benign lesion,Procedure,3023
90471,Immunization administration,Preventive,3024
99285,Emergency department visit - high severity,Emergency,3025
50360,Dialysis access procedure,Procedure,3026
95816,EEG,Diagnostic,3027
96413,Chemotherapy administration,Procedure,3028
94010,Pulmonary function test,Diagnostic,3029
31500,Intubation,Procedure,3030
35301,Bypass graft,Surgery,3031
87070,"Culture, bacteria, other",Lab,3032
90471,Immunization administration,Preventive,3033
80050,General health panel,Lab,3034
20610,"Arthrocentesis, small joint",Procedure,3035
54520,Orchiectomy,Surgery,3036
80050,General health panel,Lab,3037
11721,"Debride nail, 6 or more",Procedure,3038
99213,Office visit,Evaluation & Management,3039
92014,Ophthalmology exam,Evaluation & Management,3040
99213,Office visit,Evaluation & Management,3041
88305,Pathology tissue exam,Lab,3042
80048,Thyroid panel,Lab,3043
31231,Nasal polypectomy,Procedure,3044
95117,Allergy injection,Procedure,3045
99213,Office/outpatient visit EST,Evaluation & Management,3046
95115,Allergy testing,Procedure,3047
50360,Dialysis access procedure,Procedure,3048
67028,Retinal surgery,Surgery,3049
90791,Psychiatric diagnostic eval,Evaluation & Management,3050
35301,Bypass graft,Surgery,3051
95810,"Polysomnography, 4 or more",Diagnostic,3052
31500,Intubation,Procedure,3053
99213,Pediatric office visit,Evaluation & Management,3054
99214,Office/outpatient visit EST - extended,Evaluation & Management,3055
50360,Dialysis access procedure,Procedure,3056
80048,Thyroid panel,Lab,3057
93458,Cardiac cath,Procedure,3058
99214,Office/outpatient visit EST - extended,Evaluation & Management,3059
88305,Pathology tissue exam,Lab,3060
71020,Chest X-ray,Imaging,3061
15734,Scar revision,Procedure,3062
99213,Pediatric office visit,Evaluation & Management,3063
88305,Pathology tissue exam,Lab,3064
35301,Bypass graft,Surgery,3065
35301,Bypass graft,Surgery,3066
00520,Anesthesia for procedures,Procedure,3067
92014,Ophthalmology exam,Evaluation & Management,3068
20610,"Arthrocentesis, small joint",Procedure,3069
95115,Allergy testing,Procedure,3070
35301,Rechanneling of artery,Surgery,3071
88305,Pathology tissue exam,Lab,3072
00520,Anesthesia for procedures,Procedure,3073
99213,Office visit,Evaluation & Management,3074
50360,Dialysis access procedure,Procedure,3075
17000,Destruction benign lesion,Procedure,3076
90471,Immunization administration,Preventive,3077
35301,Bypass graft,Surgery,3078
71020,Chest X-ray,Imaging,3079
94010,Pulmonary function test,Diagnostic,3080
99214,Office visit extended,Evaluation & Management,3081
80050,General health panel,Lab,3082
58150,Cesarean delivery,Surgery,3083
A0425,Ambulance service,Procedure,3084
87070,"Culture, bacterial",Lab,3085
31500,Intubation,Procedure,3086
99213,Pediatric office visit,Evaluation & Management,3087
95117,Allergy injection,Procedure,3088
15734,Scar revision,Procedure,3089
99213,Office/outpatient visit EST,Evaluation & Management,3090
92014,Ophthalmology exam,Evaluation & Management,3091
71020,Chest X-ray,Imaging,3092
92014,Ophthalmology exam,Evaluation & Management,3093
80047,Renal panel,Lab,3094
88305,Pathology tissue exam,Lab,3095
90471,Immunization admin,Preventive,3096
12001,Repair superficial wound(s),Procedure,3097
80047,Renal panel,Lab,3098
80047,Renal panel,Lab,3099
93458,Cardiac cath,Procedure,3100
80047,Renal panel,Lab,3101
87070,"Culture, bacterial",Lab,3102
92511,Speech audiometry,Diagnostic,3103
99214,Office/outpatient visit EST - extended,Evaluation & Management,3104
94010,Pulmonary function test,Diagnostic,3105
93458,Cardiac cath,Procedure,3106
12001,Simple repair of wound,Procedure,3107
96372,Therapeutic injection,Procedure,3108
80048,Thyroid panel,Lab,3109
90792,Rheumatology consult,Evaluation & Management,3110
15734,Scar revision,Procedure,3111
58150,Cesarean delivery,Surgery,3112
99213,Pediatric office visit,Evaluation & Management,3113
71020,Chest X-ray,Imaging,3114
11102,Skin lesion excision,Procedure,3115
94010,Pulmonary function test,Diagnostic,3116
90791,Psychiatric diagnostic eval,Evaluation & Management,3117
27447,Knee replacement,Surgery,3118
88305,Pathology tissue exam,Lab,3119
94010,Pulmonary function test,Diagnostic,3120
27447,Knee replacement,Surgery,3121
99213,Office visit,Evaluation & Management,3122
52000,Cystoscopy,Procedure,3123
15734,Scar revision,Procedure,3124
92014,Ophthalmology exam,Evaluation & Management,3125
92511,Speech audiometry,Diagnostic,3126
99214,Office visit extended,Evaluation & Management,3127
99213,Office/outpatient visit EST,Evaluation & Management,3128
92014,Ophthalmology exam,Evaluation & Management,3129
00520,Anesthesia for procedures,Procedure,3130
99285,Emergency department visit - high severity,Emergency,3131
12001,Simple repair of wound,Procedure,3132
27447,Total knee arthroplasty,Surgery,3133
35301,Rechanneling of artery,Surgery,3134
80048,Thyroid panel,Lab,3135
90791,Psychiatric diagnostic eval,Evaluation & Management,3136
15734,Scar revision,Procedure,3137
20610,"Drain/inject, joint/bursa",Procedure,3138
87070,"Culture, bacterial",Lab,3139
88305,Pathology tissue exam,Lab,3140
96413,Chemotherapy administration,Procedure,3141
71020,Chest X-ray,Imaging,3142
93000,Electrocardiogram,Diagnostic,3143
54520,Removal of testis,Surgery,3144
A0425,Ambulance service,Procedure,3145
94010,Pulmonary function test,Diagnostic,3146
71020,Chest X-ray,Imaging,3147
35301,Bypass graft,Surgery,3148
87070,"Culture, bacterial",Lab,3149
80048,Thyroid panel,Lab,3150
80047,Unknown Procedure,Lab,3151
80050,General health panel,Lab,3152
80047,Renal panel,Lab,3153
99214,Office visit extended,Evaluation & Management,3154
15734,Scar revision,Procedure,3155
43239,EGD,Procedure,3156
88305,Tissue exam by pathologist,Lab,3157
A0425,Unknown Procedure,Procedure,3158
96413,Chemotherapy administration,Procedure,3159
95117,Allergy injection,Procedure,3160
11721,Debridement nail,Procedure,3161
31500,Intubation,Procedure,3162
76830,Pelvic ultrasound,Imaging,3163
70450,CT Head without contrast,Imaging,3164
54520,Orchiectomy,Surgery,3165
95115,Allergy testing,Procedure,3166
92511,Nasopharyngoscopy,Diagnostic,3167
88305,Pathology tissue exam,Lab,3168
00520,Unknown Procedure,Procedure,3169
95816,EEG,Diagnostic,3170
27447,Knee replacement,Surgery,3171
80050,General health panel,Lab,3172
71020,Chest X-ray,Imaging,3173
87070,"Culture, bacterial",Lab,3174
90791,Psychiatric diagnostic eval,Evaluation & Management,3175
92511,Nasopharyngoscopy,Diagnostic,3176
43239,EGD,Procedure,3177
96413,Chemotherapy administration,Procedure,3178
70450,Ct head/brain w/o dye,Imaging,3179
99214,Office/outpatient visit EST - extended,Evaluation & Management,3180
99213,Pediatric office visit,Evaluation & Management,3181
95816,EEG,Diagnostic,3182
88305,Pathology tissue exam,Lab,3183
43239,EGD,Procedure,3184
80048,Basic metabolic panel,Lab,3185
88305,Tissue exam by pathologist,Lab,3186
90792,Rheumatology consult,Evaluation & Management,3187
67028,Retinal surgery,Surgery,3188
80047,Renal panel,Lab,3189
76830,Pelvic ultrasound,Imaging,3190
93306,Echocardiogram,Imaging,3191
50360,Transplantation of kidney,Procedure,3192
A0425,Ambulance service,Procedure,3193
71020,Chest X-ray,Imaging,3194
87070,"Culture, bacterial",Lab,3195
52000,Cystoscopy,Procedure,3196
90792,Rheumatology consult,Evaluation & Management,3197
15734,"Muscle-skin graft, trunk",Procedure,3198
90471,Immunization administration,Preventive,3199
00520,Anesthesia for procedures,Procedure,3200
95115,Allergy testing,Procedure,3201
92014,Ophthalmology exam,Evaluation & Management,3202
12001,Simple repair of wound,Procedure,3203
31500,Intubation,Procedure,3204
70450,CT Head without contrast,Imaging,3205
99213,Office visit,Evaluation & Management,3206
92014,Eye exam & treatment,Evaluation & Management,3207
99213,"Office/outpatient visit, est",Evaluation & Management,3208
80047,Unknown Procedure,Lab,3209
00520,Unknown Procedure,Procedure,3210
80047,Renal panel,Lab,3211
11102,Skin lesion excision,Procedure,3212
67028,Retinal surgery,Surgery,3213
80050,General health panel,Lab,3214
99213,Pediatric office visit,Evaluation & Management,3215
11721,Debridement nail,Procedure,3216
99213,Office visit,Evaluation & Management,3217
90471,Immunization admin,Preventive,3218
90471,Immunization administration,Preventive,3219
11721,Debridement nail,Procedure,3220
88305,Pathology tissue exam,Lab,3221
96372,Therapeutic injection,Procedure,3222
99213,Office visit,Evaluation & Management,3223
88305,Pathology tissue exam,Lab,3224
50360,Dialysis access procedure,Procedure,3225
80050,General health panel,Lab,3226
99213,Office visit,Evaluation & Management,3227
99214,Office/outpatient visit EST - extended,Evaluation & Management,3228
76830,Pelvic ultrasound,Imaging,3229
99213,Pediatric office visit,Evaluation & Management,3230
11721,Debridement nail,Procedure,3231
99285,Emergency dept visit,Emergency,3232
99213,Pediatric office visit,Evaluation & Management,3233
52000,Cystoscopy,Procedure,3234
90791,Psychiatric diagnostic eval,Evaluation & Management,3235
71020,Chest X-ray,Imaging,3236
92014,Ophthalmology exam,Evaluation & Management,3237
80050,General health panel,Lab,3238
17000,Destruction benign lesion,Procedure,3239
90792,Rheumatology consult,Evaluation & Management,3240
15734,Scar revision,Procedure,3241
80050,General health panel,Lab,3242
90792,Rheumatology consult,Evaluation & Management,3243
90471,Immunization administration,Preventive,3244
15734,"Muscle-skin graft, trunk",Procedure,3245
71020,Chest X-ray,Imaging,3246
93306,Echocardiogram,Imaging,3247
90471,Immunization administration,Preventive,3248
99213,Office/outpatient visit EST,Evaluation & Management,3249
90471,Immunization administration,Preventive,3250
88305,Pathology tissue exam,Lab,3251
71020,Chest X-ray,Imaging,3252
88305,Pathology tissue exam,Lab,3253
15734,Scar revision,Procedure,3254
70450,Ct head/brain w/o dye,Imaging,3255
90791,Psychiatric diagnostic eval,Evaluation & Management,3256
99213,"Office/outpatient visit, est",Evaluation & Management,3257
54520,Orchiectomy,Surgery,3258
50360,Dialysis access procedure,Procedure,3259
70450,Ct head/brain w/o dye,Imaging,3260
99213,"Office/outpatient visit, est",Evaluation & Management,3261
54520,Orchiectomy,Surgery,3262
80050,General health panel,Lab,3263
88305,Pathology tissue exam,Lab,3264
12001,Simple repair of wound,Procedure,3265
15734,Scar revision,Procedure,3266
99214,Office/outpatient visit EST - extended,Evaluation & Management,3267
90792,Rheumatology consult,Evaluation & Management,3268
80050,General health panel,Lab,3269
93000,Electrocardiogram,Diagnostic,3270
31231,Nasal polypectomy,Procedure,3271
27447,Knee replacement,Surgery,3272
80047,Renal panel,Lab,3273
67028,Retinal surgery,Surgery,3274
20610,"Arthrocentesis, small joint",Procedure,3275
43239,EGD,Procedure,3276
99214,Office/outpatient visit EST - extended,Evaluation & Management,3277
95117,Allergy injection,Procedure,3278
11721,Debridement nail,Procedure,3279
99213,"Office/outpatient visit, est",Evaluation & Management,3280
70450,CT Head without contrast,Imaging,3281
99285,Emergency dept visit,Emergency,3282
15734,Scar revision,Procedure,3283
95816,"Eeg, awake and drowsy",Diagnostic,3284
95816,EEG,Diagnostic,3285
99213,Office visit,Evaluation & Management,3286
15734,Scar revision,Procedure,3287
99213,Office/outpatient visit EST,Evaluation & Management,3288
99213,"Office/outpatient visit, est",Evaluation & Management,3289
76830,Pelvic ultrasound,Imaging,3290
80050,General health panel,Lab,3291
80047,Renal panel,Lab,3292
76830,Pelvic ultrasound,Imaging,3293
50360,Dialysis access procedure,Procedure,3294
95816,EEG,Diagnostic,3295
90792,Rheumatology consult,Evaluation & Management,3296
00520,Anesthesia for procedures,Procedure,3297
99213,Pediatric office visit,Evaluation & Management,3298
90791,Psychiatric diagnostic eval,Evaluation & Management,3299
96372,Unknown Procedure,Procedure,3300
70450,CT Head without contrast,Imaging,3301
90471,Immunization administration,Preventive,3302
00520,Anesthesia for procedures,Procedure,3303
99213,Pediatric office visit,Evaluation & Management,3304
95810,Nerve conduction study,Diagnostic,3305
15734,"Muscle-skin graft, trunk",Procedure,3306
70450,Ct head/brain w/o dye,Imaging,3307
93000,"Electrocardiogram, complete",Diagnostic,3308
71020,Chest X-ray,Imaging,3309
96372,Unknown Procedure,Procedure,3310
71020,Chest X-ray,Imaging,3311
95115,Allergy testing,Procedure,3312
88305,Pathology tissue exam,Lab,3313
93000,Electrocardiogram,Diagnostic,3314
15734,Scar revision,Procedure,3315
95816,"Eeg, awake and drowsy",Diagnostic,3316
99213,Office/outpatient visit EST,Evaluation & Management,3317
31500,Insert emergency airway,Procedure,3318
76830,"Transvaginal us, non-ob",Imaging,3319
58150,Cesarean delivery,Surgery,3320
99213,"Office/outpatient visit, est",Evaluation & Management,3321
95810,Nerve conduction study,Diagnostic,3322
35301,Bypass graft,Surgery,3323
95810,Nerve conduction study,Diagnostic,3324
49900,Appendectomy,Surgery,3325
95117,Allergy injection,Procedure,3326
88305,Pathology tissue exam,Lab,3327
88305,Pathology tissue exam,Lab,3328
94010,Pulmonary function test,Diagnostic,3329
80050,General health panel,Lab,3330
93306,Echocardiogram,Imaging,3331
80050,General health panel,Lab,3332
90791,Unknown Procedure,Evaluation & Management,3333
99214,Office/outpatient visit EST - extended,Evaluation & Management,3334
15734,Scar revision,Procedure,3335
95816,EEG,Diagnostic,3336
31500,Intubation,Procedure,3337
80050,General health panel,Lab,3338
76830,Pelvic ultrasound,Imaging,3339
80050,General health panel,Lab,3340
99213,Pediatric office visit,Evaluation & Management,3341
27447,Knee replacement,Surgery,3342
54520,Orchiectomy,Surgery,3343
27447,Total knee arthroplasty,Surgery,3344
99213,Office visit,Evaluation & Management,3345
92014,Ophthalmology exam,Evaluation & Management,3346
99214,Office visit extended,Evaluation & Management,3347
71020,Chest X-ray,Imaging,3348
94010,Pulmonary function test,Diagnostic,3349
88305,Pathology tissue exam,Lab,3350
35301,Rechanneling of artery,Surgery,3351
67028,Injection eye drug,Surgery,3352
99213,"Office/outpatient visit, est",Evaluation & Management,3353
31500,Intubation,Procedure,3354
31500,Intubation,Procedure,3355
27447,Knee replacement,Surgery,3356
70450,CT Head without contrast,Imaging,3357
35301,Bypass graft,Surgery,3358
31231,Nasal polypectomy,Procedure,3359
90792,Rheumatology consult,Evaluation & Management,3360
95117,Allergy injection,Procedure,3361
96372,Therapeutic injection,Procedure,3362
90791,Psychiatric diagnostic eval,Evaluation & Management,3363
88305,Pathology tissue exam,Lab,3364
80050,General health panel,Lab,3365
71020,Chest X-ray,Imaging,3366
A0425,Ambulance service,Procedure,3367
49900,Appendectomy,Surgery,3368
99214,Office visit extended,Evaluation & Management,3369
80050,General health panel,Lab,3370
95115,Allergy testing,Procedure,3371
80050,General health panel,Lab,3372
43239,EGD,Procedure,3373
35301,Bypass graft,Surgery,3374
00520,Anesthesia for procedures,Procedure,3375
31231,Nasal polypectomy,Procedure,3376
87070,"Culture, bacteria, other",Lab,3377
00520,Anesthesia for procedures,Procedure,3378
49900,Appendectomy,Surgery,3379
80048,Thyroid panel,Lab,3380
99214,Office/outpatient visit EST - extended,Evaluation & Management,3381
93458,Cardiac cath,Procedure,3382
95816,EEG,Diagnostic,3383
90792,Rheumatology consult,Evaluation & Management,3384
95810,Nerve conduction study,Diagnostic,3385
88305,Pathology tissue exam,Lab,3386
31231,Nasal polypectomy,Procedure,3387
90471,Immunization administration,Preventive,3388
15734,Scar revision,Procedure,3389
87070,"Culture, bacterial",Lab,3390
17000,Destruction benign lesion,Procedure,3391
15734,Scar revision,Procedure,3392
88305,Pathology tissue exam,Lab,3393
A0425,Unknown Procedure,Procedure,3394
00520,Anesthesia for procedures,Procedure,3395
93458,Cardiac cath,Procedure,3396
88305,Tissue exam by pathologist,Lab,3397
15734,"Muscle-skin graft, trunk",Procedure,3398
99213,Pediatric office visit,Evaluation & Management,3399
99213,Office/outpatient visit EST,Evaluation & Management,3400
67028,Injection eye drug,Surgery,3401
99213,Office/outpatient visit EST,Evaluation & Management,3402
49900,Appendectomy,Surgery,3403
43239,EGD,Procedure,3404
58150,Cesarean delivery,Surgery,3405
43239,EGD,Procedure,3406
76830,Pelvic ultrasound,Imaging,3407
88305,Pathology tissue exam,Lab,3408
52000,Cystoscopy,Procedure,3409
70450,Ct head/brain w/o dye,Imaging,3410
90791,Psychiatric diagnostic eval,Evaluation & Management,3411
71020,Chest X-ray,Imaging,3412
15734,Scar revision,Procedure,3413
52000,Cystoscopy,Procedure,3414
31500,Intubation,Procedure,3415
67028,Retinal surgery,Surgery,3416
20610,"Arthrocentesis, small joint",Procedure,3417
27447,Knee replacement,Surgery,3418
11102,Unknown Procedure,Procedure,3419
58150,Cesarean delivery,Surgery,3420
99214,Office visit extended,Evaluation & Management,3421
00520,Anesthesia for procedures,Procedure,3422
50360,Dialysis access procedure,Procedure,3423
76830,Pelvic ultrasound,Imaging,3424
99285,Emergency department visit - high severity,Emergency,3425
50360,Dialysis access procedure,Procedure,3426
76830,"Transvaginal us, non-ob",Imaging,3427
95810,Nerve conduction study,Diagnostic,3428
80050,General health panel,Lab,3429
00520,Anesthesia for procedures,Procedure,3430
27447,Knee replacement,Surgery,3431
94010,Pulmonary function test,Diagnostic,3432
92511,Speech audiometry,Diagnostic,3433
95117,Allergy injection,Procedure,3434
11721,"Debride nail, 6 or more",Procedure,3435
80048,Thyroid panel,Lab,3436
99213,Pediatric office visit,Evaluation & Management,3437
96372,Therapeutic injection,Procedure,3438
00520,Unknown Procedure,Procedure,3439
50360,Dialysis access procedure,Procedure,3440
90471,Immunization administration,Preventive,3441
15734,Scar revision,Procedure,3442
95115,"Immunotherapy, one injection",Procedure,3443
99213,Office/outpatient visit EST,Evaluation & Management,3444
58150,Cesarean delivery,Surgery,3445
50360,Dialysis access procedure,Procedure,3446
95810,Nerve conduction study,Diagnostic,3447
50360,Dialysis access procedure,Procedure,3448
94010,Pulmonary function test,Diagnostic,3449
80050,General health panel,Lab,3450
90792,Rheumatology consult,Evaluation & Management,3451
20610,"Arthrocentesis, small joint",Procedure,3452
90471,Immunization admin,Preventive,3453
90471,Immunization admin,Preventive,3454
00520,Anesthesia for procedures,Procedure,3455
95115,Allergy testing,Procedure,3456
88305,Pathology tissue exam,Lab,3457
93000,Electrocardiogram,Diagnostic,3458
95816,"Eeg, awake and drowsy",Diagnostic,3459
20610,"Arthrocentesis, small joint",Procedure,3460
71020,Chest X-ray,Imaging,3461
96413,Chemotherapy administration,Procedure,3462
71020,Chest x-ray,Imaging,3463
71020,Chest X-ray,Imaging,3464
71020,Chest X-ray,Imaging,3465
90792,Rheumatology consult,Evaluation & Management,3466
12001,Simple repair of wound,Procedure,3467
31500,Intubation,Procedure,3468
58150,Cesarean delivery,Surgery,3469
71020,Chest X-ray,Imaging,3470
80048,Thyroid panel,Lab,3471
95117,Allergy injection,Procedure,3472
00520,Anesthesia for procedures,Procedure,3473
99213,Office/outpatient visit EST,Evaluation & Management,3474
96372,Therapeutic injection,Procedure,3475
95117,Allergy injection,Procedure,3476
11721,Debridement nail,Procedure,3477
92014,Ophthalmology exam,Evaluation & Management,3478
76830,Pelvic ultrasound,Imaging,3479
11102,Skin lesion excision,Procedure,3480
70450,CT Head without contrast,Imaging,3481
92511,Speech audiometry,Diagnostic,3482
00520,Anesthesia for procedures,Procedure,3483
95810,Nerve conduction study,Diagnostic,3484
15734,Scar revision,Procedure,3485
11721,Debridement nail,Procedure,3486
95115,Allergy testing,Procedure,3487
93458,Cardiac cath,Procedure,3488
17000,Destruction benign lesion,Procedure,3489
31231,Nasal polypectomy,Procedure,3490
35301,Bypass graft,Surgery,3491
96413,Unknown Procedure,Procedure,3492
80048,Thyroid panel,Lab,3493
27447,Knee replacement,Surgery,3494
11721,Debridement nail,Procedure,3495
31500,Intubation,Procedure,3496
35301,Bypass graft,Surgery,3497
50360,Dialysis access procedure,Procedure,3498
92014,Ophthalmology exam,Evaluation & Management,3499
96413,Chemotherapy administration,Procedure,3500
50360,Dialysis access procedure,Procedure,3501
99213,Office visit,Evaluation & Management,3502
92014,Eye exam & treatment,Evaluation & Management,3503
88305,Pathology tissue exam,Lab,3504
90792,Rheumatology consult,Evaluation & Management,3505
95115,Allergy testing,Procedure,3506
31231,Nasal polypectomy,Procedure,3507
94010,Pulmonary function test,Diagnostic,3508
94010,Pulmonary function test,Diagnostic,3509
70450,CT Head without contrast,Imaging,3510
99213,Office/outpatient visit EST,Evaluation & Management,3511
58150,Cesarean delivery,Surgery,3512
88305,Pathology tissue exam,Lab,3513
20610,"Arthrocentesis, small joint",Procedure,3514
88305,Pathology tissue exam,Lab,3515
71020,Chest X-ray,Imaging,3516
90792,Rheumatology consult,Evaluation & Management,3517
54520,Orchiectomy,Surgery,3518
88305,Pathology tissue exam,Lab,3519
35301,Bypass graft,Surgery,3520
93000,Electrocardiogram,Diagnostic,3521
12001,Simple repair of wound,Procedure,3522
15734,"Muscle-skin graft, trunk",Procedure,3523
93458,Cardiac cath,Procedure,3524
93306,Echocardiogram,Imaging,3525
99214,Office/outpatient visit EST - extended,Evaluation & Management,3526
92511,Nasopharyngoscopy,Diagnostic,3527
50360,Dialysis access procedure,Procedure,3528
31500,Intubation,Procedure,3529
52000,Cystoscopy,Procedure,3530
90792,Unknown Procedure,Evaluation & Management,3531
93458,Unknown Procedure,Procedure,3532
15734,Scar revision,Procedure,3533
31500,Intubation,Procedure,3534
35301,Bypass graft,Surgery,3535
90792,Rheumatology consult,Evaluation & Management,3536
90471,Immunization administration,Preventive,3537
96413,Chemotherapy administration,Procedure,3538
12001,Simple repair of wound,Procedure,3539
80048,Thyroid panel,Lab,3540
99213,Office/outpatient visit EST,Evaluation & Management,3541
27447,Knee replacement,Surgery,3542
80047,Renal panel,Lab,3543
90792,Rheumatology consult,Evaluation & Management,3544
90792,Rheumatology consult,Evaluation & Management,3545
99213,Office/outpatient visit EST,Evaluation & Management,3546
11721,Debridement nail,Procedure,3547
94010,Pulmonary function test,Diagnostic,3548
12001,Repair superficial wound(s),Procedure,3549
A0425,Ambulance service,Procedure,3550
71020,Chest X-ray,Imaging,3551
95810,Nerve conduction study,Diagnostic,3552
90791,Psychiatric diagnostic eval,Evaluation & Management,3553
92511,Speech audiometry,Diagnostic,3554
76830,Pelvic ultrasound,Imaging,3555
88305,Pathology tissue exam,Lab,3556
52000,Cystoscopy,Procedure,3557
71020,Chest X-ray,Imaging,3558
90792,Rheumatology consult,Evaluation & Management,3559
31500,Intubation,Procedure,3560
11721,Debridement nail,Procedure,3561
80050,General health panel,Lab,3562
70450,CT Head without contrast,Imaging,3563
35301,Bypass graft,Surgery,3564
95117,Allergy injection,Procedure,3565
49900,Appendectomy,Surgery,3566
88305,Pathology tissue exam,Lab,3567
80048,Thyroid panel,Lab,3568
15734,Scar revision,Procedure,3569
54520,Orchiectomy,Surgery,3570
80047,Renal panel,Lab,3571
88305,Pathology tissue exam,Lab,3572
80048,Thyroid panel,Lab,3573
87070,"Culture, bacterial",Lab,3574
00520,Anesthesia for procedures,Procedure,3575
80048,Thyroid panel,Lab,3576
50360,Dialysis access procedure,Procedure,3577
71020,Chest X-ray,Imaging,3578
95810,Nerve conduction study,Diagnostic,3579
31231,"Nasal endoscopy, dx",Procedure,3580
95115,Allergy testing,Procedure,3581
00520,Anesthesia for procedures,Procedure,3582
70450,CT Head without contrast,Imaging,3583
67028,Retinal surgery,Surgery,3584
49900,Appendectomy,Surgery,3585
96372,Therapeutic injection,Procedure,3586
92511,Speech audiometry,Diagnostic,3587
95816,EEG,Diagnostic,3588
90792,Rheumatology consult,Evaluation & Management,3589
90471,Immunization administration,Preventive,3590
50360,Dialysis access procedure,Procedure,3591
76830,Pelvic ultrasound,Imaging,3592
99285,Emergency department visit - high severity,Emergency,3593
00520,Unknown Procedure,Procedure,3594
67028,Injection eye drug,Surgery,3595
90471,Immunization administration,Preventive,3596
27447,Knee replacement,Surgery,3597
95816,EEG,Diagnostic,3598
11721,Debridement nail,Procedure,3599
43239,EGD,Procedure,3600
80050,General health panel,Lab,3601
76830,Pelvic ultrasound,Imaging,3602
99214,Office visit extended,Evaluation & Management,3603
17000,Destruction benign lesion,Procedure,3604
90791,Psychiatric diagnostic eval,Evaluation & Management,3605
43239,"Upper GI endoscopy, biopsy",Procedure,3606
92511,Speech audiometry,Diagnostic,3607
96372,Therapeutic injection,Procedure,3608
90791,Psychiatric diagnostic eval,Evaluation & Management,3609
35301,Bypass graft,Surgery,3610
15734,Scar revision,Procedure,3611
15734,Scar revision,Procedure,3612
43239,EGD,Procedure,3613
90792,Rheumatology consult,Evaluation & Management,3614
96413,Chemotherapy administration,Procedure,3615
87070,"Culture, bacterial",Lab,3616
90471,Immunization administration,Preventive,3617
00520,Anesthesia for procedures,Procedure,3618
00520,Anesthesia for procedures,Procedure,3619
99214,Office/outpatient visit EST - extended,Evaluation & Management,3620
80048,Thyroid panel,Lab,3621
90471,Immunization administration,Preventive,3622
99214,Office/outpatient visit EST - extended,Evaluation & Management,3623
52000,Cystoscopy,Procedure,3624
90471,Immunization administration,Preventive,3625
71020,Chest X-ray,Imaging,3626
49900,Appendectomy,Surgery,3627
93000,Electrocardiogram,Diagnostic,3628
52000,Cystoscopy,Procedure,3629
11721,Debridement nail,Procedure,3630
99214,"Office/outpatient visit, est",Evaluation & Management,3631
96372,Therapeutic injection,Procedure,3632
99214,Office/outpatient visit EST - extended,Evaluation & Management,3633
12001,Simple repair of wound,Procedure,3634
95115,Allergy testing,Procedure,3635
96413,Unknown Procedure,Procedure,3636
95816,EEG,Diagnostic,3637
80050,General health panel,Lab,3638
95816,EEG,Diagnostic,3639
87070,"Culture, bacterial",Lab,3640
99213,Office/outpatient visit EST,Evaluation & Management,3641
96372,Unknown Procedure,Procedure,3642
80050,General health panel,Lab,3643
52000,Cystoscopy,Procedure,3644
90792,Unknown Procedure,Evaluation & Management,3645
95816,EEG,Diagnostic,3646
95810,Nerve conduction study,Diagnostic,3647
88305,Pathology tissue exam,Lab,3648
31500,Intubation,Procedure,3649
90791,Psychiatric diagnostic eval,Evaluation & Management,3650
99285,Emergency department visit - high severity,Emergency,3651
95115,Allergy testing,Procedure,3652
95115,Allergy testing,Procedure,3653
15734,Scar revision,Procedure,3654
90792,Rheumatology consult,Evaluation & Management,3655
11102,Unknown Procedure,Procedure,3656
96413,Chemotherapy administration,Procedure,3657
80050,General health panel,Lab,3658
95810,Nerve conduction study,Diagnostic,3659
95117,Immunotherapy injections,Procedure,3660
35301,Bypass graft,Surgery,3661
99213,Office/outpatient visit EST,Evaluation & Management,3662
31231,Nasal polypectomy,Procedure,3663
90471,Immunization administration,Preventive,3664
96372,Therapeutic injection,Procedure,3665
88305,Pathology tissue exam,Lab,3666
92014,Ophthalmology exam,Evaluation & Management,3667
58150,Cesarean delivery,Surgery,3668
95117,Allergy injection,Procedure,3669
80050,General health panel,Lab,3670
71020,Chest X-ray,Imaging,3671
71020,Chest X-ray,Imaging,3672
71020,Chest X-ray,Imaging,3673
71020,Chest X-ray,Imaging,3674
94010,Pulmonary function test,Diagnostic,3675
35301,Bypass graft,Surgery,3676
71020,Chest X-ray,Imaging,3677
52000,Cystoscopy,Procedure,3678
92511,Speech audiometry,Diagnostic,3679
00520,Unknown Procedure,Procedure,3680
76830,Pelvic ultrasound,Imaging,3681
20610,"Arthrocentesis, small joint",Procedure,3682
52000,Cystoscopy,Procedure,3683
70450,CT Head without contrast,Imaging,3684
67028,Retinal surgery,Surgery,3685
27447,Total knee arthroplasty,Surgery,3686
99285,Emergency department visit - high severity,Emergency,3687
71020,Chest X-ray,Imaging,3688
A0425,Ambulance service,Procedure,3689
95816,EEG,Diagnostic,3690
17000,Destroy benign/premlg lesion,Procedure,3691
00520,Anesthesia for procedures,Procedure,3692
99213,"Office/outpatient visit, est",Evaluation & Management,3693
80050,General health panel,Lab,3694
A0425,Ambulance service,Procedure,3695
93000,Electrocardiogram,Diagnostic,3696
90791,Psychiatric diagnostic eval,Evaluation & Management,3697
11721,"Debride nail, 6 or more",Procedure,3698
88305,Tissue exam by pathologist,Lab,3699
70450,CT Head without contrast,Imaging,3700
93458,Cardiac cath,Procedure,3701
31231,Nasal polypectomy,Procedure,3702
52000,Cystoscopy,Procedure,3703
43239,EGD,Procedure,3704
88305,Tissue exam by pathologist,Lab,3705
12001,Simple repair of wound,Procedure,3706
95816,EEG,Diagnostic,3707
99213,Pediatric office visit,Evaluation & Management,3708
35301,Bypass graft,Surgery,3709
99213,Pediatric office visit,Evaluation & Management,3710
90471,Immunization administration,Preventive,3711
20610,"Arthrocentesis, small joint",Procedure,3712
88305,Pathology tissue exam,Lab,3713
15734,Scar revision,Procedure,3714
71020,Chest X-ray,Imaging,3715
88305,Pathology tissue exam,Lab,3716
76830,Pelvic ultrasound,Imaging,3717
96372,Therapeutic injection,Procedure,3718
90791,Psychiatric diagnostic eval,Evaluation & Management,3719
90792,Rheumatology consult,Evaluation & Management,3720
94010,Pulmonary function test,Diagnostic,3721
99213,Office visit,Evaluation & Management,3722
52000,Cystoscopy,Procedure,3723
99213,Office/outpatient visit EST,Evaluation & Management,3724
27447,Knee replacement,Surgery,3725
80047,Renal panel,Lab,3726
00520,Anesthesia for procedures,Procedure,3727
99213,Pediatric office visit,Evaluation & Management,3728
31500,Intubation,Procedure,3729
96413,Chemotherapy administration,Procedure,3730
88305,Pathology tissue exam,Lab,3731
58150,Cesarean delivery,Surgery,3732
95810,Nerve conduction study,Diagnostic,3733
80050,General health panel,Lab,3734
43239,EGD,Procedure,3735
31231,Nasal polypectomy,Procedure,3736
88305,Pathology tissue exam,Lab,3737
92511,Speech audiometry,Diagnostic,3738
99285,Emergency department visit - high severity,Emergency,3739
96372,Therapeutic injection,Procedure,3740
70450,CT Head without contrast,Imaging,3741
11102,Skin lesion excision,Procedure,3742
54520,Orchiectomy,Surgery,3743
96372,Therapeutic injection,Procedure,3744
95115,"Immunotherapy, one injection",Procedure,3745
96413,Chemotherapy administration,Procedure,3746
88305,Pathology tissue exam,Lab,3747
92014,Ophthalmology exam,Evaluation & Management,3748
11102,Skin lesion excision,Procedure,3749
92511,Speech audiometry,Diagnostic,3750
12001,Repair superficial wound(s),Procedure,3751
80048,Thyroid panel,Lab,3752
52000,Cystoscopy,Procedure,3753
87070,"Culture, bacterial",Lab,3754
54520,Orchiectomy,Surgery,3755
96372,Therapeutic injection,Procedure,3756
50360,Dialysis access procedure,Procedure,3757
90791,Psychiatric diagnostic eval,Evaluation & Management,3758
90792,Rheumatology consult,Evaluation & Management,3759
58150,Cesarean delivery,Surgery,3760
88305,Pathology tissue exam,Lab,3761
96372,Therapeutic injection,Procedure,3762
88305,Tissue exam by pathologist,Lab,3763
58150,Cesarean delivery,Surgery,3764
90791,Unknown Procedure,Evaluation & Management,3765
12001,Simple repair of wound,Procedure,3766
90792,Rheumatology consult,Evaluation & Management,3767
95115,Allergy testing,Procedure,3768
15734,Scar revision,Procedure,3769
71020,Chest X-ray,Imaging,3770
27447,Knee replacement,Surgery,3771
88305,Pathology tissue exam,Lab,3772
31500,Intubation,Procedure,3773
93000,Electrocardiogram,Diagnostic,3774
90791,Psychiatric diagnostic eval,Evaluation & Management,3775
49900,Appendectomy,Surgery,3776
58150,Cesarean delivery,Surgery,3777
99213,"Office/outpatient visit, est",Evaluation & Management,3778
49900,Appendectomy,Surgery,3779
95810,Nerve conduction study,Diagnostic,3780
88305,Tissue exam by pathologist,Lab,3781
95117,Allergy injection,Procedure,3782
95117,Allergy injection,Procedure,3783
88305,Pathology tissue exam,Lab,3784
71020,Chest X-ray,Imaging,3785
99214,Office visit extended,Evaluation & Management,3786
90792,Rheumatology consult,Evaluation & Management,3787
99213,Office/outpatient visit EST,Evaluation & Management,3788
99213,Office/outpatient visit EST,Evaluation & Management,3789
11102,Skin lesion excision,Procedure,3790
95810,Nerve conduction study,Diagnostic,3791
58150,Cesarean delivery,Surgery,3792
58150,Total hysterectomy,Surgery,3793
92511,Speech audiometry,Diagnostic,3794
71020,Chest X-ray,Imaging,3795
95115,Allergy testing,Procedure,3796
99213,Office/outpatient visit EST,Evaluation & Management,3797
88305,Pathology tissue exam,Lab,3798
95810,Nerve conduction study,Diagnostic,3799
71020,Chest X-ray,Imaging,3800
96413,Unknown Procedure,Procedure,3801
92511,Speech audiometry,Diagnostic,3802
15734,Scar revision,Procedure,3803
71020,Chest X-ray,Imaging,3804
88305,Tissue exam by pathologist,Lab,3805
88305,Pathology tissue exam,Lab,3806
00520,Anesthesia for procedures,Procedure,3807
95115,Allergy testing,Procedure,3808
92511,Speech audiometry,Diagnostic,3809
90471,Immunization administration,Preventive,3810
27447,Knee replacement,Surgery,3811
88305,Pathology tissue exam,Lab,3812
11102,Skin lesion excision,Procedure,3813
99213,"Office/outpatient visit, est",Evaluation & Management,3814
90471,Immunization administration,Preventive,3815
A0425,Ambulance service,Procedure,3816
96413,Chemotherapy administration,Procedure,3817
12001,Simple repair of wound,Procedure,3818
71020,Chest X-ray,Imaging,3819
70450,CT Head without contrast,Imaging,3820
52000,Cystoscopy,Procedure,3821
99214,Office/outpatient visit EST - extended,Evaluation & Management,3822
94010,Pulmonary function test,Diagnostic,3823
96413,Unknown Procedure,Procedure,3824
20610,"Arthrocentesis, small joint",Procedure,3825
95816,EEG,Diagnostic,3826
35301,Bypass graft,Surgery,3827
54520,Orchiectomy,Surgery,3828
95117,Allergy injection,Procedure,3829
70450,CT Head without contrast,Imaging,3830
31231,Nasal polypectomy,Procedure,3831
00520,Anesthesia for procedures,Procedure,3832
49900,Appendectomy,Surgery,3833
95816,EEG,Diagnostic,3834
99213,Office visit,Evaluation & Management,3835
15734,Scar revision,Procedure,3836
92014,Ophthalmology exam,Evaluation & Management,3837
27447,Total knee arthroplasty,Surgery,3838
90792,Rheumatology consult,Evaluation & Management,3839
99214,Office visit extended,Evaluation & Management,3840
52000,Cystoscopy,Procedure,3841
90791,Psychiatric diagnostic eval,Evaluation & Management,3842
95816,EEG,Diagnostic,3843
49900,Appendectomy,Surgery,3844
67028,Retinal surgery,Surgery,3845
99213,Pediatric office visit,Evaluation & Management,3846
95117,Allergy injection,Procedure,3847
71020,Chest X-ray,Imaging,3848
93000,Electrocardiogram,Diagnostic,3849
31231,Nasal polypectomy,Procedure,3850
99213,Office/outpatient visit EST,Evaluation & Management,3851
70450,CT Head without contrast,Imaging,3852
90792,Rheumatology consult,Evaluation & Management,3853
94010,Pulmonary function test,Diagnostic,3854
88305,Pathology tissue exam,Lab,3855
31500,Intubation,Procedure,3856
88305,Pathology tissue exam,Lab,3857
00520,Anesthesia for procedures,Procedure,3858
00520,Anesthesia for procedures,Procedure,3859
99214,"Office/outpatient visit, est",Evaluation & Management,3860
93306,Echocardiogram,Imaging,3861
99213,"Office/outpatient visit, est",Evaluation & Management,3862
99285,Emergency department visit - high severity,Emergency,3863
80048,Thyroid panel,Lab,3864
99214,Office/outpatient visit EST - extended,Evaluation & Management,3865
11721,Debridement nail,Procedure,3866
96372,Therapeutic injection,Procedure,3867
99213,Office/outpatient visit EST,Evaluation & Management,3868
A0425,Ambulance service,Procedure,3869
99213,Pediatric office visit,Evaluation & Management,3870
99213,Pediatric office visit,Evaluation & Management,3871
92014,Ophthalmology exam,Evaluation & Management,3872
35301,Rechanneling of artery,Surgery,3873
90791,Unknown Procedure,Evaluation & Management,3874
17000,Destruction benign lesion,Procedure,3875
35301,Bypass graft,Surgery,3876
11102,Unknown Procedure,Procedure,3877
31231,Nasal polypectomy,Procedure,3878
80047,Unknown Procedure,Lab,3879
35301,Bypass graft,Surgery,3880
31231,Nasal polypectomy,Procedure,3881
90471,Immunization administration,Preventive,3882
99285,Emergency department visit - high severity,Emergency,3883
58150,Cesarean delivery,Surgery,3884
58150,Cesarean delivery,Surgery,3885
90791,Unknown Procedure,Evaluation & Management,3886
93458,Cardiac cath,Procedure,3887
27447,Knee replacement,Surgery,3888
20610,"Arthrocentesis, small joint",Procedure,3889
00520,Anesthesia for procedures,Procedure,3890
90792,Rheumatology consult,Evaluation & Management,3891
11721,Debridement nail,Procedure,3892
90792,Rheumatology consult,Evaluation & Management,3893
93306,Echocardiogram,Imaging,3894
99213,Pediatric office visit,Evaluation & Management,3895
88305,Pathology tissue exam,Lab,3896
12001,Simple repair of wound,Procedure,3897
95816,EEG,Diagnostic,3898
11721,Debridement nail,Procedure,3899
71020,Chest X-ray,Imaging,3900
95115,Allergy testing,Procedure,3901
99213,Office visit,Evaluation & Management,3902
96413,Chemotherapy administration,Procedure,3903
88305,Pathology tissue exam,Lab,3904
90791,Psychiatric diagnostic eval,Evaluation & Management,3905
31231,Nasal polypectomy,Procedure,3906
20610,"Arthrocentesis, small joint",Procedure,3907
11102,Skin lesion excision,Procedure,3908
93306,Echocardiogram,Imaging,3909
A0425,Ambulance service,Procedure,3910
35301,Bypass graft,Surgery,3911
A0425,Ambulance service,Procedure,3912
54520,Orchiectomy,Surgery,3913
35301,Bypass graft,Surgery,3914
88305,Pathology tissue exam,Lab,3915
67028,Retinal surgery,Surgery,3916
90471,Immunization administration,Preventive,3917
88305,Pathology tissue exam,Lab,3918
A0425,Ambulance service,Procedure,3919
90471,Immunization administration,Preventive,3920
99214,Office/outpatient visit EST - extended,Evaluation & Management,3921
11721,Debridement nail,Procedure,3922
A0425,Ambulance service,Procedure,3923
99213,Office visit,Evaluation & Management,3924
43239,EGD,Procedure,3925
99213,Office/outpatient visit EST,Evaluation & Management,3926
90792,Rheumatology consult,Evaluation & Management,3927
90791,Psychiatric diagnostic eval,Evaluation & Management,3928
15734,Scar revision,Procedure,3929
95117,Allergy injection,Procedure,3930
92014,Ophthalmology exam,Evaluation & Management,3931
11721,Debridement nail,Procedure,3932
90471,Immunization administration,Preventive,3933
80047,Unknown Procedure,Lab,3934
15734,Scar revision,Procedure,3935
43239,EGD,Procedure,3936
31500,Intubation,Procedure,3937
96372,Therapeutic injection,Procedure,3938
90792,Rheumatology consult,Evaluation & Management,3939
70450,Ct head/brain w/o dye,Imaging,3940
99285,Emergency dept visit,Emergency,3941
49900,Appendectomy,Surgery,3942
A0425,Ambulance service,Procedure,3943
80048,Thyroid panel,Lab,3944
00520,Anesthesia for procedures,Procedure,3945
31500,Intubation,Procedure,3946
92511,Speech audiometry,Diagnostic,3947
95810,"Polysomnography, 4 or more",Diagnostic,3948
71020,Chest X-ray,Imaging,3949
95115,Allergy testing,Procedure,3950
93458,Cardiac cath,Procedure,3951
95115,Allergy testing,Procedure,3952
95810,Nerve conduction study,Diagnostic,3953
92511,Speech audiometry,Diagnostic,3954
99213,"Office/outpatient visit, est",Evaluation & Management,3955
11721,Debridement nail,Procedure,3956
93306,Echocardiogram,Imaging,3957
93306,Echocardiogram,Imaging,3958
A0425,Unknown Procedure,Procedure,3959
95117,Allergy injection,Procedure,3960
99213,Pediatric office visit,Evaluation & Management,3961
70450,CT Head without contrast,Imaging,3962
80050,General health panel,Lab,3963
90471,Immunization administration,Preventive,3964
99213,Pediatric office visit,Evaluation & Management,3965
90792,Unknown Procedure,Evaluation & Management,3966
90471,Immunization administration,Preventive,3967
31500,Intubation,Procedure,3968
50360,Dialysis access procedure,Procedure,3969
49900,Appendectomy,Surgery,3970
88305,Pathology tissue exam,Lab,3971
71020,Chest X-ray,Imaging,3972
99214,Office visit extended,Evaluation & Management,3973
88305,Pathology tissue exam,Lab,3974
96413,Unknown Procedure,Procedure,3975
90792,Rheumatology consult,Evaluation & Management,3976
88305,Tissue exam by pathologist,Lab,3977
80048,Thyroid panel,Lab,3978
80047,Renal panel,Lab,3979
31500,Intubation,Procedure,3980
76830,"Transvaginal us, non-ob",Imaging,3981
58150,Cesarean delivery,Surgery,3982
58150,Cesarean delivery,Surgery,3983
95115,Allergy testing,Procedure,3984
58150,Cesarean delivery,Surgery,3985
67028,Injection eye drug,Surgery,3986
35301,Bypass graft,Surgery,3987
52000,Cystoscopy,Procedure,3988
17000,Destruction benign lesion,Procedure,3989
99213,Office/outpatient visit EST,Evaluation & Management,3990
A0425,Ambulance service,Procedure,3991
A0425,Ambulance service,Procedure,3992
99285,Emergency dept visit,Emergency,3993
99285,Emergency department visit - high severity,Emergency,3994
80050,General health panel,Lab,3995
95810,"Polysomnography, 4 or more",Diagnostic,3996
31500,Insert emergency airway,Procedure,3997
96413,Chemotherapy administration,Procedure,3998
58150,Cesarean delivery,Surgery,3999
95117,Allergy injection,Procedure,4000
87070,"Culture, bacterial",Lab,4001
12001,Simple repair of wound,Procedure,4002
90791,Psychiatric diagnostic eval,Evaluation & Management,4003
90471,Immunization administration,Preventive,4004
52000,Cystoscopy,Procedure,4005
88305,Pathology tissue exam,Lab,4006
35301,Bypass graft,Surgery,4007
15734,Scar revision,Procedure,4008
76830,Pelvic ultrasound,Imaging,4009
88305,Pathology tissue exam,Lab,4010
95816,EEG,Diagnostic,4011
71020,Chest X-ray,Imaging,4012
31500,Intubation,Procedure,4013
27447,Total knee arthroplasty,Surgery,4014
80050,General health panel,Lab,4015
31500,Intubation,Procedure,4016
17000,Destruction benign lesion,Procedure,4017
94010,Pulmonary function test,Diagnostic,4018
90792,Unknown Procedure,Evaluation & Management,4019
90471,Immunization administration,Preventive,4020
99285,Emergency department visit - high severity,Emergency,4021
88305,Pathology tissue exam,Lab,4022
99214,Office/outpatient visit EST - extended,Evaluation & Management,4023
99213,Pediatric office visit,Evaluation & Management,4024
80047,Renal panel,Lab,4025
99285,Emergency department visit - high severity,Emergency,4026
71020,Chest X-ray,Imaging,4027
95810,Nerve conduction study,Diagnostic,4028
95816,EEG,Diagnostic,4029
31231,Nasal polypectomy,Procedure,4030
71020,Chest X-ray,Imaging,4031
99214,Office/outpatient visit EST - extended,Evaluation & Management,4032
99213,Office/outpatient visit EST,Evaluation & Management,4033
99213,Office/outpatient visit EST,Evaluation & Management,4034
88305,Pathology tissue exam,Lab,4035
31231,Nasal polypectomy,Procedure,4036
67028,Retinal surgery,Surgery,4037
99213,Office/outpatient visit EST,Evaluation & Management,4038
49900,Appendectomy,Surgery,4039
12001,Simple repair of wound,Procedure,4040
52000,Cystoscopy,Procedure,4041
11721,Debridement nail,Procedure,4042
94010,Pulmonary function test,Diagnostic,4043
50360,Dialysis access procedure,Procedure,4044
95816,EEG,Diagnostic,4045
90791,Psychiatric diagnostic eval,Evaluation & Management,4046
17000,Destruction benign lesion,Procedure,4047
90791,Psychiatric diagnostic eval,Evaluation & Management,4048
49900,Appendectomy,Surgery,4049
99214,Office visit extended,Evaluation & Management,4050
92511,Speech audiometry,Diagnostic,4051
95115,Allergy testing,Procedure,4052
12001,Simple repair of wound,Procedure,4053
71020,Chest X-ray,Imaging,4054
52000,Cystoscopy,Procedure,4055
88305,Pathology tissue exam,Lab,4056
31231,Nasal polypectomy,Procedure,4057
93458,Cardiac cath,Procedure,4058
99213,Office visit,Evaluation & Management,4059
93306,Echocardiogram,Imaging,4060
93000,Electrocardiogram,Diagnostic,4061
90471,Immunization administration,Preventive,4062
11721,Debridement nail,Procedure,4063
11721,Debridement nail,Procedure,4064
58150,Total hysterectomy,Surgery,4065
80050,General health panel,Lab,4066
49900,Appendectomy,Surgery,4067
99213,Pediatric office visit,Evaluation & Management,4068
43239,EGD,Procedure,4069
99213,Office visit,Evaluation & Management,4070
20610,"Arthrocentesis, small joint",Procedure,4071
67028,Retinal surgery,Surgery,4072
99285,Emergency department visit - high severity,Emergency,4073
95117,Allergy injection,Procedure,4074
15734,"Muscle-skin graft, trunk",Procedure,4075
94010,Pulmonary function test,Diagnostic,4076
35301,Bypass graft,Surgery,4077
80047,Renal panel,Lab,4078
20610,"Arthrocentesis, small joint",Procedure,4079
95115,Allergy testing,Procedure,4080
27447,Knee replacement,Surgery,4081
A0425,Ambulance service,Procedure,4082
00520,Anesthesia for procedures,Procedure,4083
15734,Scar revision,Procedure,4084
27447,Knee replacement,Surgery,4085
15734,Scar revision,Procedure,4086
15734,Scar revision,Procedure,4087
15734,Scar revision,Procedure,4088
93000,"Electrocardiogram, complete",Diagnostic,4089
11721,Debridement nail,Procedure,4090
11721,"Debride nail, 6 or more",Procedure,4091
92511,Speech audiometry,Diagnostic,4092
58150,Cesarean delivery,Surgery,4093
54520,Orchiectomy,Surgery,4094
88305,Pathology tissue exam,Lab,4095
80050,General health panel,Lab,4096
11721,Debridement nail,Procedure,4097
95115,Allergy testing,Procedure,4098
80048,Thyroid panel,Lab,4099
96372,Therapeutic injection,Procedure,4100
88305,Pathology tissue exam,Lab,4101
12001,Simple repair of wound,Procedure,4102
90471,Immunization administration,Preventive,4103
71020,Chest X-ray,Imaging,4104
88305,Pathology tissue exam,Lab,4105
35301,Rechanneling of artery,Surgery,4106
17000,Destruction benign lesion,Procedure,4107
00520,Anesthesia for procedures,Procedure,4108
96372,Therapeutic injection,Procedure,4109
90791,Psychiatric diagnostic eval,Evaluation & Management,4110
99213,Office/outpatient visit EST,Evaluation & Management,4111
95810,Nerve conduction study,Diagnostic,4112
94010,Pulmonary function test,Diagnostic,4113
92014,Ophthalmology exam,Evaluation & Management,4114
43239,EGD,Procedure,4115
80050,General health panel,Lab,4116
12001,Simple repair of wound,Procedure,4117
99213,Office/outpatient visit EST,Evaluation & Management,4118
90791,Psychiatric diagnostic eval,Evaluation & Management,4119
99213,Office visit,Evaluation & Management,4120
99214,Office/outpatient visit EST - extended,Evaluation & Management,4121
96372,Therapeutic injection,Procedure,4122
35301,Bypass graft,Surgery,4123
90792,Rheumatology consult,Evaluation & Management,4124
94010,Pulmonary function test,Diagnostic,4125
11721,Debridement nail,Procedure,4126
80048,Thyroid panel,Lab,4127
76830,Pelvic ultrasound,Imaging,4128
20610,"Arthrocentesis, small joint",Procedure,4129
31231,Nasal polypectomy,Procedure,4130
31231,Nasal polypectomy,Procedure,4131
80050,General health panel,Lab,4132
70450,CT Head without contrast,Imaging,4133
31231,Nasal polypectomy,Procedure,4134
49900,Appendectomy,Surgery,4135
99213,"Office/outpatient visit, est",Evaluation & Management,4136
88305,Pathology tissue exam,Lab,4137
67028,Retinal surgery,Surgery,4138
88305,Pathology tissue exam,Lab,4139
27447,Knee replacement,Surgery,4140
95115,Allergy testing,Procedure,4141
92511,Speech audiometry,Diagnostic,4142
99214,"Office/outpatient visit, est",Evaluation & Management,4143
93458,Cardiac cath,Procedure,4144
93000,Electrocardiogram,Diagnostic,4145
92511,Speech audiometry,Diagnostic,4146
99213,"Office/outpatient visit, est",Evaluation & Management,4147
88305,Pathology tissue exam,Lab,4148
80047,Renal panel,Lab,4149
99213,Pediatric office visit,Evaluation & Management,4150
90471,Immunization administration,Preventive,4151
A0425,Ambulance service,Procedure,4152
95115,Allergy testing,Procedure,4153
99214,Office/outpatient visit EST - extended,Evaluation & Management,4154
71020,Chest X-ray,Imaging,4155
49900,Repair of abdominal wall,Surgery,4156
99214,Office/outpatient visit EST - extended,Evaluation & Management,4157
99213,"Office/outpatient visit, est",Evaluation & Management,4158
90791,Psychiatric diagnostic eval,Evaluation & Management,4159
12001,Simple repair of wound,Procedure,4160
15734,Scar revision,Procedure,4161
80050,General health panel,Lab,4162
35301,Bypass graft,Surgery,4163
80050,General health panel,Lab,4164
90792,Rheumatology consult,Evaluation & Management,4165
99213,Pediatric office visit,Evaluation & Management,4166
95115,"Immunotherapy, one injection",Procedure,4167
90471,Immunization administration,Preventive,4168
99213,Office visit,Evaluation & Management,4169
15734,Scar revision,Procedure,4170
99213,Office/outpatient visit EST,Evaluation & Management,4171
90791,Psychiatric diagnostic eval,Evaluation & Management,4172
99213,Pediatric office visit,Evaluation & Management,4173
99214,Office/outpatient visit EST - extended,Evaluation & Management,4174
76830,Pelvic ultrasound,Imaging,4175
99213,Pediatric office visit,Evaluation & Management,4176
93458,Cardiac cath,Procedure,4177
00520,Anesthesia for procedures,Procedure,4178
11102,Skin lesion excision,Procedure,4179
11102,Skin lesion excision,Procedure,4180
88305,Pathology tissue exam,Lab,4181
11102,Skin lesion excision,Procedure,4182
90791,Psychiatric diagnostic eval,Evaluation & Management,4183
80050,General health panel,Lab,4184
99214,Office/outpatient visit EST - extended,Evaluation & Management,4185
92014,Ophthalmology exam,Evaluation & Management,4186
90471,Immunization admin,Preventive,4187
67028,Retinal surgery,Surgery,4188
80050,General health panel,Lab,4189
00520,Anesthesia for procedures,Procedure,4190
80047,Unknown Procedure,Lab,4191
80048,Thyroid panel,Lab,4192
76830,Pelvic ultrasound,Imaging,4193
90471,Immunization administration,Preventive,4194
27447,Knee replacement,Surgery,4195
31231,Nasal polypectomy,Procedure,4196
11721,"Debride nail, 6 or more",Procedure,4197
52000,Cystoscopy,Procedure,4198
52000,Cystoscopy,Procedure,4199
11721,"Debride nail, 6 or more",Procedure,4200
54520,Orchiectomy,Surgery,4201
35301,Bypass graft,Surgery,4202
11721,"Debride nail, 6 or more",Procedure,4203
95117,Allergy injection,Procedure,4204
27447,Knee replacement,Surgery,4205
87070,"Culture, bacterial",Lab,4206
76830,Pelvic ultrasound,Imaging,4207
35301,Rechanneling of artery,Surgery,4208
31500,Intubation,Procedure,4209
92511,Speech audiometry,Diagnostic,4210
88305,Pathology tissue exam,Lab,4211
27447,Knee replacement,Surgery,4212
20610,"Arthrocentesis, small joint",Procedure,4213
96413,Unknown Procedure,Procedure,4214
71020,Chest X-ray,Imaging,4215
67028,Retinal surgery,Surgery,4216
67028,Retinal surgery,Surgery,4217
70450,Ct head/brain w/o dye,Imaging,4218
93458,Cardiac cath,Procedure,4219
99214,Office/outpatient visit EST - extended,Evaluation & Management,4220
80050,General health panel,Lab,4221
93306,Unknown Procedure,Imaging,4222
95117,Allergy injection,Procedure,4223
96372,Therapeutic injection,Procedure,4224
A0425,Ambulance service,Procedure,4225
80050,General health panel,Lab,4226
52000,Cystoscopy,Procedure,4227
80047,Renal panel,Lab,4228
54520,Orchiectomy,Surgery,4229
A0425,Ambulance service,Procedure,4230
50360,Dialysis access procedure,Procedure,4231
58150,Total hysterectomy,Surgery,4232
58150,Cesarean delivery,Surgery,4233
A0425,Ambulance service,Procedure,4234
88305,Tissue exam by pathologist,Lab,4235
27447,Knee replacement,Surgery,4236
99213,Office/outpatient visit EST,Evaluation & Management,4237
88305,Pathology tissue exam,Lab,4238
15734,Scar revision,Procedure,4239
93306,Echocardiogram,Imaging,4240
99214,Office/outpatient visit EST - extended,Evaluation & Management,4241
90791,Psychiatric diagnostic eval,Evaluation & Management,4242
A0425,Ambulance service,Procedure,4243
12001,Simple repair of wound,Procedure,4244
99214,Office/outpatient visit EST - extended,Evaluation & Management,4245
95115,Allergy testing,Procedure,4246
00520,Anesthesia for procedures,Procedure,4247
80050,General health panel,Lab,4248
12001,Simple repair of wound,Procedure,4249
90791,Psychiatric diagnostic eval,Evaluation & Management,4250
90791,Psychiatric diagnostic eval,Evaluation & Management,4251
A0425,Ambulance service,Procedure,4252
90471,Immunization administration,Preventive,4253
31231,Nasal polypectomy,Procedure,4254
99213,Office/outpatient visit EST,Evaluation & Management,4255
70450,Ct head/brain w/o dye,Imaging,4256
90471,Immunization admin,Preventive,4257
87070,"Culture, bacterial",Lab,4258
12001,Simple repair of wound,Procedure,4259
00520,Anesthesia for procedures,Procedure,4260
76830,Pelvic ultrasound,Imaging,4261
95117,Allergy injection,Procedure,4262
71020,Chest X-ray,Imaging,4263
90471,Immunization administration,Preventive,4264
96372,Therapeutic injection,Procedure,4265
88305,Pathology tissue exam,Lab,4266
00520,Anesthesia for procedures,Procedure,4267
80047,Renal panel,Lab,4268
67028,Retinal surgery,Surgery,4269
92511,Speech audiometry,Diagnostic,4270
11102,Skin lesion excision,Procedure,4271
11721,Debridement nail,Procedure,4272
52000,Cystoscopy,Procedure,4273
A0425,Ambulance service,Procedure,4274
87070,"Culture, bacterial",Lab,4275
90471,Immunization admin,Preventive,4276
99213,Office visit,Evaluation & Management,4277
15734,Scar revision,Procedure,4278
87070,"Culture, bacterial",Lab,4279
87070,"Culture, bacterial",Lab,4280
88305,Tissue exam by pathologist,Lab,4281
90792,Rheumatology consult,Evaluation & Management,4282
80050,General health panel,Lab,4283
95810,Nerve conduction study,Diagnostic,4284
35301,Bypass graft,Surgery,4285
52000,Cystoscopy,Procedure,4286
11721,Debridement nail,Procedure,4287
99213,Office visit,Evaluation & Management,4288
99213,Pediatric office visit,Evaluation & Management,4289
90471,Immunization administration,Preventive,4290
90791,Unknown Procedure,Evaluation & Management,4291
35301,Rechanneling of artery,Surgery,4292
95810,"Polysomnography, 4 or more",Diagnostic,4293
50360,Dialysis access procedure,Procedure,4294
67028,Retinal surgery,Surgery,4295
92511,Speech audiometry,Diagnostic,4296
90791,Psychiatric diagnostic eval,Evaluation & Management,4297
35301,Bypass graft,Surgery,4298
80050,General health panel,Lab,4299
95810,Nerve conduction study,Diagnostic,4300
11721,Debridement nail,Procedure,4301
43239,EGD,Procedure,4302
90791,Psychiatric diagnostic eval,Evaluation & Management,4303
17000,Destruction benign lesion,Procedure,4304
00520,Unknown Procedure,Procedure,4305
99214,Office/outpatient visit EST - extended,Evaluation & Management,4306
80048,Thyroid panel,Lab,4307
71020,Chest X-ray,Imaging,4308
35301,Bypass graft,Surgery,4309
15734,Scar revision,Procedure,4310
11721,Debridement nail,Procedure,4311
96413,Chemotherapy administration,Procedure,4312
95816,EEG,Diagnostic,4313
95810,Nerve conduction study,Diagnostic,4314
96372,Unknown Procedure,Procedure,4315
95810,Nerve conduction study,Diagnostic,4316
70450,CT Head without contrast,Imaging,4317
80047,Renal panel,Lab,4318
99285,Emergency department visit - high severity,Emergency,4319
80050,General health panel,Lab,4320
90471,Immunization administration,Preventive,4321
93000,Electrocardiogram,Diagnostic,4322
99213,Office/outpatient visit EST,Evaluation & Management,4323
12001,Repair superficial wound(s),Procedure,4324
88305,Pathology tissue exam,Lab,4325
67028,Retinal surgery,Surgery,4326
90471,Immunization admin,Preventive,4327
67028,Retinal surgery,Surgery,4328
99213,Office visit,Evaluation & Management,4329
99214,Office visit extended,Evaluation & Management,4330
71020,Chest x-ray,Imaging,4331
31231,Nasal polypectomy,Procedure,4332
31231,"Nasal endoscopy, dx",Procedure,4333
99213,Office/outpatient visit EST,Evaluation & Management,4334
88305,Pathology tissue exam,Lab,4335
00520,Unknown Procedure,Procedure,4336
90791,Unknown Procedure,Evaluation & Management,4337
99214,"Office/outpatient visit, est",Evaluation & Management,4338
99214,Office visit extended,Evaluation & Management,4339
49900,Appendectomy,Surgery,4340
70450,CT Head without contrast,Imaging,4341
27447,Knee replacement,Surgery,4342
70450,CT Head without contrast,Imaging,4343
90792,Rheumatology consult,Evaluation & Management,4344
96372,Therapeutic injection,Procedure,4345
50360,Dialysis access procedure,Procedure,4346
80050,General health panel,Lab,4347
11102,Skin lesion excision,Procedure,4348
20610,"Arthrocentesis, small joint",Procedure,4349
90792,Rheumatology consult,Evaluation & Management,4350
96413,Chemotherapy administration,Procedure,4351
90791,Unknown Procedure,Evaluation & Management,4352
88305,Pathology tissue exam,Lab,4353
90471,Immunization admin,Preventive,4354
00520,Anesthesia for procedures,Procedure,4355
95115,Allergy testing,Procedure,4356
99213,Office/outpatient visit EST,Evaluation & Management,4357
71020,Chest X-ray,Imaging,4358
95115,Allergy testing,Procedure,4359
15734,Scar revision,Procedure,4360
80050,General health panel,Lab,4361
71020,Chest X-ray,Imaging,4362
70450,CT Head without contrast,Imaging,4363
35301,Bypass graft,Surgery,4364
54520,Orchiectomy,Surgery,4365
92014,Eye exam & treatment,Evaluation & Management,4366
80050,General health panel,Lab,4367
90791,Psychiatric diagnostic eval,Evaluation & Management,4368
80047,Renal panel,Lab,4369
49900,Appendectomy,Surgery,4370
80048,Thyroid panel,Lab,4371
99213,"Office/outpatient visit, est",Evaluation & Management,4372
00520,Anesthesia for procedures,Procedure,4373
00520,Anesthesia for procedures,Procedure,4374
11102,Skin lesion excision,Procedure,4375
94010,Pulmonary function test,Diagnostic,4376
50360,Dialysis access procedure,Procedure,4377
27447,Knee replacement,Surgery,4378
93000,Electrocardiogram,Diagnostic,4379
11102,Unknown Procedure,Procedure,4380
92014,Ophthalmology exam,Evaluation & Management,4381
50360,Dialysis access procedure,Procedure,4382
99285,Emergency department visit - high severity,Emergency,4383
76830,Pelvic ultrasound,Imaging,4384
00520,Anesthesia for procedures,Procedure,4385
90471,Immunization administration,Preventive,4386
90471,Immunization administration,Preventive,4387
A0425,Ambulance service,Procedure,4388
99214,Office/outpatient visit EST - extended,Evaluation & Management,4389
99213,Office visit,Evaluation & Management,4390
27447,Knee replacement,Surgery,4391
11721,Debridement nail,Procedure,4392
95816,EEG,Diagnostic,4393
27447,Knee replacement,Surgery,4394
95810,Nerve conduction study,Diagnostic,4395
88305,Pathology tissue exam,Lab,4396
50360,Dialysis access procedure,Procedure,4397
92511,Speech audiometry,Diagnostic,4398
99213,Pediatric office visit,Evaluation & Management,4399
92014,Ophthalmology exam,Evaluation & Management,4400
88305,Pathology tissue exam,Lab,4401
92511,Speech audiometry,Diagnostic,4402
99213,"Office/outpatient visit, est",Evaluation & Management,4403
99213,Office/outpatient visit EST,Evaluation & Management,4404
88305,Pathology tissue exam,Lab,4405
90791,Psychiatric diagnostic eval,Evaluation & Management,4406
71020,Chest X-ray,Imaging,4407
11721,Debridement nail,Procedure,4408
95816,EEG,Diagnostic,4409
52000,Cystoscopy,Procedure,4410
99213,Pediatric office visit,Evaluation & Management,4411
88305,Tissue exam by pathologist,Lab,4412
71020,Chest X-ray,Imaging,4413
11102,Skin lesion excision,Procedure,4414
54520,Orchiectomy,Surgery,4415
67028,Retinal surgery,Surgery,4416
71020,Chest X-ray,Imaging,4417
99214,"Office/outpatient visit, est",Evaluation & Management,4418
99213,"Office/outpatient visit, est",Evaluation & Management,4419
99214,Office visit extended,Evaluation & Management,4420
99214,Office/outpatient visit EST - extended,Evaluation & Management,4421
95810,Nerve conduction study,Diagnostic,4422
96372,Therapeutic injection,Procedure,4423
12001,Simple repair of wound,Procedure,4424
92014,Ophthalmology exam,Evaluation & Management,4425
20610,"Arthrocentesis, small joint",Procedure,4426
52000,Cystoscopy,Procedure,4427
70450,CT Head without contrast,Imaging,4428
99214,Office/outpatient visit EST - extended,Evaluation & Management,4429
58150,Total hysterectomy,Surgery,4430
58150,Cesarean delivery,Surgery,4431
00520,Anesthesia for procedures,Procedure,4432
88305,Pathology tissue exam,Lab,4433
15734,Scar revision,Procedure,4434
31231,Nasal polypectomy,Procedure,4435
17000,Destruction benign lesion,Procedure,4436
80047,Renal panel,Lab,4437
99213,Pediatric office visit,Evaluation & Management,4438
71020,Chest X-ray,Imaging,4439
93306,Echocardiogram,Imaging,4440
88305,Tissue exam by pathologist,Lab,4441
A0425,Ambulance service,Procedure,4442
99285,Emergency department visit - high severity,Emergency,4443
00520,Anesthesia for procedures,Procedure,4444
58150,Total hysterectomy,Surgery,4445
15734,Scar revision,Procedure,4446
94010,Pulmonary function test,Diagnostic,4447
88305,Pathology tissue exam,Lab,4448
95115,Allergy testing,Procedure,4449
90471,Immunization admin,Preventive,4450
96372,Therapeutic injection,Procedure,4451
92511,Speech audiometry,Diagnostic,4452
27447,Knee replacement,Surgery,4453
11721,Debridement nail,Procedure,4454
12001,Simple repair of wound,Procedure,4455
90791,Psychiatric diagnostic eval,Evaluation & Management,4456
12001,Simple repair of wound,Procedure,4457
80047,Renal panel,Lab,4458
70450,Ct head/brain w/o dye,Imaging,4459
71020,Chest X-ray,Imaging,4460
27447,Knee replacement,Surgery,4461
76830,Pelvic ultrasound,Imaging,4462
92014,Ophthalmology exam,Evaluation & Management,4463
95816,EEG,Diagnostic,4464
99213,Pediatric office visit,Evaluation & Management,4465
49900,Appendectomy,Surgery,4466
95117,Allergy injection,Procedure,4467
31500,Intubation,Procedure,4468
90792,Rheumatology consult,Evaluation & Management,4469
80048,Thyroid panel,Lab,4470
11721,Debridement nail,Procedure,4471
31500,Intubation,Procedure,4472
88305,Pathology tissue exam,Lab,4473
88305,Tissue exam by pathologist,Lab,4474
88305,Pathology tissue exam,Lab,4475
15734,Scar revision,Procedure,4476
90792,Rheumatology consult,Evaluation & Management,4477
90791,Psychiatric diagnostic eval,Evaluation & Management,4478
93306,Echocardiogram,Imaging,4479
96372,Therapeutic injection,Procedure,4480
80050,General health panel,Lab,4481
43239,EGD,Procedure,4482
49900,Appendectomy,Surgery,4483
96372,Therapeutic injection,Procedure,4484
35301,Bypass graft,Surgery,4485
95117,Allergy injection,Procedure,4486
90471,Immunization administration,Preventive,4487
99214,"Office/outpatient visit, est",Evaluation & Management,4488
93000,Electrocardiogram,Diagnostic,4489
71020,Chest X-ray,Imaging,4490
11721,Debridement nail,Procedure,4491
71020,Chest X-ray,Imaging,4492
88305,Pathology tissue exam,Lab,4493
50360,Transplantation of kidney,Procedure,4494
90471,Immunization administration,Preventive,4495
92511,Speech audiometry,Diagnostic,4496
31500,Intubation,Procedure,4497
76830,Pelvic ultrasound,Imaging,4498
00520,Anesthesia for procedures,Procedure,4499
90471,Immunization administration,Preventive,4500
11721,"Debride nail, 6 or more",Procedure,4501
90471,Immunization administration,Preventive,4502
90471,Immunization administration,Preventive,4503
35301,Bypass graft,Surgery,4504
99214,Office/outpatient visit EST - extended,Evaluation & Management,4505
00520,Anesthesia for procedures,Procedure,4506
93306,Echocardiogram,Imaging,4507
80050,General health panel,Lab,4508
95115,Allergy testing,Procedure,4509
11102,Skin lesion excision,Procedure,4510
A0425,Ambulance service,Procedure,4511
93458,Cardiac cath,Procedure,4512
88305,Pathology tissue exam,Lab,4513
80050,General health panel,Lab,4514
17000,Destroy benign/premlg lesion,Procedure,4515
35301,Bypass graft,Surgery,4516
70450,CT Head without contrast,Imaging,4517
90791,Psychiatric diagnostic eval,Evaluation & Management,4518
15734,Scar revision,Procedure,4519
11102,Skin lesion excision,Procedure,4520
43239,"Upper GI endoscopy, biopsy",Procedure,4521
94010,Pulmonary function test,Diagnostic,4522
90792,Rheumatology consult,Evaluation & Management,4523
90792,Rheumatology consult,Evaluation & Management,4524
90791,Psychiatric diagnostic eval,Evaluation & Management,4525
11102,Skin lesion excision,Procedure,4526
90471,Immunization administration,Preventive,4527
52000,Cystoscopy,Procedure,4528
99285,Emergency department visit - high severity,Emergency,4529
87070,"Culture, bacterial",Lab,4530
90471,Immunization administration,Preventive,4531
00520,Anesthesia for procedures,Procedure,4532
96372,Therapeutic injection,Procedure,4533
93458,Cardiac cath,Procedure,4534
80050,General health panel,Lab,4535
54520,Removal of testis,Surgery,4536
11721,Debridement nail,Procedure,4537
88305,Pathology tissue exam,Lab,4538
99214,Office visit extended,Evaluation & Management,4539
15734,Scar revision,Procedure,4540
15734,"Muscle-skin graft, trunk",Procedure,4541
95115,"Immunotherapy, one injection",Procedure,4542
90792,Rheumatology consult,Evaluation & Management,4543
99213,Pediatric office visit,Evaluation & Management,4544
99285,Emergency department visit - high severity,Emergency,4545
95816,EEG,Diagnostic,4546
90792,Rheumatology consult,Evaluation & Management,4547
76830,Pelvic ultrasound,Imaging,4548
99214,Office visit extended,Evaluation & Management,4549
11721,Debridement nail,Procedure,4550
11721,"Debride nail, 6 or more",Procedure,4551
50360,Dialysis access procedure,Procedure,4552
99213,"Office/outpatient visit, est",Evaluation & Management,4553
88305,Pathology tissue exam,Lab,4554
93306,Echocardiogram,Imaging,4555
54520,Orchiectomy,Surgery,4556
31231,Nasal polypectomy,Procedure,4557
95115,Allergy testing,Procedure,4558
90471,Immunization admin,Preventive,4559
88305,Pathology tissue exam,Lab,4560
52000,Cystoscopy,Procedure,4561
99214,Office/outpatient visit EST - extended,Evaluation & Management,4562
90791,Psychiatric diagnostic eval,Evaluation & Management,4563
90791,Psychiatric diagnostic eval,Evaluation & Management,4564
35301,Bypass graft,Surgery,4565
54520,Orchiectomy,Surgery,4566
95117,Allergy injection,Procedure,4567
95816,"Eeg, awake and drowsy",Diagnostic,4568
99214,Office visit extended,Evaluation & Management,4569
71020,Chest X-ray,Imaging,4570
90471,Immunization administration,Preventive,4571
88305,Pathology tissue exam,Lab,4572
15734,Scar revision,Procedure,4573
90791,Psychiatric diagnostic eval,Evaluation & Management,4574
96413,Chemotherapy administration,Procedure,4575
00520,Anesthesia for procedures,Procedure,4576
54520,Orchiectomy,Surgery,4577
88305,Tissue exam by pathologist,Lab,4578
93458,Cardiac cath,Procedure,4579
96372,Unknown Procedure,Procedure,4580
00520,Anesthesia for procedures,Procedure,4581
58150,Cesarean delivery,Surgery,4582
90791,Psychiatric diagnostic eval,Evaluation & Management,4583
31500,Intubation,Procedure,4584
90471,Immunization administration,Preventive,4585
88305,Pathology tissue exam,Lab,4586
94010,Pulmonary function test,Diagnostic,4587
99213,Office/outpatient visit EST,Evaluation & Management,4588
35301,Bypass graft,Surgery,4589
70450,CT Head without contrast,Imaging,4590
90471,Immunization administration,Preventive,4591
90792,Rheumatology consult,Evaluation & Management,4592
88305,Pathology tissue exam,Lab,4593
92014,Ophthalmology exam,Evaluation & Management,4594
80050,General health panel,Lab,4595
99213,Office/outpatient visit EST,Evaluation & Management,4596
94010,Pulmonary function test,Diagnostic,4597
95115,Allergy testing,Procedure,4598
31500,Intubation,Procedure,4599
80047,Renal panel,Lab,4600
11721,Debridement nail,Procedure,4601
11102,Skin lesion excision,Procedure,4602
95810,Nerve conduction study,Diagnostic,4603
99214,Office visit extended,Evaluation & Management,4604
88305,Pathology tissue exam,Lab,4605
95816,EEG,Diagnostic,4606
00520,Anesthesia for procedures,Procedure,4607
50360,Dialysis access procedure,Procedure,4608
00520,Unknown Procedure,Procedure,4609
27447,Knee replacement,Surgery,4610
99214,Office/outpatient visit EST - extended,Evaluation & Management,4611
80047,Renal panel,Lab,4612
54520,Orchiectomy,Surgery,4613
70450,CT Head without contrast,Imaging,4614
99213,Pediatric office visit,Evaluation & Management,4615
88305,Pathology tissue exam,Lab,4616
99214,Office visit extended,Evaluation & Management,4617
93000,Electrocardiogram,Diagnostic,4618
A0425,Ambulance service,Procedure,4619
31500,Intubation,Procedure,4620
92014,Ophthalmology exam,Evaluation & Management,4621
49900,Appendectomy,Surgery,4622
96413,Chemotherapy administration,Procedure,4623
00520,Anesthesia for procedures,Procedure,4624
20610,"Drain/inject, joint/bursa",Procedure,4625
88305,Pathology tissue exam,Lab,4626
70450,CT Head without contrast,Imaging,4627
88305,Pathology tissue exam,Lab,4628
99285,Emergency department visit - high severity,Emergency,4629
11102,Skin lesion excision,Procedure,4630
99213,Pediatric office visit,Evaluation & Management,4631
93000,Electrocardiogram,Diagnostic,4632
95810,Nerve conduction study,Diagnostic,4633
15734,Scar revision,Procedure,4634
92511,Speech audiometry,Diagnostic,4635
90792,Unknown Procedure,Evaluation & Management,4636
95810,Nerve conduction study,Diagnostic,4637
70450,CT Head without contrast,Imaging,4638
99213,Office/outpatient visit EST,Evaluation & Management,4639
70450,CT Head without contrast,Imaging,4640
80048,Thyroid panel,Lab,4641
88305,Tissue exam by pathologist,Lab,4642
00520,Anesthesia for procedures,Procedure,4643
80047,Unknown Procedure,Lab,4644
95117,Allergy injection,Procedure,4645
00520,Anesthesia for procedures,Procedure,4646
27447,Knee replacement,Surgery,4647
80047,Renal panel,Lab,4648
12001,Simple repair of wound,Procedure,4649
99213,Office/outpatient visit EST,Evaluation & Management,4650
90792,Rheumatology consult,Evaluation & Management,4651
92014,Ophthalmology exam,Evaluation & Management,4652
35301,Bypass graft,Surgery,4653
15734,Scar revision,Procedure,4654
20610,"Arthrocentesis, small joint",Procedure,4655
52000,Cystoscopy,Procedure,4656
90791,Psychiatric diagnostic eval,Evaluation & Management,4657
11721,"Debride nail, 6 or more",Procedure,4658
54520,Orchiectomy,Surgery,4659
A0425,Ambulance service,Procedure,4660
90791,Psychiatric diagnostic eval,Evaluation & Management,4661
71020,Chest X-ray,Imaging,4662
A0425,Ambulance service,Procedure,4663
99285,Emergency dept visit,Emergency,4664
88305,Pathology tissue exam,Lab,4665
90792,Rheumatology consult,Evaluation & Management,4666
20610,"Arthrocentesis, small joint",Procedure,4667
99213,Office visit,Evaluation & Management,4668
35301,Bypass graft,Surgery,4669
87070,"Culture, bacterial",Lab,4670
90792,Rheumatology consult,Evaluation & Management,4671
88305,Pathology tissue exam,Lab,4672
71020,Chest x-ray,Imaging,4673
88305,Pathology tissue exam,Lab,4674
90792,Rheumatology consult,Evaluation & Management,4675
95117,Allergy injection,Procedure,4676
35301,Rechanneling of artery,Surgery,4677
80047,Renal panel,Lab,4678
90791,Unknown Procedure,Evaluation & Management,4679
95115,Allergy testing,Procedure,4680
00520,Anesthesia for procedures,Procedure,4681
94010,Breathing capacity test,Diagnostic,4682
43239,EGD,Procedure,4683
71020,Chest X-ray,Imaging,4684
52000,Cystoscopy,Procedure,4685
90792,Rheumatology consult,Evaluation & Management,4686
52000,Cystoscopy,Procedure,4687
95117,Allergy injection,Procedure,4688
58150,Cesarean delivery,Surgery,4689
12001,Simple repair of wound,Procedure,4690
A0425,Ambulance service,Procedure,4691
90792,Rheumatology consult,Evaluation & Management,4692
58150,Cesarean delivery,Surgery,4693
12001,Simple repair of wound,Procedure,4694
31231,Nasal polypectomy,Procedure,4695
11721,Debridement nail,Procedure,4696
00520,Anesthesia for procedures,Procedure,4697
31500,Intubation,Procedure,4698
99213,Office visit,Evaluation & Management,4699
88305,Pathology tissue exam,Lab,4700
93000,Electrocardiogram,Diagnostic,4701
27447,Knee replacement,Surgery,4702
76830,Pelvic ultrasound,Imaging,4703
11102,Skin lesion excision,Procedure,4704
12001,Simple repair of wound,Procedure,4705
00520,Anesthesia for procedures,Procedure,4706
52000,Cystoscopy,Procedure,4707
92511,Speech audiometry,Diagnostic,4708
90792,Rheumatology consult,Evaluation & Management,4709
43239,EGD,Procedure,4710
80047,Renal panel,Lab,4711
90471,Immunization administration,Preventive,4712
95115,Allergy testing,Procedure,4713
88305,Pathology tissue exam,Lab,4714
92014,Ophthalmology exam,Evaluation & Management,4715
93306,Echocardiogram,Imaging,4716
43239,EGD,Procedure,4717
99214,Office visit extended,Evaluation & Management,4718
35301,Bypass graft,Surgery,4719
95117,Allergy injection,Procedure,4720
99214,Office/outpatient visit EST - extended,Evaluation & Management,4721
11721,Debridement nail,Procedure,4722
88305,Pathology tissue exam,Lab,4723
15734,Scar revision,Procedure,4724
99213,"Office/outpatient visit, est",Evaluation & Management,4725
43239,EGD,Procedure,4726
15734,Scar revision,Procedure,4727
80047,Renal panel,Lab,4728
99214,Office visit extended,Evaluation & Management,4729
70450,CT Head without contrast,Imaging,4730
88305,Pathology tissue exam,Lab,4731
11102,Skin lesion excision,Procedure,4732
96372,Therapeutic injection,Procedure,4733
20610,"Arthrocentesis, small joint",Procedure,4734
11102,Skin lesion excision,Procedure,4735
76830,Pelvic ultrasound,Imaging,4736
90792,Rheumatology consult,Evaluation & Management,4737
80047,Unknown Procedure,Lab,4738
93458,Cardiac cath,Procedure,4739
11102,Skin lesion excision,Procedure,4740
71020,Chest X-ray,Imaging,4741
95810,Nerve conduction study,Diagnostic,4742
15734,Scar revision,Procedure,4743
94010,Pulmonary function test,Diagnostic,4744
80048,Basic metabolic panel,Lab,4745
90471,Immunization admin,Preventive,4746
88305,Pathology tissue exam,Lab,4747
94010,Pulmonary function test,Diagnostic,4748
67028,Retinal surgery,Surgery,4749
88305,Tissue exam by pathologist,Lab,4750
71020,Chest X-ray,Imaging,4751
35301,Bypass graft,Surgery,4752
93306,Echocardiogram,Imaging,4753
93000,Electrocardiogram,Diagnostic,4754
99214,Office/outpatient visit EST - extended,Evaluation & Management,4755
99214,Office visit extended,Evaluation & Management,4756
27447,Knee replacement,Surgery,4757
50360,Dialysis access procedure,Procedure,4758
99213,"Office/outpatient visit, est",Evaluation & Management,4759
80050,General health panel,Lab,4760
95115,Allergy testing,Procedure,4761
90471,Immunization administration,Preventive,4762
80047,Renal panel,Lab,4763
90791,Psychiatric diagnostic eval,Evaluation & Management,4764
99214,Office visit extended,Evaluation & Management,4765
88305,Pathology tissue exam,Lab,4766
00520,Anesthesia for procedures,Procedure,4767
11721,Debridement nail,Procedure,4768
35301,Bypass graft,Surgery,4769
95810,Nerve conduction study,Diagnostic,4770
90792,Rheumatology consult,Evaluation & Management,4771
27447,Knee replacement,Surgery,4772
99213,"Office/outpatient visit, est",Evaluation & Management,4773
80050,General health panel,Lab,4774
99213,"Office/outpatient visit, est",Evaluation & Management,4775
11721,"Debride nail, 6 or more",Procedure,4776
76830,Pelvic ultrasound,Imaging,4777
67028,Injection eye drug,Surgery,4778
92511,Speech audiometry,Diagnostic,4779
52000,Cystoscopy,Procedure,4780
80047,Renal panel,Lab,4781
35301,Bypass graft,Surgery,4782
87070,"Culture, bacterial",Lab,4783
12001,Simple repair of wound,Procedure,4784
31231,Nasal polypectomy,Procedure,4785
17000,Destruction benign lesion,Procedure,4786
90792,Rheumatology consult,Evaluation & Management,4787
99285,Emergency department visit - high severity,Emergency,4788
90471,Immunization administration,Preventive,4789
99213,Office/outpatient visit EST,Evaluation & Management,4790
94010,Pulmonary function test,Diagnostic,4791
90791,Unknown Procedure,Evaluation & Management,4792
35301,Bypass graft,Surgery,4793
93000,Electrocardiogram,Diagnostic,4794
99213,Pediatric office visit,Evaluation & Management,4795
96372,Therapeutic injection,Procedure,4796
80048,Thyroid panel,Lab,4797
90792,Rheumatology consult,Evaluation & Management,4798
88305,Pathology tissue exam,Lab,4799
96413,Chemotherapy administration,Procedure,4800
95816,EEG,Diagnostic,4801
99213,Office/outpatient visit EST,Evaluation & Management,4802
96413,Unknown Procedure,Procedure,4803
67028,Retinal surgery,Surgery,4804
93458,Cardiac cath,Procedure,4805
93000,Electrocardiogram,Diagnostic,4806
96372,Therapeutic injection,Procedure,4807
71020,Chest X-ray,Imaging,4808
99213,Office/outpatient visit EST,Evaluation & Management,4809
90471,Immunization administration,Preventive,4810
95810,Nerve conduction study,Diagnostic,4811
52000,Cystoscopy,Procedure,4812
96413,Chemotherapy administration,Procedure,4813
90791,Psychiatric diagnostic eval,Evaluation & Management,4814
90791,Psychiatric diagnostic eval,Evaluation & Management,4815
31231,"Nasal endoscopy, dx",Procedure,4816
00520,Anesthesia for procedures,Procedure,4817
93000,Electrocardiogram,Diagnostic,4818
96372,Therapeutic injection,Procedure,4819
00520,Anesthesia for procedures,Procedure,4820
43239,EGD,Procedure,4821
70450,CT Head without contrast,Imaging,4822
88305,Pathology tissue exam,Lab,4823
88305,Pathology tissue exam,Lab,4824
00520,Anesthesia for procedures,Procedure,4825
95117,Allergy injection,Procedure,4826
90791,Psychiatric diagnostic eval,Evaluation & Management,4827
20610,"Arthrocentesis, small joint",Procedure,4828
88305,Pathology tissue exam,Lab,4829
99214,Office visit extended,Evaluation & Management,4830
93458,Cardiac cath,Procedure,4831
00520,Anesthesia for procedures,Procedure,4832
88305,Pathology tissue exam,Lab,4833
90791,Psychiatric diagnostic eval,Evaluation & Management,4834
99213,Pediatric office visit,Evaluation & Management,4835
15734,Scar revision,Procedure,4836
88305,Tissue exam by pathologist,Lab,4837
11721,"Debride nail, 6 or more",Procedure,4838
96413,Chemotherapy administration,Procedure,4839
87070,"Culture, bacterial",Lab,4840
95117,Allergy injection,Procedure,4841
92014,Ophthalmology exam,Evaluation & Management,4842
11721,Debridement nail,Procedure,4843
93306,Echocardiogram,Imaging,4844
99213,Office visit,Evaluation & Management,4845
58150,Cesarean delivery,Surgery,4846
11721,Debridement nail,Procedure,4847
99213,Office/outpatient visit EST,Evaluation & Management,4848
92014,Ophthalmology exam,Evaluation & Management,4849
A0425,Ambulance service,Procedure,4850
67028,Retinal surgery,Surgery,4851
99213,Office visit,Evaluation & Management,4852
88305,Pathology tissue exam,Lab,4853
43239,EGD,Procedure,4854
96413,Unknown Procedure,Procedure,4855
90791,Psychiatric diagnostic eval,Evaluation & Management,4856
12001,Simple repair of wound,Procedure,4857
00520,Anesthesia for procedures,Procedure,4858
11102,Unknown Procedure,Procedure,4859
71020,Chest X-ray,Imaging,4860
99214,Office/outpatient visit EST - extended,Evaluation & Management,4861
11721,Debridement nail,Procedure,4862
90471,Immunization administration,Preventive,4863
49900,Appendectomy,Surgery,4864
88305,Pathology tissue exam,Lab,4865
54520,Removal of testis,Surgery,4866
80050,General health panel,Lab,4867
90791,Psychiatric diagnostic eval,Evaluation & Management,4868
71020,Chest X-ray,Imaging,4869
11102,Skin lesion excision,Procedure,4870
92511,Speech audiometry,Diagnostic,4871
90471,Immunization administration,Preventive,4872
99213,Office/outpatient visit EST,Evaluation & Management,4873
99285,Emergency department visit - high severity,Emergency,4874
43239,EGD,Procedure,4875
11102,Skin lesion excision,Procedure,4876
90791,Psychiatric diagnostic eval,Evaluation & Management,4877
67028,Retinal surgery,Surgery,4878
43239,EGD,Procedure,4879
99285,Emergency department visit - high severity,Emergency,4880
11721,Debridement nail,Procedure,4881
87070,"Culture, bacterial",Lab,4882
80050,General health panel,Lab,4883
88305,Pathology tissue exam,Lab,4884
80048,Thyroid panel,Lab,4885
99213,Pediatric office visit,Evaluation & Management,4886
49900,Repair of abdominal wall,Surgery,4887
90471,Immunization administration,Preventive,4888
88305,Pathology tissue exam,Lab,4889
94010,Pulmonary function test,Diagnostic,4890
90791,Psychiatric diagnostic eval,Evaluation & Management,4891
20610,"Arthrocentesis, small joint",Procedure,4892
95117,Allergy injection,Procedure,4893
43239,EGD,Procedure,4894
76830,Pelvic ultrasound,Imaging,4895
67028,Retinal surgery,Surgery,4896
87070,"Culture, bacterial",Lab,4897
11721,Debridement nail,Procedure,4898
20610,"Arthrocentesis, small joint",Procedure,4899
71020,Chest X-ray,Imaging,4900
A0425,Ambulance service,Procedure,4901
31500,Intubation,Procedure,4902
11721,Debridement nail,Procedure,4903
99213,Pediatric office visit,Evaluation & Management,4904
50360,Dialysis access procedure,Procedure,4905
70450,CT Head without contrast,Imaging,4906
27447,Knee replacement,Surgery,4907
11721,Debridement nail,Procedure,4908
35301,Bypass graft,Surgery,4909
52000,Cystoscopy,Procedure,4910
88305,Pathology tissue exam,Lab,4911
20610,"Arthrocentesis, small joint",Procedure,4912
99214,Office/outpatient visit EST - extended,Evaluation & Management,4913
11721,Debridement nail,Procedure,4914
43239,EGD,Procedure,4915
80050,General health panel,Lab,4916
50360,Dialysis access procedure,Procedure,4917
95810,Nerve conduction study,Diagnostic,4918
99213,Office visit,Evaluation & Management,4919
99213,Pediatric office visit,Evaluation & Management,4920
54520,Orchiectomy,Surgery,4921
A0425,Ambulance service,Procedure,4922
35301,Bypass graft,Surgery,4923
95117,Allergy injection,Procedure,4924
00520,Anesthesia for procedures,Procedure,4925
95816,EEG,Diagnostic,4926
11102,Skin lesion excision,Procedure,4927
31231,Nasal polypectomy,Procedure,4928
92014,Ophthalmology exam,Evaluation & Management,4929
12001,Simple repair of wound,Procedure,4930
12001,Simple repair of wound,Procedure,4931
88305,Pathology tissue exam,Lab,4932
80050,General health panel,Lab,4933
67028,Retinal surgery,Surgery,4934
94010,Pulmonary function test,Diagnostic,4935
88305,Pathology tissue exam,Lab,4936
99214,Office visit extended,Evaluation & Management,4937
67028,Retinal surgery,Surgery,4938
11721,Debridement nail,Procedure,4939
00520,Anesthesia for procedures,Procedure,4940
96413,Chemotherapy administration,Procedure,4941
52000,Cystoscopy,Procedure,4942
99213,Pediatric office visit,Evaluation & Management,4943
50360,Dialysis access procedure,Procedure,4944
99213,Office/outpatient visit EST,Evaluation & Management,4945
88305,Pathology tissue exam,Lab,4946
17000,Destruction benign lesion,Procedure,4947
99214,Office visit extended,Evaluation & Management,4948
50360,Dialysis access procedure,Procedure,4949
95115,Allergy testing,Procedure,4950
00520,Anesthesia for procedures,Procedure,4951
90791,Psychiatric diagnostic eval,Evaluation & Management,4952
95115,Allergy testing,Procedure,4953
11721,Debridement nail,Procedure,4954
99213,Office visit,Evaluation & Management,4955
11721,Debridement nail,Procedure,4956
96372,Therapeutic injection,Procedure,4957
99213,Office visit,Evaluation & Management,4958
12001,Simple repair of wound,Procedure,4959
58150,Cesarean delivery,Surgery,4960
93000,Electrocardiogram,Diagnostic,4961
99213,Office/outpatient visit EST,Evaluation & Management,4962
67028,Retinal surgery,Surgery,4963
80047,Renal panel,Lab,4964
67028,Retinal surgery,Surgery,4965
90471,Immunization admin,Preventive,4966
95816,EEG,Diagnostic,4967
88305,Pathology tissue exam,Lab,4968
70450,Ct head/brain w/o dye,Imaging,4969
58150,Cesarean delivery,Surgery,4970
35301,Bypass graft,Surgery,4971
88305,Tissue exam by pathologist,Lab,4972
88305,Pathology tissue exam,Lab,4973
11721,Debridement nail,Procedure,4974
90792,Rheumatology consult,Evaluation & Management,4975
90791,Psychiatric diagnostic eval,Evaluation & Management,4976
95117,Allergy injection,Procedure,4977
92511,Speech audiometry,Diagnostic,4978
95816,EEG,Diagnostic,4979
93000,Electrocardiogram,Diagnostic,4980
49900,Appendectomy,Surgery,4981
15734,Scar revision,Procedure,4982
99214,Office visit extended,Evaluation & Management,4983
20610,"Arthrocentesis, small joint",Procedure,4984
95816,EEG,Diagnostic,4985
80050,General health panel,Lab,4986
11721,Debridement nail,Procedure,4987
54520,Orchiectomy,Surgery,4988
99213,Pediatric office visit,Evaluation & Management,4989
99213,"Office/outpatient visit, est",Evaluation & Management,4990
17000,Destroy benign/premlg lesion,Procedure,4991
71020,Chest X-ray,Imaging,4992
90791,Psychiatric diagnostic eval,Evaluation & Management,4993
15734,Scar revision,Procedure,4994
90791,Psychiatric diagnostic eval,Evaluation & Management,4995
95115,Allergy testing,Procedure,4996
00520,Anesthesia for procedures,Procedure,4997
70450,CT Head without contrast,Imaging,4998
A0425,Ambulance service,Procedure,4999
50360,Dialysis access procedure,Procedure,5000
99213,Office visit,Evaluation & Management,5001
80050,General health panel,Lab,5002
20610,"Arthrocentesis, small joint",Procedure,5003
20610,"Arthrocentesis, small joint",Procedure,5004
99214,"Office/outpatient visit, est",Evaluation & Management,5005
58150,Cesarean delivery,Surgery,5006
00520,Anesthesia for procedures,Procedure,5007
99214,Office/outpatient visit EST - extended,Evaluation & Management,5008
27447,Knee replacement,Surgery,5009
88305,Pathology tissue exam,Lab,5010
99214,Office visit extended,Evaluation & Management,5011
35301,Bypass graft,Surgery,5012
80050,General health panel,Lab,5013
11721,Debridement nail,Procedure,5014
71020,Chest X-ray,Imaging,5015
90791,Psychiatric diagnostic eval,Evaluation & Management,5016
93306,Echocardiogram,Imaging,5017
43239,EGD,Procedure,5018
99214,Office visit extended,Evaluation & Management,5019
58150,Cesarean delivery,Surgery,5020
99213,Office/outpatient visit EST,Evaluation & Management,5021
90791,Psychiatric diagnostic eval,Evaluation & Management,5022
49900,Appendectomy,Surgery,5023
95816,EEG,Diagnostic,5024
96413,Chemotherapy administration,Procedure,5025
15734,Scar revision,Procedure,5026
99213,Office/outpatient visit EST,Evaluation & Management,5027
87070,"Culture, bacterial",Lab,5028
80050,General health panel,Lab,5029
88305,Tissue exam by pathologist,Lab,5030
99214,"Office/outpatient visit, est",Evaluation & Management,5031
99285,Emergency department visit - high severity,Emergency,5032
99213,"Office/outpatient visit, est",Evaluation & Management,5033
99285,Emergency department visit - high severity,Emergency,5034
11721,Debridement nail,Procedure,5035
80050,General health panel,Lab,5036
95117,Allergy injection,Procedure,5037
20610,"Arthrocentesis, small joint",Procedure,5038
99214,Office/outpatient visit EST - extended,Evaluation & Management,5039
80050,General health panel,Lab,5040
96372,Therapeutic injection,Procedure,5041
11102,Skin lesion excision,Procedure,5042
94010,Pulmonary function test,Diagnostic,5043
90791,Psychiatric diagnostic eval,Evaluation & Management,5044
99285,Emergency department visit - high severity,Emergency,5045
99214,Office/outpatient visit EST - extended,Evaluation & Management,5046
31231,Nasal polypectomy,Procedure,5047
12001,Simple repair of wound,Procedure,5048
43239,EGD,Procedure,5049
A0425,Ambulance service,Procedure,5050
31231,Nasal polypectomy,Procedure,5051
35301,Bypass graft,Surgery,5052
11102,Skin lesion excision,Procedure,5053
88305,Pathology tissue exam,Lab,5054
35301,Bypass graft,Surgery,5055
76830,Pelvic ultrasound,Imaging,5056
88305,Pathology tissue exam,Lab,5057
88305,Pathology tissue exam,Lab,5058
99285,Emergency department visit - high severity,Emergency,5059
17000,Destroy benign/premlg lesion,Procedure,5060
27447,Knee replacement,Surgery,5061
92511,Speech audiometry,Diagnostic,5062
90791,Psychiatric diagnostic eval,Evaluation & Management,5063
99214,Office visit extended,Evaluation & Management,5064
99214,Office visit extended,Evaluation & Management,5065
99214,Office/outpatient visit EST - extended,Evaluation & Management,5066
95117,Allergy injection,Procedure,5067
50360,Dialysis access procedure,Procedure,5068
90471,Immunization administration,Preventive,5069
54520,Orchiectomy,Surgery,5070
99213,Pediatric office visit,Evaluation & Management,5071
90471,Immunization administration,Preventive,5072
94010,Pulmonary function test,Diagnostic,5073
90471,Immunization administration,Preventive,5074
90471,Immunization administration,Preventive,5075
95810,Nerve conduction study,Diagnostic,5076
43239,EGD,Procedure,5077
20610,"Arthrocentesis, small joint",Procedure,5078
35301,Bypass graft,Surgery,5079
27447,Knee replacement,Surgery,5080
93306,Echocardiogram,Imaging,5081
99285,Emergency department visit - high severity,Emergency,5082
71020,Chest X-ray,Imaging,5083
52000,Cystoscopy,Procedure,5084
99213,Office/outpatient visit EST,Evaluation & Management,5085
80050,General health panel,Lab,5086
35301,Bypass graft,Surgery,5087
94010,Pulmonary function test,Diagnostic,5088
27447,Knee replacement,Surgery,5089
99213,Office visit,Evaluation & Management,5090
15734,Scar revision,Procedure,5091
15734,Scar revision,Procedure,5092
27447,Knee replacement,Surgery,5093
96372,Therapeutic injection,Procedure,5094
20610,"Arthrocentesis, small joint",Procedure,5095
90792,Rheumatology consult,Evaluation & Management,5096
90791,Psychiatric diagnostic eval,Evaluation & Management,5097
99285,Emergency department visit - high severity,Emergency,5098
93458,Cardiac cath,Procedure,5099
70450,CT Head without contrast,Imaging,5100
52000,Cystoscopy,Procedure,5101
96372,Therapeutic injection,Procedure,5102
54520,Removal of testis,Surgery,5103
92511,Speech audiometry,Diagnostic,5104
93306,Echocardiogram,Imaging,5105
90791,Psychiatric diagnostic eval,Evaluation & Management,5106
80050,General health panel,Lab,5107
95810,Nerve conduction study,Diagnostic,5108
76830,Pelvic ultrasound,Imaging,5109
52000,Cystoscopy,Procedure,5110
31500,Intubation,Procedure,5111
99214,Office visit extended,Evaluation & Management,5112
71020,Chest X-ray,Imaging,5113
95810,Nerve conduction study,Diagnostic,5114
90471,Immunization admin,Preventive,5115
87070,"Culture, bacterial",Lab,5116
12001,Simple repair of wound,Procedure,5117
99214,Office visit extended,Evaluation & Management,5118
12001,Repair superficial wound(s),Procedure,5119
90792,Rheumatology consult,Evaluation & Management,5120
80047,Renal panel,Lab,5121
92014,Ophthalmology exam,Evaluation & Management,5122
00520,Anesthesia for procedures,Procedure,5123
43239,EGD,Procedure,5124
27447,Knee replacement,Surgery,5125
49900,Repair of abdominal wall,Surgery,5126
80050,General health panel,Lab,5127
27447,Knee replacement,Surgery,5128
11102,Skin lesion excision,Procedure,5129
00520,Anesthesia for procedures,Procedure,5130
88305,Pathology tissue exam,Lab,5131
90471,Immunization administration,Preventive,5132
71020,Chest X-ray,Imaging,5133
88305,Pathology tissue exam,Lab,5134
A0425,Ambulance service,Procedure,5135
67028,Retinal surgery,Surgery,5136
35301,Rechanneling of artery,Surgery,5137
88305,Tissue exam by pathologist,Lab,5138
99213,Pediatric office visit,Evaluation & Management,5139
11721,Debridement nail,Procedure,5140
58150,Cesarean delivery,Surgery,5141
99213,Office/outpatient visit EST,Evaluation & Management,5142
54520,Orchiectomy,Surgery,5143
90471,Immunization administration,Preventive,5144
92014,Ophthalmology exam,Evaluation & Management,5145
12001,Simple repair of wound,Procedure,5146
95115,Allergy testing,Procedure,5147
99213,Office visit,Evaluation & Management,5148
99213,Office visit,Evaluation & Management,5149
90792,Rheumatology consult,Evaluation & Management,5150
95810,Nerve conduction study,Diagnostic,5151
35301,Rechanneling of artery,Surgery,5152
27447,Knee replacement,Surgery,5153
99213,Office/outpatient visit EST,Evaluation & Management,5154
92014,Eye exam & treatment,Evaluation & Management,5155
95117,Immunotherapy injections,Procedure,5156
43239,EGD,Procedure,5157
95816,EEG,Diagnostic,5158
12001,Simple repair of wound,Procedure,5159
70450,CT Head without contrast,Imaging,5160
99285,Emergency department visit - high severity,Emergency,5161
11721,Debridement nail,Procedure,5162
99213,Office/outpatient visit EST,Evaluation & Management,5163
54520,Orchiectomy,Surgery,5164
94010,Pulmonary function test,Diagnostic,5165
70450,CT Head without contrast,Imaging,5166
50360,Dialysis access procedure,Procedure,5167
67028,Retinal surgery,Surgery,5168
90792,Rheumatology consult,Evaluation & Management,5169
88305,Pathology tissue exam,Lab,5170
00520,Anesthesia for procedures,Procedure,5171
87070,"Culture, bacterial",Lab,5172
90791,Psychiatric diagnostic eval,Evaluation & Management,5173
35301,Rechanneling of artery,Surgery,5174
96413,Chemotherapy administration,Procedure,5175
80050,General health panel,Lab,5176
94010,Pulmonary function test,Diagnostic,5177
54520,Removal of testis,Surgery,5178
71020,Chest X-ray,Imaging,5179
80048,Thyroid panel,Lab,5180
94010,Pulmonary function test,Diagnostic,5181
99214,Office visit extended,Evaluation & Management,5182
54520,Removal of testis,Surgery,5183
31500,Intubation,Procedure,5184
99213,"Office/outpatient visit, est",Evaluation & Management,5185
99213,Office visit,Evaluation & Management,5186
35301,Rechanneling of artery,Surgery,5187
11721,Debridement nail,Procedure,5188
92014,Ophthalmology exam,Evaluation & Management,5189
A0425,Ambulance service,Procedure,5190
90471,Immunization administration,Preventive,5191
12001,Simple repair of wound,Procedure,5192
80050,General health panel,Lab,5193
95810,Nerve conduction study,Diagnostic,5194
54520,Orchiectomy,Surgery,5195
67028,Retinal surgery,Surgery,5196
80050,General health panel,Lab,5197
92511,Speech audiometry,Diagnostic,5198
90791,Psychiatric diagnostic eval,Evaluation & Management,5199
35301,Bypass graft,Surgery,5200
87070,"Culture, bacterial",Lab,5201
43239,EGD,Procedure,5202
49900,Appendectomy,Surgery,5203
99213,Office visit,Evaluation & Management,5204
43239,EGD,Procedure,5205
35301,Rechanneling of artery,Surgery,5206
90471,Immunization admin,Preventive,5207
35301,Bypass graft,Surgery,5208
31231,"Nasal endoscopy, dx",Procedure,5209
00520,Unknown Procedure,Procedure,5210
20610,"Arthrocentesis, small joint",Procedure,5211
15734,Scar revision,Procedure,5212
88305,Pathology tissue exam,Lab,5213
43239,EGD,Procedure,5214
90471,Immunization administration,Preventive,5215
27447,Knee replacement,Surgery,5216
93000,Electrocardiogram,Diagnostic,5217
00520,Unknown Procedure,Procedure,5218
15734,Scar revision,Procedure,5219
15734,Scar revision,Procedure,5220
43239,"Upper GI endoscopy, biopsy",Procedure,5221
96372,Therapeutic injection,Procedure,5222
95115,"Immunotherapy, one injection",Procedure,5223
88305,Tissue exam by pathologist,Lab,5224
95115,Allergy testing,Procedure,5225
88305,Pathology tissue exam,Lab,5226
71020,Chest X-ray,Imaging,5227
99214,"Office/outpatient visit, est",Evaluation & Management,5228
80050,General health panel,Lab,5229
99213,Office/outpatient visit EST,Evaluation & Management,5230
90791,Psychiatric diagnostic eval,Evaluation & Management,5231
96413,Chemotherapy administration,Procedure,5232
15734,Scar revision,Procedure,5233
31500,Intubation,Procedure,5234
58150,Cesarean delivery,Surgery,5235
50360,Dialysis access procedure,Procedure,5236
76830,Pelvic ultrasound,Imaging,5237
88305,Tissue exam by pathologist,Lab,5238
15734,Scar revision,Procedure,5239
90791,Psychiatric diagnostic eval,Evaluation & Management,5240
90792,Rheumatology consult,Evaluation & Management,5241
80048,Thyroid panel,Lab,5242
54520,Orchiectomy,Surgery,5243
92014,Ophthalmology exam,Evaluation & Management,5244
27447,Knee replacement,Surgery,5245
99285,Emergency department visit - high severity,Emergency,5246
99213,Pediatric office visit,Evaluation & Management,5247
99213,Office/outpatient visit EST,Evaluation & Management,5248
80050,General health panel,Lab,5249
80050,General health panel,Lab,5250
11102,Skin lesion excision,Procedure,5251
92014,Eye exam & treatment,Evaluation & Management,5252
17000,Destruction benign lesion,Procedure,5253
11721,Debridement nail,Procedure,5254
00520,Anesthesia for procedures,Procedure,5255
95816,EEG,Diagnostic,5256
11102,Skin lesion excision,Procedure,5257
50360,Dialysis access procedure,Procedure,5258
95117,Allergy injection,Procedure,5259
99214,Office visit extended,Evaluation & Management,5260
99213,Pediatric office visit,Evaluation & Management,5261
11721,Debridement nail,Procedure,5262
95810,Nerve conduction study,Diagnostic,5263
76830,Pelvic ultrasound,Imaging,5264
93000,Electrocardiogram,Diagnostic,5265
93458,Unknown Procedure,Procedure,5266
95115,Allergy testing,Procedure,5267
31500,Intubation,Procedure,5268
80050,General health panel,Lab,5269
87070,"Culture, bacterial",Lab,5270
93458,Cardiac cath,Procedure,5271
99214,Office visit extended,Evaluation & Management,5272
12001,Simple repair of wound,Procedure,5273
80050,General health panel,Lab,5274
70450,CT Head without contrast,Imaging,5275
94010,Pulmonary function test,Diagnostic,5276
54520,Orchiectomy,Surgery,5277
90791,Psychiatric diagnostic eval,Evaluation & Management,5278
92511,Speech audiometry,Diagnostic,5279
35301,Bypass graft,Surgery,5280
88305,Pathology tissue exam,Lab,5281
99213,Office/outpatient visit EST,Evaluation & Management,5282
00520,Anesthesia for procedures,Procedure,5283
70450,CT Head without contrast,Imaging,5284
27447,Knee replacement,Surgery,5285
88305,Tissue exam by pathologist,Lab,5286
99213,Office/outpatient visit EST,Evaluation & Management,5287
95115,Allergy testing,Procedure,5288
35301,Bypass graft,Surgery,5289
11721,Debridement nail,Procedure,5290
99213,Office/outpatient visit EST,Evaluation & Management,5291
80047,Renal panel,Lab,5292
88305,Pathology tissue exam,Lab,5293
71020,Chest X-ray,Imaging,5294
96413,Chemotherapy administration,Procedure,5295
95117,Allergy injection,Procedure,5296
93458,Cardiac cath,Procedure,5297
93306,Echocardiogram,Imaging,5298
99285,Emergency department visit - high severity,Emergency,5299
99213,"Office/outpatient visit, est",Evaluation & Management,5300
90792,Rheumatology consult,Evaluation & Management,5301
50360,Dialysis access procedure,Procedure,5302
52000,Cystoscopy,Procedure,5303
00520,Anesthesia for procedures,Procedure,5304
80047,Unknown Procedure,Lab,5305
99213,Office visit,Evaluation & Management,5306
31500,Intubation,Procedure,5307
99214,Office/outpatient visit EST - extended,Evaluation & Management,5308
80050,General health panel,Lab,5309
67028,Retinal surgery,Surgery,5310
87070,"Culture, bacterial",Lab,5311
94010,Pulmonary function test,Diagnostic,5312
99285,Emergency department visit - high severity,Emergency,5313
90792,Rheumatology consult,Evaluation & Management,5314
71020,Chest X-ray,Imaging,5315
50360,Dialysis access procedure,Procedure,5316
54520,Removal of testis,Surgery,5317
15734,Scar revision,Procedure,5318
87070,"Culture, bacterial",Lab,5319
95117,Allergy injection,Procedure,5320
17000,Destroy benign/premlg lesion,Procedure,5321
12001,Simple repair of wound,Procedure,5322
99213,Office visit,Evaluation & Management,5323
90791,Unknown Procedure,Evaluation & Management,5324
90792,Rheumatology consult,Evaluation & Management,5325
99213,Pediatric office visit,Evaluation & Management,5326
20610,"Arthrocentesis, small joint",Procedure,5327
99214,Office visit extended,Evaluation & Management,5328
88305,Pathology tissue exam,Lab,5329
99213,Office visit,Evaluation & Management,5330
00520,Anesthesia for procedures,Procedure,5331
96413,Chemotherapy administration,Procedure,5332
88305,Pathology tissue exam,Lab,5333
96413,Chemotherapy administration,Procedure,5334
99213,Office/outpatient visit EST,Evaluation & Management,5335
15734,Scar revision,Procedure,5336
00520,Anesthesia for procedures,Procedure,5337
94010,Pulmonary function test,Diagnostic,5338
99213,Pediatric office visit,Evaluation & Management,5339
50360,Dialysis access procedure,Procedure,5340
71020,Chest X-ray,Imaging,5341
67028,Injection eye drug,Surgery,5342
70450,CT Head without contrast,Imaging,5343
90791,Psychiatric diagnostic eval,Evaluation & Management,5344
67028,Retinal surgery,Surgery,5345
99213,"Office/outpatient visit, est",Evaluation & Management,5346
94010,Pulmonary function test,Diagnostic,5347
96413,Chemotherapy administration,Procedure,5348
15734,Scar revision,Procedure,5349
80048,Thyroid panel,Lab,5350
87070,"Culture, bacterial",Lab,5351
90791,Psychiatric diagnostic eval,Evaluation & Management,5352
20610,"Arthrocentesis, small joint",Procedure,5353
96372,Therapeutic injection,Procedure,5354
90791,Psychiatric diagnostic eval,Evaluation & Management,5355
93000,Electrocardiogram,Diagnostic,5356
11102,Skin lesion excision,Procedure,5357
80047,Renal panel,Lab,5358
76830,Pelvic ultrasound,Imaging,5359
88305,Pathology tissue exam,Lab,5360
93458,Cardiac cath,Procedure,5361
52000,Cystoscopy,Procedure,5362
95117,Allergy injection,Procedure,5363
88305,Pathology tissue exam,Lab,5364
88305,Pathology tissue exam,Lab,5365
58150,Cesarean delivery,Surgery,5366
49900,Appendectomy,Surgery,5367
15734,Scar revision,Procedure,5368
11721,Debridement nail,Procedure,5369
99214,Office visit extended,Evaluation & Management,5370
99213,Office/outpatient visit EST,Evaluation & Management,5371
35301,Bypass graft,Surgery,5372
90471,Immunization admin,Preventive,5373
93000,Electrocardiogram,Diagnostic,5374
95115,Allergy testing,Procedure,5375
A0425,Ambulance service,Procedure,5376
15734,Scar revision,Procedure,5377
95115,Allergy testing,Procedure,5378
15734,Scar revision,Procedure,5379
88305,Pathology tissue exam,Lab,5380
88305,Pathology tissue exam,Lab,5381
17000,Destruction benign lesion,Procedure,5382
99213,Office/outpatient visit EST,Evaluation & Management,5383
93458,Cardiac cath,Procedure,5384
27447,Knee replacement,Surgery,5385
93000,Electrocardiogram,Diagnostic,5386
11102,Unknown Procedure,Procedure,5387
20610,"Arthrocentesis, small joint",Procedure,5388
70450,CT Head without contrast,Imaging,5389
80047,Renal panel,Lab,5390
96372,Therapeutic injection,Procedure,5391
54520,Orchiectomy,Surgery,5392
76830,Pelvic ultrasound,Imaging,5393
99285,Emergency department visit - high severity,Emergency,5394
35301,Bypass graft,Surgery,5395
93458,Cardiac cath,Procedure,5396
88305,Pathology tissue exam,Lab,5397
95117,Allergy injection,Procedure,5398
76830,Pelvic ultrasound,Imaging,5399
90791,Unknown Procedure,Evaluation & Management,5400
71020,Chest X-ray,Imaging,5401
31500,Intubation,Procedure,5402
99213,Office/outpatient visit EST,Evaluation & Management,5403
80047,Renal panel,Lab,5404
99213,Pediatric office visit,Evaluation & Management,5405
99214,Office visit extended,Evaluation & Management,5406
96372,Therapeutic injection,Procedure,5407
70450,CT Head without contrast,Imaging,5408
95115,Allergy testing,Procedure,5409
50360,Dialysis access procedure,Procedure,5410
80050,General health panel,Lab,5411
90792,Rheumatology consult,Evaluation & Management,5412
15734,Scar revision,Procedure,5413
76830,Pelvic ultrasound,Imaging,5414
54520,Orchiectomy,Surgery,5415
00520,Anesthesia for procedures,Procedure,5416
90792,Unknown Procedure,Evaluation & Management,5417
11721,Debridement nail,Procedure,5418
76830,Pelvic ultrasound,Imaging,5419
93000,Electrocardiogram,Diagnostic,5420
90792,Rheumatology consult,Evaluation & Management,5421
88305,Pathology tissue exam,Lab,5422
87070,"Culture, bacterial",Lab,5423
76830,"Transvaginal us, non-ob",Imaging,5424
88305,Pathology tissue exam,Lab,5425
90792,Rheumatology consult,Evaluation & Management,5426
80047,Renal panel,Lab,5427
99285,Emergency department visit - high severity,Emergency,5428
17000,Destruction benign lesion,Procedure,5429
80050,General health panel,Lab,5430
95810,Nerve conduction study,Diagnostic,5431
20610,"Arthrocentesis, small joint",Procedure,5432
96413,Chemotherapy administration,Procedure,5433
11721,Debridement nail,Procedure,5434
88305,Pathology tissue exam,Lab,5435
50360,Transplantation of kidney,Procedure,5436
52000,Cystoscopy,Procedure,5437
54520,Orchiectomy,Surgery,5438
99214,Office visit extended,Evaluation & Management,5439
99213,Office visit,Evaluation & Management,5440
95115,Allergy testing,Procedure,5441
95117,Allergy injection,Procedure,5442
92511,Speech audiometry,Diagnostic,5443
95810,Nerve conduction study,Diagnostic,5444
11102,Skin lesion excision,Procedure,5445
80048,Thyroid panel,Lab,5446
95117,Allergy injection,Procedure,5447
70450,CT Head without contrast,Imaging,5448
92511,Speech audiometry,Diagnostic,5449
80050,General health panel,Lab,5450
71020,Chest x-ray,Imaging,5451
35301,Bypass graft,Surgery,5452
93000,Electrocardiogram,Diagnostic,5453
49900,Appendectomy,Surgery,5454
90792,Rheumatology consult,Evaluation & Management,5455
90471,Immunization administration,Preventive,5456
87070,"Culture, bacterial",Lab,5457
88305,Pathology tissue exam,Lab,5458
87070,"Culture, bacterial",Lab,5459
90471,Immunization admin,Preventive,5460
A0425,Ambulance service,Procedure,5461
27447,Total knee arthroplasty,Surgery,5462
52000,Cystoscopy,Procedure,5463
31500,Intubation,Procedure,5464
80047,Unknown Procedure,Lab,5465
90791,Psychiatric diagnostic eval,Evaluation & Management,5466
95810,Nerve conduction study,Diagnostic,5467
15734,Scar revision,Procedure,5468
80050,General health panel,Lab,5469
90792,Unknown Procedure,Evaluation & Management,5470
12001,Simple repair of wound,Procedure,5471
88305,Tissue exam by pathologist,Lab,5472
11721,Debridement nail,Procedure,5473
96413,Chemotherapy administration,Procedure,5474
99213,Office visit,Evaluation & Management,5475
95816,EEG,Diagnostic,5476
12001,Simple repair of wound,Procedure,5477
93000,Electrocardiogram,Diagnostic,5478
35301,Bypass graft,Surgery,5479
87070,"Culture, bacterial",Lab,5480
93000,"Electrocardiogram, complete",Diagnostic,5481
95816,"Eeg, awake and drowsy",Diagnostic,5482
20610,"Arthrocentesis, small joint",Procedure,5483
88305,Pathology tissue exam,Lab,5484
99213,Office/outpatient visit EST,Evaluation & Management,5485
67028,Retinal surgery,Surgery,5486
87070,"Culture, bacterial",Lab,5487
90792,Rheumatology consult,Evaluation & Management,5488
00520,Anesthesia for procedures,Procedure,5489
11721,Debridement nail,Procedure,5490
35301,Bypass graft,Surgery,5491
80047,Renal panel,Lab,5492
88305,Pathology tissue exam,Lab,5493
35301,Bypass graft,Surgery,5494
71020,Chest X-ray,Imaging,5495
15734,Scar revision,Procedure,5496
11102,Skin lesion excision,Procedure,5497
12001,Simple repair of wound,Procedure,5498
49900,Repair of abdominal wall,Surgery,5499
35301,Bypass graft,Surgery,5500
90792,Rheumatology consult,Evaluation & Management,5501
12001,Simple repair of wound,Procedure,5502
35301,Rechanneling of artery,Surgery,5503
00520,Anesthesia for procedures,Procedure,5504
92014,Ophthalmology exam,Evaluation & Management,5505
15734,Scar revision,Procedure,5506
11721,Debridement nail,Procedure,5507
99285,Emergency department visit - high severity,Emergency,5508
12001,Simple repair of wound,Procedure,5509
00520,Anesthesia for procedures,Procedure,5510
15734,"Muscle-skin graft, trunk",Procedure,5511
00520,Anesthesia for procedures,Procedure,5512
95115,Allergy testing,Procedure,5513
96372,Therapeutic injection,Procedure,5514
90792,Unknown Procedure,Evaluation & Management,5515
80050,General health panel,Lab,5516
99214,Office/outpatient visit EST - extended,Evaluation & Management,5517
99213,Office/outpatient visit EST,Evaluation & Management,5518
90792,Rheumatology consult,Evaluation & Management,5519
95810,Nerve conduction study,Diagnostic,5520
99213,Office/outpatient visit EST,Evaluation & Management,5521
70450,CT Head without contrast,Imaging,5522
11721,Debridement nail,Procedure,5523
95810,Nerve conduction study,Diagnostic,5524
20610,"Arthrocentesis, small joint",Procedure,5525
11721,Debridement nail,Procedure,5526
35301,Bypass graft,Surgery,5527
96372,Therapeutic injection,Procedure,5528
80047,Renal panel,Lab,5529
93000,Electrocardiogram,Diagnostic,5530
92511,Speech audiometry,Diagnostic,5531
49900,Appendectomy,Surgery,5532
35301,Bypass graft,Surgery,5533
88305,Pathology tissue exam,Lab,5534
11721,Debridement nail,Procedure,5535
80047,Renal panel,Lab,5536
31500,Intubation,Procedure,5537
15734,Scar revision,Procedure,5538
80050,General health panel,Lab,5539
67028,Injection eye drug,Surgery,5540
95810,Nerve conduction study,Diagnostic,5541
49900,Appendectomy,Surgery,5542
92511,Speech audiometry,Diagnostic,5543
27447,Knee replacement,Surgery,5544
95117,Allergy injection,Procedure,5545
70450,CT Head without contrast,Imaging,5546
99213,Office visit,Evaluation & Management,5547
93458,Cardiac cath,Procedure,5548
95117,Allergy injection,Procedure,5549
90471,Immunization administration,Preventive,5550
88305,Pathology tissue exam,Lab,5551
90791,Unknown Procedure,Evaluation & Management,5552
99213,Office/outpatient visit EST,Evaluation & Management,5553
12001,Simple repair of wound,Procedure,5554
00520,Anesthesia for procedures,Procedure,5555
15734,Scar revision,Procedure,5556
00520,Anesthesia for procedures,Procedure,5557
43239,EGD,Procedure,5558
31231,Nasal polypectomy,Procedure,5559
27447,Knee replacement,Surgery,5560
88305,Pathology tissue exam,Lab,5561
90471,Immunization administration,Preventive,5562
58150,Total hysterectomy,Surgery,5563
71020,Chest X-ray,Imaging,5564
54520,Orchiectomy,Surgery,5565
99214,Office visit extended,Evaluation & Management,5566
99285,Emergency department visit - high severity,Emergency,5567
88305,Pathology tissue exam,Lab,5568
00520,Anesthesia for procedures,Procedure,5569
00520,Anesthesia for procedures,Procedure,5570
94010,Pulmonary function test,Diagnostic,5571
00520,Unknown Procedure,Procedure,5572
95810,Nerve conduction study,Diagnostic,5573
76830,Pelvic ultrasound,Imaging,5574
90791,Psychiatric diagnostic eval,Evaluation & Management,5575
15734,Scar revision,Procedure,5576
11102,Skin lesion excision,Procedure,5577
76830,Pelvic ultrasound,Imaging,5578
99213,Office/outpatient visit EST,Evaluation & Management,5579
70450,CT Head without contrast,Imaging,5580
80047,Renal panel,Lab,5581
96413,Chemotherapy administration,Procedure,5582
71020,Chest X-ray,Imaging,5583
99214,Office/outpatient visit EST - extended,Evaluation & Management,5584
90791,Psychiatric diagnostic eval,Evaluation & Management,5585
A0425,Ambulance service,Procedure,5586
90791,Psychiatric diagnostic eval,Evaluation & Management,5587
15734,Scar revision,Procedure,5588
90792,Rheumatology consult,Evaluation & Management,5589
95115,Allergy testing,Procedure,5590
93306,Echocardiogram,Imaging,5591
80047,Renal panel,Lab,5592
90471,Immunization administration,Preventive,5593
11721,"Debride nail, 6 or more",Procedure,5594
80050,General health panel,Lab,5595
12001,Simple repair of wound,Procedure,5596
80048,Thyroid panel,Lab,5597
50360,Dialysis access procedure,Procedure,5598
11721,Debridement nail,Procedure,5599
90791,Psychiatric diagnostic eval,Evaluation & Management,5600
43239,EGD,Procedure,5601
35301,Rechanneling of artery,Surgery,5602
99214,Office visit extended,Evaluation & Management,5603
90471,Immunization administration,Preventive,5604
90792,Rheumatology consult,Evaluation & Management,5605
96413,Chemotherapy administration,Procedure,5606
93306,Unknown Procedure,Imaging,5607
99213,Office visit,Evaluation & Management,5608
71020,Chest X-ray,Imaging,5609
95117,Allergy injection,Procedure,5610
12001,Repair superficial wound(s),Procedure,5611
99285,Emergency department visit - high severity,Emergency,5612
95810,Nerve conduction study,Diagnostic,5613
93000,Electrocardiogram,Diagnostic,5614
43239,EGD,Procedure,5615
90791,Psychiatric diagnostic eval,Evaluation & Management,5616
50360,Dialysis access procedure,Procedure,5617
20610,"Arthrocentesis, small joint",Procedure,5618
49900,Appendectomy,Surgery,5619
11721,"Debride nail, 6 or more",Procedure,5620
67028,Retinal surgery,Surgery,5621
90791,Psychiatric diagnostic eval,Evaluation & Management,5622
80047,Renal panel,Lab,5623
95117,Allergy injection,Procedure,5624
50360,Transplantation of kidney,Procedure,5625
12001,Simple repair of wound,Procedure,5626
80048,Thyroid panel,Lab,5627
11721,Debridement nail,Procedure,5628
88305,Tissue exam by pathologist,Lab,5629
87070,"Culture, bacterial",Lab,5630
92014,Ophthalmology exam,Evaluation & Management,5631
90791,Psychiatric diagnostic eval,Evaluation & Management,5632
52000,Cystoscopy,Procedure,5633
95816,"Eeg, awake and drowsy",Diagnostic,5634
15734,"Muscle-skin graft, trunk",Procedure,5635
99213,Office/outpatient visit EST,Evaluation & Management,5636
87070,"Culture, bacterial",Lab,5637
95117,Allergy injection,Procedure,5638
90791,Unknown Procedure,Evaluation & Management,5639
11102,Skin lesion excision,Procedure,5640
80050,General health panel,Lab,5641
99213,Office visit,Evaluation & Management,5642
11721,Debridement nail,Procedure,5643
58150,Cesarean delivery,Surgery,5644
52000,Cystoscopy,Procedure,5645
31500,Intubation,Procedure,5646
11721,Debridement nail,Procedure,5647
76830,"Transvaginal us, non-ob",Imaging,5648
93000,Electrocardiogram,Diagnostic,5649
96372,Therapeutic injection,Procedure,5650
00520,Anesthesia for procedures,Procedure,5651
49900,Appendectomy,Surgery,5652
00520,Anesthesia for procedures,Procedure,5653
80048,Thyroid panel,Lab,5654
35301,Bypass graft,Surgery,5655
94010,Pulmonary function test,Diagnostic,5656
80047,Renal panel,Lab,5657
99214,Office/outpatient visit EST - extended,Evaluation & Management,5658
94010,Pulmonary function test,Diagnostic,5659
99285,Emergency department visit - high severity,Emergency,5660
90791,Psychiatric diagnostic eval,Evaluation & Management,5661
80050,General health panel,Lab,5662
96372,Therapeutic injection,Procedure,5663
99214,Office/outpatient visit EST - extended,Evaluation & Management,5664
95115,Allergy testing,Procedure,5665
92511,Speech audiometry,Diagnostic,5666
31500,Intubation,Procedure,5667
50360,Dialysis access procedure,Procedure,5668
20610,"Arthrocentesis, small joint",Procedure,5669
15734,Scar revision,Procedure,5670
58150,Cesarean delivery,Surgery,5671
67028,Retinal surgery,Surgery,5672
93000,Electrocardiogram,Diagnostic,5673
54520,Orchiectomy,Surgery,5674
99214,Office visit extended,Evaluation & Management,5675
80050,General health panel,Lab,5676
93306,Echocardiogram,Imaging,5677
43239,EGD,Procedure,5678
15734,Scar revision,Procedure,5679
71020,Chest X-ray,Imaging,5680
20610,"Arthrocentesis, small joint",Procedure,5681
A0425,Ambulance service,Procedure,5682
80048,Thyroid panel,Lab,5683
27447,Knee replacement,Surgery,5684
58150,Cesarean delivery,Surgery,5685
95115,"Immunotherapy, one injection",Procedure,5686
95816,"Eeg, awake and drowsy",Diagnostic,5687
00520,Anesthesia for procedures,Procedure,5688
35301,Bypass graft,Surgery,5689
93458,Cardiac cath,Procedure,5690
88305,Pathology tissue exam,Lab,5691
15734,"Muscle-skin graft, trunk",Procedure,5692
A0425,Ambulance service,Procedure,5693
92014,Ophthalmology exam,Evaluation & Management,5694
50360,Dialysis access procedure,Procedure,5695
99213,Office/outpatient visit EST,Evaluation & Management,5696
99213,Office visit,Evaluation & Management,5697
90471,Immunization administration,Preventive,5698
94010,Pulmonary function test,Diagnostic,5699
35301,Rechanneling of artery,Surgery,5700
88305,Pathology tissue exam,Lab,5701
95816,"Eeg, awake and drowsy",Diagnostic,5702
50360,Transplantation of kidney,Procedure,5703
88305,Pathology tissue exam,Lab,5704
71020,Chest X-ray,Imaging,5705
90471,Immunization administration,Preventive,5706
90471,Immunization administration,Preventive,5707
43239,EGD,Procedure,5708
99214,"Office/outpatient visit, est",Evaluation & Management,5709
17000,Destruction benign lesion,Procedure,5710
80047,Renal panel,Lab,5711
90471,Immunization administration,Preventive,5712
00520,Anesthesia for procedures,Procedure,5713
96413,Chemotherapy administration,Procedure,5714
93458,Unknown Procedure,Procedure,5715
11721,Debridement nail,Procedure,5716
80050,General health panel,Lab,5717
88305,Pathology tissue exam,Lab,5718
95117,Immunotherapy injections,Procedure,5719
87070,"Culture, bacteria, other",Lab,5720
88305,Pathology tissue exam,Lab,5721
27447,Total knee arthroplasty,Surgery,5722
11102,Unknown Procedure,Procedure,5723
20610,"Arthrocentesis, small joint",Procedure,5724
96413,Chemotherapy administration,Procedure,5725
00520,Anesthesia for procedures,Procedure,5726
76830,Pelvic ultrasound,Imaging,5727
31500,Intubation,Procedure,5728
71020,Chest X-ray,Imaging,5729
99214,Office/outpatient visit EST - extended,Evaluation & Management,5730
12001,Simple repair of wound,Procedure,5731
71020,Chest X-ray,Imaging,5732
96372,Therapeutic injection,Procedure,5733
70450,CT Head without contrast,Imaging,5734
80048,Thyroid panel,Lab,5735
20610,"Arthrocentesis, small joint",Procedure,5736
99285,Emergency department visit - high severity,Emergency,5737
90792,Rheumatology consult,Evaluation & Management,5738
95117,Allergy injection,Procedure,5739
11721,Debridement nail,Procedure,5740
99214,Office/outpatient visit EST - extended,Evaluation & Management,5741
90791,Psychiatric diagnostic eval,Evaluation & Management,5742
95810,Nerve conduction study,Diagnostic,5743
31231,Nasal polypectomy,Procedure,5744
11102,Skin lesion excision,Procedure,5745
99214,"Office/outpatient visit, est",Evaluation & Management,5746
58150,Cesarean delivery,Surgery,5747
35301,Bypass graft,Surgery,5748
95816,EEG,Diagnostic,5749
92014,Ophthalmology exam,Evaluation & Management,5750
50360,Transplantation of kidney,Procedure,5751
99213,Office/outpatient visit EST,Evaluation & Management,5752
11721,Debridement nail,Procedure,5753
00520,Anesthesia for procedures,Procedure,5754
93306,Unknown Procedure,Imaging,5755
99213,Office/outpatient visit EST,Evaluation & Management,5756
80047,Renal panel,Lab,5757
76830,Pelvic ultrasound,Imaging,5758
90471,Immunization administration,Preventive,5759
54520,Removal of testis,Surgery,5760
88305,Tissue exam by pathologist,Lab,5761
80050,General health panel,Lab,5762
31500,Intubation,Procedure,5763
11721,Debridement nail,Procedure,5764
99213,Office/outpatient visit EST,Evaluation & Management,5765
95115,Allergy testing,Procedure,5766
93000,Electrocardiogram,Diagnostic,5767
76830,Pelvic ultrasound,Imaging,5768
20610,"Arthrocentesis, small joint",Procedure,5769
35301,Bypass graft,Surgery,5770
71020,Chest X-ray,Imaging,5771
95810,Nerve conduction study,Diagnostic,5772
99213,Office/outpatient visit EST,Evaluation & Management,5773
90471,Immunization administration,Preventive,5774
43239,EGD,Procedure,5775
96372,Unknown Procedure,Procedure,5776
95115,Allergy testing,Procedure,5777
93306,Echocardiogram,Imaging,5778
11721,Debridement nail,Procedure,5779
96413,Unknown Procedure,Procedure,5780
20610,"Arthrocentesis, small joint",Procedure,5781
92511,Speech audiometry,Diagnostic,5782
70450,CT Head without contrast,Imaging,5783
12001,Simple repair of wound,Procedure,5784
31231,Nasal polypectomy,Procedure,5785
31231,Nasal polypectomy,Procedure,5786
71020,Chest X-ray,Imaging,5787
49900,Appendectomy,Surgery,5788
95115,Allergy testing,Procedure,5789
80047,Renal panel,Lab,5790
00520,Anesthesia for procedures,Procedure,5791
58150,Cesarean delivery,Surgery,5792
15734,Scar revision,Procedure,5793
90792,Unknown Procedure,Evaluation & Management,5794
12001,Simple repair of wound,Procedure,5795
99213,Office/outpatient visit EST,Evaluation & Management,5796
80050,General health panel,Lab,5797
49900,Appendectomy,Surgery,5798
00520,Anesthesia for procedures,Procedure,5799
99213,Pediatric office visit,Evaluation & Management,5800
12001,Simple repair of wound,Procedure,5801
71020,Chest X-ray,Imaging,5802
90791,Psychiatric diagnostic eval,Evaluation & Management,5803
49900,Appendectomy,Surgery,5804
11721,Debridement nail,Procedure,5805
17000,Destruction benign lesion,Procedure,5806
95810,Nerve conduction study,Diagnostic,5807
90471,Immunization administration,Preventive,5808
99213,"Office/outpatient visit, est",Evaluation & Management,5809
90792,Rheumatology consult,Evaluation & Management,5810
12001,Simple repair of wound,Procedure,5811
43239,"Upper GI endoscopy, biopsy",Procedure,5812
99213,Office/outpatient visit EST,Evaluation & Management,5813
92014,Ophthalmology exam,Evaluation & Management,5814
90791,Psychiatric diagnostic eval,Evaluation & Management,5815
35301,Bypass graft,Surgery,5816
A0425,Ambulance service,Procedure,5817
99214,Office/outpatient visit EST - extended,Evaluation & Management,5818
95115,Allergy testing,Procedure,5819
96413,Chemotherapy administration,Procedure,5820
15734,Scar revision,Procedure,5821
90471,Immunization administration,Preventive,5822
87070,"Culture, bacterial",Lab,5823
90791,Psychiatric diagnostic eval,Evaluation & Management,5824
A0425,Ambulance service,Procedure,5825
17000,Destruction benign lesion,Procedure,5826
11102,Skin lesion excision,Procedure,5827
76830,Pelvic ultrasound,Imaging,5828
93458,Cardiac cath,Procedure,5829
88305,Pathology tissue exam,Lab,5830
99214,Office/outpatient visit EST - extended,Evaluation & Management,5831
80047,Renal panel,Lab,5832
88305,Pathology tissue exam,Lab,5833
00520,Anesthesia for procedures,Procedure,5834
50360,Dialysis access procedure,Procedure,5835
49900,Repair of abdominal wall,Surgery,5836
58150,Cesarean delivery,Surgery,5837
90471,Immunization administration,Preventive,5838
71020,Chest X-ray,Imaging,5839
99285,Emergency department visit - high severity,Emergency,5840
80048,Thyroid panel,Lab,5841
35301,Bypass graft,Surgery,5842
A0425,Ambulance service,Procedure,5843
58150,Cesarean delivery,Surgery,5844
31500,Intubation,Procedure,5845
88305,Pathology tissue exam,Lab,5846
11721,Debridement nail,Procedure,5847
15734,Scar revision,Procedure,5848
58150,Total hysterectomy,Surgery,5849
90792,Rheumatology consult,Evaluation & Management,5850
95115,Allergy testing,Procedure,5851
99213,Office visit,Evaluation & Management,5852
90792,Unknown Procedure,Evaluation & Management,5853
15734,Scar revision,Procedure,5854
43239,"Upper GI endoscopy, biopsy",Procedure,5855
99213,Office visit,Evaluation & Management,5856
71020,Chest X-ray,Imaging,5857
93306,Echocardiogram,Imaging,5858
71020,Chest X-ray,Imaging,5859
95117,Allergy injection,Procedure,5860
99213,Office/outpatient visit EST,Evaluation & Management,5861
99213,"Office/outpatient visit, est",Evaluation & Management,5862
99285,Emergency department visit - high severity,Emergency,5863
80050,General health panel,Lab,5864
92014,Ophthalmology exam,Evaluation & Management,5865
70450,CT Head without contrast,Imaging,5866
35301,Bypass graft,Surgery,5867
31231,Nasal polypectomy,Procedure,5868
99213,Office/outpatient visit EST,Evaluation & Management,5869
76830,Pelvic ultrasound,Imaging,5870
80048,Thyroid panel,Lab,5871
11721,Debridement nail,Procedure,5872
90792,Unknown Procedure,Evaluation & Management,5873
90471,Immunization administration,Preventive,5874
93458,Cardiac cath,Procedure,5875
88305,Pathology tissue exam,Lab,5876
31500,Intubation,Procedure,5877
35301,Bypass graft,Surgery,5878
88305,Pathology tissue exam,Lab,5879
99213,Office/outpatient visit EST,Evaluation & Management,5880
70450,CT Head without contrast,Imaging,5881
35301,Bypass graft,Surgery,5882
99285,Emergency department visit - high severity,Emergency,5883
90471,Immunization administration,Preventive,5884
A0425,Ambulance service,Procedure,5885
90792,Unknown Procedure,Evaluation & Management,5886
27447,Knee replacement,Surgery,5887
90792,Rheumatology consult,Evaluation & Management,5888
96413,Chemotherapy administration,Procedure,5889
15734,"Muscle-skin graft, trunk",Procedure,5890
92511,Speech audiometry,Diagnostic,5891
35301,Bypass graft,Surgery,5892
35301,Bypass graft,Surgery,5893
80047,Renal panel,Lab,5894
80048,Basic metabolic panel,Lab,5895
71020,Chest X-ray,Imaging,5896
00520,Unknown Procedure,Procedure,5897
93458,Cardiac cath,Procedure,5898
95115,Allergy testing,Procedure,5899
70450,Ct head/brain w/o dye,Imaging,5900
90471,Immunization administration,Preventive,5901
88305,Tissue exam by pathologist,Lab,5902
93000,Electrocardiogram,Diagnostic,5903
99213,Office/outpatient visit EST,Evaluation & Management,5904
88305,Pathology tissue exam,Lab,5905
99214,Office visit extended,Evaluation & Management,5906
31500,Intubation,Procedure,5907
80047,Renal panel,Lab,5908
15734,Scar revision,Procedure,5909
17000,Destruction benign lesion,Procedure,5910
A0425,Ambulance service,Procedure,5911
67028,Injection eye drug,Surgery,5912
71020,Chest X-ray,Imaging,5913
50360,Dialysis access procedure,Procedure,5914
12001,Simple repair of wound,Procedure,5915
67028,Retinal surgery,Surgery,5916
96372,Therapeutic injection,Procedure,5917
15734,Scar revision,Procedure,5918
99214,Office/outpatient visit EST - extended,Evaluation & Management,5919
20610,"Arthrocentesis, small joint",Procedure,5920
99213,Office/outpatient visit EST,Evaluation & Management,5921
99214,"Office/outpatient visit, est",Evaluation & Management,5922
92511,Speech audiometry,Diagnostic,5923
88305,Pathology tissue exam,Lab,5924
94010,Pulmonary function test,Diagnostic,5925
87070,"Culture, bacterial",Lab,5926
90791,Psychiatric diagnostic eval,Evaluation & Management,5927
50360,Dialysis access procedure,Procedure,5928
27447,Knee replacement,Surgery,5929
95810,"Polysomnography, 4 or more",Diagnostic,5930
99214,Office visit extended,Evaluation & Management,5931
87070,"Culture, bacterial",Lab,5932
71020,Chest X-ray,Imaging,5933
80047,Renal panel,Lab,5934
99214,Office visit extended,Evaluation & Management,5935
20610,"Arthrocentesis, small joint",Procedure,5936
71020,Chest X-ray,Imaging,5937
15734,Scar revision,Procedure,5938
20610,"Arthrocentesis, small joint",Procedure,5939
80050,General health panel,Lab,5940
88305,Pathology tissue exam,Lab,5941
88305,Pathology tissue exam,Lab,5942
93306,Echocardiogram,Imaging,5943
95115,Allergy testing,Procedure,5944
31231,"Nasal endoscopy, dx",Procedure,5945
90471,Immunization administration,Preventive,5946
95115,"Immunotherapy, one injection",Procedure,5947
99214,Office visit extended,Evaluation & Management,5948
31500,Intubation,Procedure,5949
00520,Anesthesia for procedures,Procedure,5950
93306,Echocardiogram,Imaging,5951
15734,Scar revision,Procedure,5952
27447,Knee replacement,Surgery,5953
20610,"Drain/inject, joint/bursa",Procedure,5954
90791,Psychiatric diagnostic eval,Evaluation & Management,5955
99214,Office/outpatient visit EST - extended,Evaluation & Management,5956
88305,Pathology tissue exam,Lab,5957
80050,General health panel,Lab,5958
76830,Pelvic ultrasound,Imaging,5959
95117,Allergy injection,Procedure,5960
00520,Unknown Procedure,Procedure,5961
70450,CT Head without contrast,Imaging,5962
99214,Office/outpatient visit EST - extended,Evaluation & Management,5963
58150,Cesarean delivery,Surgery,5964
99214,Office visit extended,Evaluation & Management,5965
90792,Rheumatology consult,Evaluation & Management,5966
93458,Cardiac cath,Procedure,5967
90792,Rheumatology consult,Evaluation & Management,5968
88305,Pathology tissue exam,Lab,5969
52000,Cystoscopy,Procedure,5970
95810,Nerve conduction study,Diagnostic,5971
90471,Immunization admin,Preventive,5972
27447,Knee replacement,Surgery,5973
80047,Renal panel,Lab,5974
90471,Immunization administration,Preventive,5975
99214,Office visit extended,Evaluation & Management,5976
90471,Immunization administration,Preventive,5977
99214,Office visit extended,Evaluation & Management,5978
67028,Retinal surgery,Surgery,5979
92014,Ophthalmology exam,Evaluation & Management,5980
87070,"Culture, bacterial",Lab,5981
92511,Speech audiometry,Diagnostic,5982
49900,Appendectomy,Surgery,5983
00520,Anesthesia for procedures,Procedure,5984
35301,Bypass graft,Surgery,5985
67028,Retinal surgery,Surgery,5986
31231,"Nasal endoscopy, dx",Procedure,5987
90471,Immunization administration,Preventive,5988
95115,Allergy testing,Procedure,5989
80050,General health panel,Lab,5990
99213,"Office/outpatient visit, est",Evaluation & Management,5991
87070,"Culture, bacterial",Lab,5992
11721,Debridement nail,Procedure,5993
52000,Cystoscopy,Procedure,5994
50360,Dialysis access procedure,Procedure,5995
70450,CT Head without contrast,Imaging,5996
99213,Office visit,Evaluation & Management,5997
96413,Chemotherapy administration,Procedure,5998
99213,Office visit,Evaluation & Management,5999
99214,Office/outpatient visit EST - extended,Evaluation & Management,6000
17000,Destruction benign lesion,Procedure,6001
94010,Breathing capacity test,Diagnostic,6002
35301,Bypass graft,Surgery,6003
90792,Rheumatology consult,Evaluation & Management,6004
11721,"Debride nail, 6 or more",Procedure,6005
90471,Immunization administration,Preventive,6006
96372,Therapeutic injection,Procedure,6007
71020,Chest X-ray,Imaging,6008
95810,Nerve conduction study,Diagnostic,6009
70450,CT Head without contrast,Imaging,6010
12001,Simple repair of wound,Procedure,6011
90471,Immunization administration,Preventive,6012
96372,Unknown Procedure,Procedure,6013
88305,Pathology tissue exam,Lab,6014
35301,Bypass graft,Surgery,6015
90471,Immunization admin,Preventive,6016
54520,Orchiectomy,Surgery,6017
90471,Immunization administration,Preventive,6018
43239,EGD,Procedure,6019
93000,Electrocardiogram,Diagnostic,6020
90791,Psychiatric diagnostic eval,Evaluation & Management,6021
99285,Emergency department visit - high severity,Emergency,6022
90791,Psychiatric diagnostic eval,Evaluation & Management,6023
80047,Renal panel,Lab,6024
88305,Pathology tissue exam,Lab,6025
99213,Office/outpatient visit EST,Evaluation & Management,6026
35301,Bypass graft,Surgery,6027
95115,"Immunotherapy, one injection",Procedure,6028
A0425,Ambulance service,Procedure,6029
31231,Nasal polypectomy,Procedure,6030
49900,Appendectomy,Surgery,6031
88305,Pathology tissue exam,Lab,6032
93306,Echocardiogram,Imaging,6033
99285,Emergency dept visit,Emergency,6034
35301,Bypass graft,Surgery,6035
88305,Pathology tissue exam,Lab,6036
54520,Orchiectomy,Surgery,6037
80048,Thyroid panel,Lab,6038
88305,Pathology tissue exam,Lab,6039
87070,"Culture, bacterial",Lab,6040
99213,Office visit,Evaluation & Management,6041
95810,"Polysomnography, 4 or more",Diagnostic,6042
31500,Intubation,Procedure,6043
00520,Anesthesia for procedures,Procedure,6044
54520,Orchiectomy,Surgery,6045
27447,Knee replacement,Surgery,6046
95816,EEG,Diagnostic,6047
00520,Unknown Procedure,Procedure,6048
76830,Pelvic ultrasound,Imaging,6049
90791,Psychiatric diagnostic eval,Evaluation & Management,6050
99214,Office/outpatient visit EST - extended,Evaluation & Management,6051
67028,Retinal surgery,Surgery,6052
71020,Chest X-ray,Imaging,6053
99285,Emergency department visit - high severity,Emergency,6054
00520,Unknown Procedure,Procedure,6055
27447,Total knee arthroplasty,Surgery,6056
80050,General health panel,Lab,6057
80050,General health panel,Lab,6058
76830,Pelvic ultrasound,Imaging,6059
99214,Office visit extended,Evaluation & Management,6060
31231,Nasal polypectomy,Procedure,6061
87070,"Culture, bacterial",Lab,6062
67028,Retinal surgery,Surgery,6063
80050,General health panel,Lab,6064
99213,Office/outpatient visit EST,Evaluation & Management,6065
35301,Bypass graft,Surgery,6066
99213,Office/outpatient visit EST,Evaluation & Management,6067
93306,Echocardiogram,Imaging,6068
49900,Appendectomy,Surgery,6069
99213,Office visit,Evaluation & Management,6070
90792,Rheumatology consult,Evaluation & Management,6071
99214,"Office/outpatient visit, est",Evaluation & Management,6072
95115,"Immunotherapy, one injection",Procedure,6073
15734,Scar revision,Procedure,6074
11721,Debridement nail,Procedure,6075
11721,Debridement nail,Procedure,6076
99213,Office/outpatient visit EST,Evaluation & Management,6077
31231,Nasal polypectomy,Procedure,6078
43239,"Upper GI endoscopy, biopsy",Procedure,6079
67028,Retinal surgery,Surgery,6080
90792,Rheumatology consult,Evaluation & Management,6081
31231,"Nasal endoscopy, dx",Procedure,6082
93306,Echocardiogram,Imaging,6083
95115,"Immunotherapy, one injection",Procedure,6084
76830,"Transvaginal us, non-ob",Imaging,6085
99213,Office visit,Evaluation & Management,6086
70450,CT Head without contrast,Imaging,6087
52000,Cystoscopy,Procedure,6088
90792,Rheumatology consult,Evaluation & Management,6089
31231,Nasal polypectomy,Procedure,6090
A0425,Unknown Procedure,Procedure,6091
35301,Rechanneling of artery,Surgery,6092
80050,General health panel,Lab,6093
12001,Simple repair of wound,Procedure,6094
88305,Pathology tissue exam,Lab,6095
15734,Scar revision,Procedure,6096
93458,Unknown Procedure,Procedure,6097
93458,Cardiac cath,Procedure,6098
92014,Ophthalmology exam,Evaluation & Management,6099
88305,Pathology tissue exam,Lab,6100
90791,Psychiatric diagnostic eval,Evaluation & Management,6101
27447,Knee replacement,Surgery,6102
88305,Pathology tissue exam,Lab,6103
99213,Office/outpatient visit EST,Evaluation & Management,6104
76830,Pelvic ultrasound,Imaging,6105
11102,Skin lesion excision,Procedure,6106
54520,Orchiectomy,Surgery,6107
90471,Immunization administration,Preventive,6108
80050,General health panel,Lab,6109
35301,Bypass graft,Surgery,6110
90792,Unknown Procedure,Evaluation & Management,6111
93458,Cardiac cath,Procedure,6112
95117,Allergy injection,Procedure,6113
35301,Bypass graft,Surgery,6114
80048,Thyroid panel,Lab,6115
88305,Pathology tissue exam,Lab,6116
50360,Dialysis access procedure,Procedure,6117
99214,Office visit extended,Evaluation & Management,6118
90471,Immunization administration,Preventive,6119
50360,Transplantation of kidney,Procedure,6120
95810,"Polysomnography, 4 or more",Diagnostic,6121
93458,Cardiac cath,Procedure,6122
90471,Immunization administration,Preventive,6123
00520,Anesthesia for procedures,Procedure,6124
80048,Basic metabolic panel,Lab,6125
99213,Pediatric office visit,Evaluation & Management,6126
90792,Rheumatology consult,Evaluation & Management,6127
15734,"Muscle-skin graft, trunk",Procedure,6128
87070,"Culture, bacterial",Lab,6129
99214,"Office/outpatient visit, est",Evaluation & Management,6130
67028,Retinal surgery,Surgery,6131
99213,Office/outpatient visit EST,Evaluation & Management,6132
99285,Emergency department visit - high severity,Emergency,6133
92014,Ophthalmology exam,Evaluation & Management,6134
00520,Anesthesia for procedures,Procedure,6135
99213,Office/outpatient visit EST,Evaluation & Management,6136
99213,Office/outpatient visit EST,Evaluation & Management,6137
88305,Pathology tissue exam,Lab,6138
88305,Pathology tissue exam,Lab,6139
31231,Nasal polypectomy,Procedure,6140
95810,Nerve conduction study,Diagnostic,6141
92014,Ophthalmology exam,Evaluation & Management,6142
88305,Tissue exam by pathologist,Lab,6143
90471,Immunization administration,Preventive,6144
27447,Knee replacement,Surgery,6145
92014,Ophthalmology exam,Evaluation & Management,6146
31500,Intubation,Procedure,6147
71020,Chest X-ray,Imaging,6148
80050,General health panel,Lab,6149
27447,Knee replacement,Surgery,6150
71020,Chest X-ray,Imaging,6151
93458,Cardiac cath,Procedure,6152
92511,Speech audiometry,Diagnostic,6153
92014,Ophthalmology exam,Evaluation & Management,6154
00520,Anesthesia for procedures,Procedure,6155
71020,Chest x-ray,Imaging,6156
17000,Destruction benign lesion,Procedure,6157
67028,Injection eye drug,Surgery,6158
52000,Cystoscopy,Procedure,6159
00520,Anesthesia for procedures,Procedure,6160
90471,Immunization administration,Preventive,6161
80050,General health panel,Lab,6162
95117,Allergy injection,Procedure,6163
15734,Scar revision,Procedure,6164
99213,Office/outpatient visit EST,Evaluation & Management,6165
94010,Pulmonary function test,Diagnostic,6166
95117,Allergy injection,Procedure,6167
43239,EGD,Procedure,6168
00520,Anesthesia for procedures,Procedure,6169
71020,Chest X-ray,Imaging,6170
90792,Rheumatology consult,Evaluation & Management,6171
52000,Cystoscopy,Procedure,6172
35301,Bypass graft,Surgery,6173
67028,Retinal surgery,Surgery,6174
96413,Chemotherapy administration,Procedure,6175
11102,Skin lesion excision,Procedure,6176
93306,Echocardiogram,Imaging,6177
92014,Ophthalmology exam,Evaluation & Management,6178
99213,Office/outpatient visit EST,Evaluation & Management,6179
99213,Office/outpatient visit EST,Evaluation & Management,6180
88305,Tissue exam by pathologist,Lab,6181
71020,Chest X-ray,Imaging,6182
99214,Office visit extended,Evaluation & Management,6183
96372,Therapeutic injection,Procedure,6184
80047,Renal panel,Lab,6185
11102,Skin lesion excision,Procedure,6186
88305,Pathology tissue exam,Lab,6187
12001,Simple repair of wound,Procedure,6188
11721,Debridement nail,Procedure,6189
99285,Emergency department visit - high severity,Emergency,6190
93306,Echocardiogram,Imaging,6191
80048,Thyroid panel,Lab,6192
27447,Knee replacement,Surgery,6193
87070,"Culture, bacterial",Lab,6194
50360,Transplantation of kidney,Procedure,6195
99214,Office visit extended,Evaluation & Management,6196
49900,Appendectomy,Surgery,6197
96372,Therapeutic injection,Procedure,6198
88305,Pathology tissue exam,Lab,6199
88305,Pathology tissue exam,Lab,6200
90791,Psychiatric diagnostic eval,Evaluation & Management,6201
95810,Nerve conduction study,Diagnostic,6202
80047,Renal panel,Lab,6203
31231,Nasal polypectomy,Procedure,6204
92511,Speech audiometry,Diagnostic,6205
88305,Pathology tissue exam,Lab,6206
92014,Ophthalmology exam,Evaluation & Management,6207
92014,Ophthalmology exam,Evaluation & Management,6208
92511,Nasopharyngoscopy,Diagnostic,6209
76830,Pelvic ultrasound,Imaging,6210
99213,"Office/outpatient visit, est",Evaluation & Management,6211
93458,Cardiac cath,Procedure,6212
11721,Debridement nail,Procedure,6213
96413,Chemotherapy administration,Procedure,6214
70450,CT Head without contrast,Imaging,6215
54520,Orchiectomy,Surgery,6216
71020,Chest X-ray,Imaging,6217
99213,Office/outpatient visit EST,Evaluation & Management,6218
92511,Speech audiometry,Diagnostic,6219
80050,General health panel,Lab,6220
54520,Orchiectomy,Surgery,6221
50360,Dialysis access procedure,Procedure,6222
80047,Renal panel,Lab,6223
43239,EGD,Procedure,6224
31500,Intubation,Procedure,6225
11721,"Debride nail, 6 or more",Procedure,6226
99214,Office/outpatient visit EST - extended,Evaluation & Management,6227
11102,Skin lesion excision,Procedure,6228
90792,Rheumatology consult,Evaluation & Management,6229
67028,Retinal surgery,Surgery,6230
11721,Debridement nail,Procedure,6231
96372,Therapeutic injection,Procedure,6232
99213,Office/outpatient visit EST,Evaluation & Management,6233
92014,Ophthalmology exam,Evaluation & Management,6234
95115,Allergy testing,Procedure,6235
67028,Injection eye drug,Surgery,6236
70450,CT Head without contrast,Imaging,6237
90471,Immunization administration,Preventive,6238
99214,Office visit extended,Evaluation & Management,6239
35301,Bypass graft,Surgery,6240
54520,Orchiectomy,Surgery,6241
76830,Pelvic ultrasound,Imaging,6242
52000,Cystoscopy,Procedure,6243
20610,"Arthrocentesis, small joint",Procedure,6244
80047,Renal panel,Lab,6245
20610,"Drain/inject, joint/bursa",Procedure,6246
99213,Office/outpatient visit EST,Evaluation & Management,6247
99214,Office visit extended,Evaluation & Management,6248
94010,Pulmonary function test,Diagnostic,6249
90471,Immunization administration,Preventive,6250
80050,General health panel,Lab,6251
99214,Office visit extended,Evaluation & Management,6252
31500,Intubation,Procedure,6253
80047,Renal panel,Lab,6254
88305,Pathology tissue exam,Lab,6255
71020,Chest X-ray,Imaging,6256
99213,Office/outpatient visit EST,Evaluation & Management,6257
35301,Rechanneling of artery,Surgery,6258
88305,Pathology tissue exam,Lab,6259
96372,Therapeutic injection,Procedure,6260
99213,Pediatric office visit,Evaluation & Management,6261
80048,Thyroid panel,Lab,6262
71020,Chest x-ray,Imaging,6263
95816,EEG,Diagnostic,6264
31231,Nasal polypectomy,Procedure,6265
88305,Pathology tissue exam,Lab,6266
11721,"Debride nail, 6 or more",Procedure,6267
35301,Bypass graft,Surgery,6268
80050,General health panel,Lab,6269
99214,"Office/outpatient visit, est",Evaluation & Management,6270
00520,Anesthesia for procedures,Procedure,6271
96372,Therapeutic injection,Procedure,6272
96372,Therapeutic injection,Procedure,6273
70450,Ct head/brain w/o dye,Imaging,6274
11102,Unknown Procedure,Procedure,6275
99214,Office/outpatient visit EST - extended,Evaluation & Management,6276
96413,Chemotherapy administration,Procedure,6277
99213,Office visit,Evaluation & Management,6278
99213,Office/outpatient visit EST,Evaluation & Management,6279
15734,"Muscle-skin graft, trunk",Procedure,6280
92511,Speech audiometry,Diagnostic,6281
80048,Thyroid panel,Lab,6282
90792,Rheumatology consult,Evaluation & Management,6283
96372,Unknown Procedure,Procedure,6284
90792,Rheumatology consult,Evaluation & Management,6285
80050,General health panel,Lab,6286
15734,Scar revision,Procedure,6287
11721,Debridement nail,Procedure,6288
A0425,Ambulance service,Procedure,6289
99213,Office visit,Evaluation & Management,6290
70450,CT Head without contrast,Imaging,6291
35301,Bypass graft,Surgery,6292
90791,Psychiatric diagnostic eval,Evaluation & Management,6293
49900,Appendectomy,Surgery,6294
99213,Office visit,Evaluation & Management,6295
70450,CT Head without contrast,Imaging,6296
67028,Retinal surgery,Surgery,6297
35301,Bypass graft,Surgery,6298
12001,Simple repair of wound,Procedure,6299
95810,Nerve conduction study,Diagnostic,6300
92014,Ophthalmology exam,Evaluation & Management,6301
96372,Therapeutic injection,Procedure,6302
88305,Pathology tissue exam,Lab,6303
71020,Chest X-ray,Imaging,6304
11102,Skin lesion excision,Procedure,6305
27447,Total knee arthroplasty,Surgery,6306
11721,Debridement nail,Procedure,6307
35301,Bypass graft,Surgery,6308
71020,Chest X-ray,Imaging,6309
90471,Immunization administration,Preventive,6310
52000,Cystoscopy,Procedure,6311
43239,EGD,Procedure,6312
92511,Speech audiometry,Diagnostic,6313
31231,Nasal polypectomy,Procedure,6314
11721,Debridement nail,Procedure,6315
11102,Skin lesion excision,Procedure,6316
71020,Chest X-ray,Imaging,6317
90792,Rheumatology consult,Evaluation & Management,6318
35301,Bypass graft,Surgery,6319
80048,Thyroid panel,Lab,6320
43239,EGD,Procedure,6321
71020,Chest X-ray,Imaging,6322
71020,Chest X-ray,Imaging,6323
20610,"Drain/inject, joint/bursa",Procedure,6324
35301,Bypass graft,Surgery,6325
76830,Pelvic ultrasound,Imaging,6326
80047,Renal panel,Lab,6327
58150,Cesarean delivery,Surgery,6328
80050,General health panel,Lab,6329
95115,Allergy testing,Procedure,6330
99213,Pediatric office visit,Evaluation & Management,6331
15734,Scar revision,Procedure,6332
87070,"Culture, bacterial",Lab,6333
11721,Debridement nail,Procedure,6334
A0425,Ambulance service,Procedure,6335
58150,Cesarean delivery,Surgery,6336
99213,Office visit,Evaluation & Management,6337
88305,Pathology tissue exam,Lab,6338
11102,Skin lesion excision,Procedure,6339
11102,Skin lesion excision,Procedure,6340
99213,Pediatric office visit,Evaluation & Management,6341
88305,Pathology tissue exam,Lab,6342
90792,Rheumatology consult,Evaluation & Management,6343
90792,Rheumatology consult,Evaluation & Management,6344
99214,Office/outpatient visit EST - extended,Evaluation & Management,6345
71020,Chest X-ray,Imaging,6346
71020,Chest X-ray,Imaging,6347
50360,Dialysis access procedure,Procedure,6348
99213,Office/outpatient visit EST,Evaluation & Management,6349
90792,Rheumatology consult,Evaluation & Management,6350
71020,Chest X-ray,Imaging,6351
12001,Simple repair of wound,Procedure,6352
35301,Bypass graft,Surgery,6353
12001,Simple repair of wound,Procedure,6354
80050,General health panel,Lab,6355
90792,Rheumatology consult,Evaluation & Management,6356
43239,EGD,Procedure,6357
15734,Scar revision,Procedure,6358
87070,"Culture, bacterial",Lab,6359
80047,Renal panel,Lab,6360
80047,Renal panel,Lab,6361
90471,Immunization administration,Preventive,6362
96413,Chemotherapy administration,Procedure,6363
94010,Pulmonary function test,Diagnostic,6364
95117,Allergy injection,Procedure,6365
99214,Office visit extended,Evaluation & Management,6366
99213,Pediatric office visit,Evaluation & Management,6367
90791,Psychiatric diagnostic eval,Evaluation & Management,6368
12001,Simple repair of wound,Procedure,6369
93458,Cardiac cath,Procedure,6370
99214,Office/outpatient visit EST - extended,Evaluation & Management,6371
35301,Rechanneling of artery,Surgery,6372
11102,Skin lesion excision,Procedure,6373
95115,Allergy testing,Procedure,6374
80048,Thyroid panel,Lab,6375
88305,Pathology tissue exam,Lab,6376
71020,Chest X-ray,Imaging,6377
11721,Debridement nail,Procedure,6378
20610,"Arthrocentesis, small joint",Procedure,6379
31500,Intubation,Procedure,6380
99285,Emergency department visit - high severity,Emergency,6381
88305,Pathology tissue exam,Lab,6382
99214,Office/outpatient visit EST - extended,Evaluation & Management,6383
99213,Office visit,Evaluation & Management,6384
76830,Pelvic ultrasound,Imaging,6385
80048,Thyroid panel,Lab,6386
80050,General health panel,Lab,6387
58150,Cesarean delivery,Surgery,6388
90471,Immunization administration,Preventive,6389
95810,Nerve conduction study,Diagnostic,6390
71020,Chest X-ray,Imaging,6391
95810,Nerve conduction study,Diagnostic,6392
92511,Speech audiometry,Diagnostic,6393
71020,Chest X-ray,Imaging,6394
88305,Pathology tissue exam,Lab,6395
93000,Electrocardiogram,Diagnostic,6396
95117,Allergy injection,Procedure,6397
92511,Speech audiometry,Diagnostic,6398
15734,Scar revision,Procedure,6399
93458,Cardiac cath,Procedure,6400
11721,Debridement nail,Procedure,6401
52000,Cystoscopy,Procedure,6402
99213,"Office/outpatient visit, est",Evaluation & Management,6403
15734,Scar revision,Procedure,6404
00520,Anesthesia for procedures,Procedure,6405
52000,Cystoscopy,Procedure,6406
50360,Dialysis access procedure,Procedure,6407
99214,Office visit extended,Evaluation & Management,6408
49900,Appendectomy,Surgery,6409
70450,CT Head without contrast,Imaging,6410
92511,Nasopharyngoscopy,Diagnostic,6411
12001,Simple repair of wound,Procedure,6412
50360,Dialysis access procedure,Procedure,6413
17000,Destruction benign lesion,Procedure,6414
90471,Immunization administration,Preventive,6415
A0425,Ambulance service,Procedure,6416
92014,Ophthalmology exam,Evaluation & Management,6417
80048,Thyroid panel,Lab,6418
52000,Cystoscopy,Procedure,6419
17000,Destruction benign lesion,Procedure,6420
20610,"Arthrocentesis, small joint",Procedure,6421
58150,Cesarean delivery,Surgery,6422
99214,Office/outpatient visit EST - extended,Evaluation & Management,6423
20610,"Arthrocentesis, small joint",Procedure,6424
31231,"Nasal endoscopy, dx",Procedure,6425
11721,"Debride nail, 6 or more",Procedure,6426
92014,Eye exam & treatment,Evaluation & Management,6427
70450,CT Head without contrast,Imaging,6428
90791,Psychiatric diagnostic eval,Evaluation & Management,6429
70450,CT Head without contrast,Imaging,6430
90471,Immunization administration,Preventive,6431
92014,Ophthalmology exam,Evaluation & Management,6432
92511,Nasopharyngoscopy,Diagnostic,6433
15734,Scar revision,Procedure,6434
76830,Pelvic ultrasound,Imaging,6435
90471,Immunization administration,Preventive,6436
95115,Allergy testing,Procedure,6437
11102,Skin lesion excision,Procedure,6438
95816,EEG,Diagnostic,6439
88305,Pathology tissue exam,Lab,6440
71020,Chest X-ray,Imaging,6441
99213,Office/outpatient visit EST,Evaluation & Management,6442
27447,Knee replacement,Surgery,6443
52000,Cystoscopy,Procedure,6444
93458,Cardiac cath,Procedure,6445
43239,EGD,Procedure,6446
15734,Scar revision,Procedure,6447
71020,Chest X-ray,Imaging,6448
80050,General health panel,Lab,6449
88305,Pathology tissue exam,Lab,6450
95810,Nerve conduction study,Diagnostic,6451
95115,Allergy testing,Procedure,6452
80050,General health panel,Lab,6453
17000,Destruction benign lesion,Procedure,6454
58150,Cesarean delivery,Surgery,6455
99213,Pediatric office visit,Evaluation & Management,6456
58150,Cesarean delivery,Surgery,6457
43239,EGD,Procedure,6458
00520,Anesthesia for procedures,Procedure,6459
94010,Pulmonary function test,Diagnostic,6460
31500,Intubation,Procedure,6461
99214,Office visit extended,Evaluation & Management,6462
94010,Pulmonary function test,Diagnostic,6463
35301,Bypass graft,Surgery,6464
17000,Destruction benign lesion,Procedure,6465
27447,Knee replacement,Surgery,6466
12001,Simple repair of wound,Procedure,6467
49900,Appendectomy,Surgery,6468
76830,Pelvic ultrasound,Imaging,6469
93000,Electrocardiogram,Diagnostic,6470
99213,Pediatric office visit,Evaluation & Management,6471
90471,Immunization administration,Preventive,6472
90792,Rheumatology consult,Evaluation & Management,6473
90471,Immunization administration,Preventive,6474
90792,Unknown Procedure,Evaluation & Management,6475
88305,Tissue exam by pathologist,Lab,6476
71020,Chest X-ray,Imaging,6477
88305,Pathology tissue exam,Lab,6478
99213,Office/outpatient visit EST,Evaluation & Management,6479
00520,Anesthesia for procedures,Procedure,6480
90471,Immunization administration,Preventive,6481
50360,Dialysis access procedure,Procedure,6482
99214,Office visit extended,Evaluation & Management,6483
95117,Allergy injection,Procedure,6484
80048,Thyroid panel,Lab,6485
43239,EGD,Procedure,6486
92014,Ophthalmology exam,Evaluation & Management,6487
88305,Pathology tissue exam,Lab,6488
67028,Injection eye drug,Surgery,6489
99213,Office/outpatient visit EST,Evaluation & Management,6490
11102,Skin lesion excision,Procedure,6491
99214,Office visit extended,Evaluation & Management,6492
95115,Allergy testing,Procedure,6493
54520,Orchiectomy,Surgery,6494
88305,Pathology tissue exam,Lab,6495
00520,Unknown Procedure,Procedure,6496
52000,Cystoscopy,Procedure,6497
90792,Rheumatology consult,Evaluation & Management,6498
80048,Thyroid panel,Lab,6499
12001,Simple repair of wound,Procedure,6500
99213,Pediatric office visit,Evaluation & Management,6501
93306,Echocardiogram,Imaging,6502
67028,Retinal surgery,Surgery,6503
80048,Thyroid panel,Lab,6504
99213,Pediatric office visit,Evaluation & Management,6505
80047,Unknown Procedure,Lab,6506
71020,Chest X-ray,Imaging,6507
90792,Unknown Procedure,Evaluation & Management,6508
31231,Nasal polypectomy,Procedure,6509
00520,Anesthesia for procedures,Procedure,6510
00520,Anesthesia for procedures,Procedure,6511
93306,Echocardiogram,Imaging,6512
15734,Scar revision,Procedure,6513
31231,Nasal polypectomy,Procedure,6514
80047,Renal panel,Lab,6515
92511,Speech audiometry,Diagnostic,6516
00520,Anesthesia for procedures,Procedure,6517
A0425,Ambulance service,Procedure,6518
76830,Pelvic ultrasound,Imaging,6519
96413,Chemotherapy administration,Procedure,6520
58150,Cesarean delivery,Surgery,6521
90792,Rheumatology consult,Evaluation & Management,6522
90471,Immunization admin,Preventive,6523
93458,Cardiac cath,Procedure,6524
31500,Intubation,Procedure,6525
71020,Chest X-ray,Imaging,6526
58150,Cesarean delivery,Surgery,6527
93458,Unknown Procedure,Procedure,6528
17000,Destruction benign lesion,Procedure,6529
90791,Unknown Procedure,Evaluation & Management,6530
31231,Nasal polypectomy,Procedure,6531
71020,Chest X-ray,Imaging,6532
88305,Pathology tissue exam,Lab,6533
31500,Insert emergency airway,Procedure,6534
A0425,Ambulance service,Procedure,6535
27447,Knee replacement,Surgery,6536
95810,Nerve conduction study,Diagnostic,6537
92511,Speech audiometry,Diagnostic,6538
99285,Emergency department visit - high severity,Emergency,6539
43239,EGD,Procedure,6540
A0425,Ambulance service,Procedure,6541
95816,EEG,Diagnostic,6542
50360,Dialysis access procedure,Procedure,6543
52000,Cystoscopy,Procedure,6544
58150,Cesarean delivery,Surgery,6545
90471,Immunization administration,Preventive,6546
90471,Immunization admin,Preventive,6547
95810,Nerve conduction study,Diagnostic,6548
99214,Office/outpatient visit EST - extended,Evaluation & Management,6549
95810,Nerve conduction study,Diagnostic,6550
00520,Anesthesia for procedures,Procedure,6551
20610,"Arthrocentesis, small joint",Procedure,6552
88305,Pathology tissue exam,Lab,6553
12001,Repair superficial wound(s),Procedure,6554
88305,Pathology tissue exam,Lab,6555
99285,Emergency department visit - high severity,Emergency,6556
96413,Chemotherapy administration,Procedure,6557
90791,Psychiatric diagnostic eval,Evaluation & Management,6558
88305,Pathology tissue exam,Lab,6559
76830,Pelvic ultrasound,Imaging,6560
93000,Electrocardiogram,Diagnostic,6561
95115,Allergy testing,Procedure,6562
17000,Destroy benign/premlg lesion,Procedure,6563
20610,"Arthrocentesis, small joint",Procedure,6564
90792,Rheumatology consult,Evaluation & Management,6565
31500,Intubation,Procedure,6566
88305,Pathology tissue exam,Lab,6567
93000,Electrocardiogram,Diagnostic,6568
67028,Retinal surgery,Surgery,6569
88305,Pathology tissue exam,Lab,6570
94010,Pulmonary function test,Diagnostic,6571
31231,Nasal polypectomy,Procedure,6572
71020,Chest X-ray,Imaging,6573
99213,Office visit,Evaluation & Management,6574
52000,Cystoscopy,Procedure,6575
90792,Rheumatology consult,Evaluation & Management,6576
88305,Pathology tissue exam,Lab,6577
95117,Allergy injection,Procedure,6578
99213,Office/outpatient visit EST,Evaluation & Management,6579
15734,Scar revision,Procedure,6580
93000,Electrocardiogram,Diagnostic,6581
94010,Pulmonary function test,Diagnostic,6582
27447,Knee replacement,Surgery,6583
99213,Office/outpatient visit EST,Evaluation & Management,6584
93458,Cardiac cath,Procedure,6585
80050,General health panel,Lab,6586
11721,"Debride nail, 6 or more",Procedure,6587
52000,Cystoscopy,Procedure,6588
20610,"Arthrocentesis, small joint",Procedure,6589
99213,Office visit,Evaluation & Management,6590
70450,CT Head without contrast,Imaging,6591
99213,Office/outpatient visit EST,Evaluation & Management,6592
80048,Thyroid panel,Lab,6593
99214,Office/outpatient visit EST - extended,Evaluation & Management,6594
90792,Rheumatology consult,Evaluation & Management,6595
90792,Rheumatology consult,Evaluation & Management,6596
54520,Orchiectomy,Surgery,6597
15734,Scar revision,Procedure,6598
20610,"Drain/inject, joint/bursa",Procedure,6599
88305,Pathology tissue exam,Lab,6600
88305,Tissue exam by pathologist,Lab,6601
88305,Tissue exam by pathologist,Lab,6602
71020,Chest X-ray,Imaging,6603
80048,Thyroid panel,Lab,6604
11721,Debridement nail,Procedure,6605
15734,"Muscle-skin graft, trunk",Procedure,6606
49900,Appendectomy,Surgery,6607
11102,Skin lesion excision,Procedure,6608
95117,Immunotherapy injections,Procedure,6609
00520,Unknown Procedure,Procedure,6610
88305,Pathology tissue exam,Lab,6611
88305,Pathology tissue exam,Lab,6612
87070,"Culture, bacterial",Lab,6613
93000,"Electrocardiogram, complete",Diagnostic,6614
95816,EEG,Diagnostic,6615
15734,Scar revision,Procedure,6616
88305,Pathology tissue exam,Lab,6617
12001,Simple repair of wound,Procedure,6618
20610,"Arthrocentesis, small joint",Procedure,6619
76830,Pelvic ultrasound,Imaging,6620
99285,Emergency department visit - high severity,Emergency,6621
88305,Pathology tissue exam,Lab,6622
95115,"Immunotherapy, one injection",Procedure,6623
99213,Pediatric office visit,Evaluation & Management,6624
90791,Unknown Procedure,Evaluation & Management,6625
92014,Ophthalmology exam,Evaluation & Management,6626
71020,Chest X-ray,Imaging,6627
88305,Pathology tissue exam,Lab,6628
43239,EGD,Procedure,6629
99214,Office/outpatient visit EST - extended,Evaluation & Management,6630
87070,"Culture, bacterial",Lab,6631
93000,"Electrocardiogram, complete",Diagnostic,6632
71020,Chest X-ray,Imaging,6633
95816,EEG,Diagnostic,6634
99214,Office/outpatient visit EST - extended,Evaluation & Management,6635
95117,Allergy injection,Procedure,6636
99213,Office/outpatient visit EST,Evaluation & Management,6637
31500,Intubation,Procedure,6638
90792,Rheumatology consult,Evaluation & Management,6639
90791,Psychiatric diagnostic eval,Evaluation & Management,6640
11721,"Debride nail, 6 or more",Procedure,6641
92014,Ophthalmology exam,Evaluation & Management,6642
20610,"Arthrocentesis, small joint",Procedure,6643
99285,Emergency department visit - high severity,Emergency,6644
92511,Speech audiometry,Diagnostic,6645
99213,"Office/outpatient visit, est",Evaluation & Management,6646
94010,Breathing capacity test,Diagnostic,6647
71020,Chest x-ray,Imaging,6648
88305,Pathology tissue exam,Lab,6649
99213,Office visit,Evaluation & Management,6650
99213,Office/outpatient visit EST,Evaluation & Management,6651
11721,Debridement nail,Procedure,6652
58150,Cesarean delivery,Surgery,6653
20610,"Arthrocentesis, small joint",Procedure,6654
99214,Office/outpatient visit EST - extended,Evaluation & Management,6655
11102,Skin lesion excision,Procedure,6656
99213,Pediatric office visit,Evaluation & Management,6657
00520,Anesthesia for procedures,Procedure,6658
99285,Emergency department visit - high severity,Emergency,6659
80050,General health panel,Lab,6660
49900,Appendectomy,Surgery,6661
31231,Nasal polypectomy,Procedure,6662
11721,Debridement nail,Procedure,6663
52000,Cystoscopy,Procedure,6664
67028,Retinal surgery,Surgery,6665
15734,Scar revision,Procedure,6666
99213,Office/outpatient visit EST,Evaluation & Management,6667
95816,EEG,Diagnostic,6668
94010,Pulmonary function test,Diagnostic,6669
80047,Renal panel,Lab,6670
99213,Office/outpatient visit EST,Evaluation & Management,6671
99213,Office visit,Evaluation & Management,6672
35301,Bypass graft,Surgery,6673
93306,Echocardiogram,Imaging,6674
99214,Office/outpatient visit EST - extended,Evaluation & Management,6675
93306,Echocardiogram,Imaging,6676
90792,Rheumatology consult,Evaluation & Management,6677
31500,Intubation,Procedure,6678
35301,Rechanneling of artery,Surgery,6679
54520,Orchiectomy,Surgery,6680
49900,Appendectomy,Surgery,6681
95117,Allergy injection,Procedure,6682
71020,Chest X-ray,Imaging,6683
49900,Appendectomy,Surgery,6684
80048,Thyroid panel,Lab,6685
99213,Pediatric office visit,Evaluation & Management,6686
00520,Anesthesia for procedures,Procedure,6687
11721,Debridement nail,Procedure,6688
92014,Ophthalmology exam,Evaluation & Management,6689
90791,Psychiatric diagnostic eval,Evaluation & Management,6690
88305,Pathology tissue exam,Lab,6691
11102,Unknown Procedure,Procedure,6692
80047,Renal panel,Lab,6693
87070,"Culture, bacterial",Lab,6694
95816,EEG,Diagnostic,6695
49900,Appendectomy,Surgery,6696
27447,Knee replacement,Surgery,6697
90791,Psychiatric diagnostic eval,Evaluation & Management,6698
90791,Psychiatric diagnostic eval,Evaluation & Management,6699
90792,Rheumatology consult,Evaluation & Management,6700
12001,Simple repair of wound,Procedure,6701
95117,Allergy injection,Procedure,6702
90791,Psychiatric diagnostic eval,Evaluation & Management,6703
76830,Pelvic ultrasound,Imaging,6704
15734,Scar revision,Procedure,6705
70450,CT Head without contrast,Imaging,6706
35301,Bypass graft,Surgery,6707
99285,Emergency department visit - high severity,Emergency,6708
96413,Chemotherapy administration,Procedure,6709
54520,Orchiectomy,Surgery,6710
67028,Retinal surgery,Surgery,6711
95816,EEG,Diagnostic,6712
94010,Pulmonary function test,Diagnostic,6713
90791,Psychiatric diagnostic eval,Evaluation & Management,6714
99214,Office visit extended,Evaluation & Management,6715
80047,Renal panel,Lab,6716
52000,Cystoscopy,Procedure,6717
88305,Pathology tissue exam,Lab,6718
50360,Dialysis access procedure,Procedure,6719
20610,"Arthrocentesis, small joint",Procedure,6720
80048,Thyroid panel,Lab,6721
35301,Bypass graft,Surgery,6722
35301,Bypass graft,Surgery,6723
95810,Nerve conduction study,Diagnostic,6724
87070,"Culture, bacterial",Lab,6725
90792,Rheumatology consult,Evaluation & Management,6726
87070,"Culture, bacteria, other",Lab,6727
99214,Office visit extended,Evaluation & Management,6728
00520,Anesthesia for procedures,Procedure,6729
80048,Thyroid panel,Lab,6730
95117,Allergy injection,Procedure,6731
88305,Pathology tissue exam,Lab,6732
99214,Office/outpatient visit EST - extended,Evaluation & Management,6733
88305,Pathology tissue exam,Lab,6734
92511,Nasopharyngoscopy,Diagnostic,6735
15734,Scar revision,Procedure,6736
93306,Unknown Procedure,Imaging,6737
88305,Pathology tissue exam,Lab,6738
17000,Destruction benign lesion,Procedure,6739
80048,Thyroid panel,Lab,6740
11102,Skin lesion excision,Procedure,6741
92511,Speech audiometry,Diagnostic,6742
A0425,Unknown Procedure,Procedure,6743
31231,"Nasal endoscopy, dx",Procedure,6744
80047,Unknown Procedure,Lab,6745
93000,"Electrocardiogram, complete",Diagnostic,6746
99214,Office/outpatient visit EST - extended,Evaluation & Management,6747
90791,Psychiatric diagnostic eval,Evaluation & Management,6748
17000,Destruction benign lesion,Procedure,6749
88305,Pathology tissue exam,Lab,6750
99214,"Office/outpatient visit, est",Evaluation & Management,6751
67028,Retinal surgery,Surgery,6752
70450,CT Head without contrast,Imaging,6753
15734,Scar revision,Procedure,6754
80050,General health panel,Lab,6755
80047,Unknown Procedure,Lab,6756
90792,Rheumatology consult,Evaluation & Management,6757
00520,Anesthesia for procedures,Procedure,6758
90791,Psychiatric diagnostic eval,Evaluation & Management,6759
90792,Rheumatology consult,Evaluation & Management,6760
90792,Unknown Procedure,Evaluation & Management,6761
54520,Orchiectomy,Surgery,6762
A0425,Ambulance service,Procedure,6763
96372,Therapeutic injection,Procedure,6764
80048,Thyroid panel,Lab,6765
90792,Rheumatology consult,Evaluation & Management,6766
70450,CT Head without contrast,Imaging,6767
67028,Retinal surgery,Surgery,6768
99213,Office/outpatient visit EST,Evaluation & Management,6769
92511,Speech audiometry,Diagnostic,6770
27447,Knee replacement,Surgery,6771
71020,Chest X-ray,Imaging,6772
94010,Pulmonary function test,Diagnostic,6773
96413,Chemotherapy administration,Procedure,6774
50360,Dialysis access procedure,Procedure,6775
99213,Pediatric office visit,Evaluation & Management,6776
00520,Anesthesia for procedures,Procedure,6777
80048,Thyroid panel,Lab,6778
A0425,Ambulance service,Procedure,6779
80047,Renal panel,Lab,6780
17000,Destruction benign lesion,Procedure,6781
93000,Electrocardiogram,Diagnostic,6782
95810,Nerve conduction study,Diagnostic,6783
71020,Chest x-ray,Imaging,6784
94010,Pulmonary function test,Diagnostic,6785
12001,Simple repair of wound,Procedure,6786
90791,Psychiatric diagnostic eval,Evaluation & Management,6787
54520,Orchiectomy,Surgery,6788
71020,Chest X-ray,Imaging,6789
12001,Simple repair of wound,Procedure,6790
88305,Pathology tissue exam,Lab,6791
20610,"Arthrocentesis, small joint",Procedure,6792
71020,Chest X-ray,Imaging,6793
54520,Orchiectomy,Surgery,6794
31231,Nasal polypectomy,Procedure,6795
11102,Skin lesion excision,Procedure,6796
99213,Office/outpatient visit EST,Evaluation & Management,6797
94010,Pulmonary function test,Diagnostic,6798
58150,Cesarean delivery,Surgery,6799
99213,Office/outpatient visit EST,Evaluation & Management,6800
49900,Appendectomy,Surgery,6801
35301,Bypass graft,Surgery,6802
52000,Cystoscopy,Procedure,6803
90792,Rheumatology consult,Evaluation & Management,6804
70450,CT Head without contrast,Imaging,6805
70450,CT Head without contrast,Imaging,6806
49900,Appendectomy,Surgery,6807
96413,Chemotherapy administration,Procedure,6808
50360,Dialysis access procedure,Procedure,6809
90791,Psychiatric diagnostic eval,Evaluation & Management,6810
11721,Debridement nail,Procedure,6811
95117,Allergy injection,Procedure,6812
88305,Pathology tissue exam,Lab,6813
93306,Unknown Procedure,Imaging,6814
99213,Office visit,Evaluation & Management,6815
11721,Debridement nail,Procedure,6816
92511,Speech audiometry,Diagnostic,6817
90471,Immunization administration,Preventive,6818
87070,"Culture, bacterial",Lab,6819
88305,Pathology tissue exam,Lab,6820
31500,Intubation,Procedure,6821
67028,Retinal surgery,Surgery,6822
00520,Anesthesia for procedures,Procedure,6823
93000,"Electrocardiogram, complete",Diagnostic,6824
92014,Ophthalmology exam,Evaluation & Management,6825
99213,Pediatric office visit,Evaluation & Management,6826
94010,Breathing capacity test,Diagnostic,6827
96372,Therapeutic injection,Procedure,6828
88305,Pathology tissue exam,Lab,6829
11102,Skin lesion excision,Procedure,6830
99213,Pediatric office visit,Evaluation & Management,6831
11102,Skin lesion excision,Procedure,6832
20610,"Arthrocentesis, small joint",Procedure,6833
99285,Emergency department visit - high severity,Emergency,6834
80050,General health panel,Lab,6835
99213,Office/outpatient visit EST,Evaluation & Management,6836
49900,Repair of abdominal wall,Surgery,6837
71020,Chest X-ray,Imaging,6838
99213,Office visit,Evaluation & Management,6839
99213,Pediatric office visit,Evaluation & Management,6840
35301,Bypass graft,Surgery,6841
76830,Pelvic ultrasound,Imaging,6842
95810,Nerve conduction study,Diagnostic,6843
80048,Thyroid panel,Lab,6844
11721,Debridement nail,Procedure,6845
96413,Unknown Procedure,Procedure,6846
99214,Office visit extended,Evaluation & Management,6847
15734,Scar revision,Procedure,6848
58150,Cesarean delivery,Surgery,6849
90471,Immunization administration,Preventive,6850
A0425,Ambulance service,Procedure,6851
00520,Anesthesia for procedures,Procedure,6852
17000,Destruction benign lesion,Procedure,6853
90471,Immunization administration,Preventive,6854
90791,Psychiatric diagnostic eval,Evaluation & Management,6855
99213,Office/outpatient visit EST,Evaluation & Management,6856
80047,Renal panel,Lab,6857
95816,EEG,Diagnostic,6858
92511,Speech audiometry,Diagnostic,6859
00520,Unknown Procedure,Procedure,6860
95117,Allergy injection,Procedure,6861
90791,Psychiatric diagnostic eval,Evaluation & Management,6862
58150,Total hysterectomy,Surgery,6863
88305,Pathology tissue exam,Lab,6864
96413,Chemotherapy administration,Procedure,6865
90791,Psychiatric diagnostic eval,Evaluation & Management,6866
88305,Pathology tissue exam,Lab,6867
95117,Immunotherapy injections,Procedure,6868
71020,Chest X-ray,Imaging,6869
92014,Ophthalmology exam,Evaluation & Management,6870
54520,Orchiectomy,Surgery,6871
92014,Ophthalmology exam,Evaluation & Management,6872
54520,Orchiectomy,Surgery,6873
00520,Anesthesia for procedures,Procedure,6874
71020,Chest X-ray,Imaging,6875
90791,Psychiatric diagnostic eval,Evaluation & Management,6876
31231,"Nasal endoscopy, dx",Procedure,6877
90792,Rheumatology consult,Evaluation & Management,6878
99214,Office visit extended,Evaluation & Management,6879
15734,"Muscle-skin graft, trunk",Procedure,6880
70450,Ct head/brain w/o dye,Imaging,6881
88305,Pathology tissue exam,Lab,6882
87070,"Culture, bacterial",Lab,6883
93000,Electrocardiogram,Diagnostic,6884
99213,Office visit,Evaluation & Management,6885
80050,General health panel,Lab,6886
49900,Appendectomy,Surgery,6887
80047,Renal panel,Lab,6888
99213,Pediatric office visit,Evaluation & Management,6889
76830,Pelvic ultrasound,Imaging,6890
88305,Pathology tissue exam,Lab,6891
88305,Pathology tissue exam,Lab,6892
27447,Total knee arthroplasty,Surgery,6893
95117,Allergy injection,Procedure,6894
35301,Bypass graft,Surgery,6895
90471,Immunization administration,Preventive,6896
A0425,Ambulance service,Procedure,6897
99213,"Office/outpatient visit, est",Evaluation & Management,6898
27447,Knee replacement,Surgery,6899
15734,Scar revision,Procedure,6900
71020,Chest X-ray,Imaging,6901
99213,Pediatric office visit,Evaluation & Management,6902
87070,"Culture, bacterial",Lab,6903
96372,Therapeutic injection,Procedure,6904
88305,Pathology tissue exam,Lab,6905
93458,Cardiac cath,Procedure,6906
99214,Office/outpatient visit EST - extended,Evaluation & Management,6907
31231,Nasal polypectomy,Procedure,6908
99214,Office visit extended,Evaluation & Management,6909
99214,Office/outpatient visit EST - extended,Evaluation & Management,6910
52000,Cystoscopy,Procedure,6911
00520,Anesthesia for procedures,Procedure,6912
80047,Renal panel,Lab,6913
12001,Simple repair of wound,Procedure,6914
99214,Office/outpatient visit EST - extended,Evaluation & Management,6915
90792,Rheumatology consult,Evaluation & Management,6916
11721,Debridement nail,Procedure,6917
35301,Bypass graft,Surgery,6918
50360,Dialysis access procedure,Procedure,6919
71020,Chest X-ray,Imaging,6920
95117,Allergy injection,Procedure,6921
92511,Speech audiometry,Diagnostic,6922
49900,Appendectomy,Surgery,6923
80047,Renal panel,Lab,6924
80048,Thyroid panel,Lab,6925
90791,Psychiatric diagnostic eval,Evaluation & Management,6926
95117,Allergy injection,Procedure,6927
67028,Retinal surgery,Surgery,6928
80047,Renal panel,Lab,6929
95816,EEG,Diagnostic,6930
99214,Office visit extended,Evaluation & Management,6931
A0425,Ambulance service,Procedure,6932
76830,Pelvic ultrasound,Imaging,6933
96372,Therapeutic injection,Procedure,6934
99213,Office visit,Evaluation & Management,6935
50360,Dialysis access procedure,Procedure,6936
99285,Emergency department visit - high severity,Emergency,6937
88305,Pathology tissue exam,Lab,6938
31500,Insert emergency airway,Procedure,6939
95115,Allergy testing,Procedure,6940
88305,Pathology tissue exam,Lab,6941
80048,Thyroid panel,Lab,6942
27447,Knee replacement,Surgery,6943
31500,Intubation,Procedure,6944
70450,CT Head without contrast,Imaging,6945
12001,Simple repair of wound,Procedure,6946
95117,Allergy injection,Procedure,6947
31231,Nasal polypectomy,Procedure,6948
58150,Cesarean delivery,Surgery,6949
99214,Office/outpatient visit EST - extended,Evaluation & Management,6950
93306,Echocardiogram,Imaging,6951
11721,Debridement nail,Procedure,6952
99214,"Office/outpatient visit, est",Evaluation & Management,6953
95117,Allergy injection,Procedure,6954
A0425,Ambulance service,Procedure,6955
99213,Pediatric office visit,Evaluation & Management,6956
93458,Cardiac cath,Procedure,6957
58150,Cesarean delivery,Surgery,6958
67028,Retinal surgery,Surgery,6959
15734,Scar revision,Procedure,6960
35301,Bypass graft,Surgery,6961
58150,Cesarean delivery,Surgery,6962
87070,"Culture, bacterial",Lab,6963
99213,Pediatric office visit,Evaluation & Management,6964
99213,"Office/outpatient visit, est",Evaluation & Management,6965
99285,Emergency department visit - high severity,Emergency,6966
00520,Anesthesia for procedures,Procedure,6967
99214,Office/outpatient visit EST - extended,Evaluation & Management,6968
50360,Dialysis access procedure,Procedure,6969
96413,Chemotherapy administration,Procedure,6970
92511,Speech audiometry,Diagnostic,6971
99214,Office visit extended,Evaluation & Management,6972
88305,Pathology tissue exam,Lab,6973
92014,Ophthalmology exam,Evaluation & Management,6974
90471,Immunization administration,Preventive,6975
76830,"Transvaginal us, non-ob",Imaging,6976
50360,Dialysis access procedure,Procedure,6977
27447,Knee replacement,Surgery,6978
88305,Pathology tissue exam,Lab,6979
31231,Nasal polypectomy,Procedure,6980
87070,"Culture, bacterial",Lab,6981
20610,"Arthrocentesis, small joint",Procedure,6982
92014,Ophthalmology exam,Evaluation & Management,6983
12001,Simple repair of wound,Procedure,6984
99213,Pediatric office visit,Evaluation & Management,6985
96372,Therapeutic injection,Procedure,6986
99285,Emergency department visit - high severity,Emergency,6987
15734,"Muscle-skin graft, trunk",Procedure,6988
70450,Ct head/brain w/o dye,Imaging,6989
95816,"Eeg, awake and drowsy",Diagnostic,6990
11721,Debridement nail,Procedure,6991
87070,"Culture, bacterial",Lab,6992
31500,Intubation,Procedure,6993
96413,Chemotherapy administration,Procedure,6994
11721,Debridement nail,Procedure,6995
88305,Pathology tissue exam,Lab,6996
96413,Chemotherapy administration,Procedure,6997
93458,Cardiac cath,Procedure,6998
88305,Pathology tissue exam,Lab,6999
92511,Speech audiometry,Diagnostic,7000
80048,Thyroid panel,Lab,7001
80047,Renal panel,Lab,7002
95816,EEG,Diagnostic,7003
76830,Pelvic ultrasound,Imaging,7004
94010,Pulmonary function test,Diagnostic,7005
11721,Debridement nail,Procedure,7006
94010,Pulmonary function test,Diagnostic,7007
99214,"Office/outpatient visit, est",Evaluation & Management,7008
99213,"Office/outpatient visit, est",Evaluation & Management,7009
90792,Rheumatology consult,Evaluation & Management,7010
70450,Ct head/brain w/o dye,Imaging,7011
99213,Pediatric office visit,Evaluation & Management,7012
99213,"Office/outpatient visit, est",Evaluation & Management,7013
99213,Pediatric office visit,Evaluation & Management,7014
99213,Office/outpatient visit EST,Evaluation & Management,7015
88305,Pathology tissue exam,Lab,7016
92511,Speech audiometry,Diagnostic,7017
70450,Ct head/brain w/o dye,Imaging,7018
94010,Breathing capacity test,Diagnostic,7019
93000,Electrocardiogram,Diagnostic,7020
87070,"Culture, bacterial",Lab,7021
54520,Orchiectomy,Surgery,7022
35301,Bypass graft,Surgery,7023
90791,Psychiatric diagnostic eval,Evaluation & Management,7024
99213,"Office/outpatient visit, est",Evaluation & Management,7025
71020,Chest X-ray,Imaging,7026
90791,Psychiatric diagnostic eval,Evaluation & Management,7027
17000,Destruction benign lesion,Procedure,7028
49900,Appendectomy,Surgery,7029
92511,Speech audiometry,Diagnostic,7030
11721,"Debride nail, 6 or more",Procedure,7031
88305,Pathology tissue exam,Lab,7032
35301,Bypass graft,Surgery,7033
49900,Appendectomy,Surgery,7034
88305,Pathology tissue exam,Lab,7035
88305,Pathology tissue exam,Lab,7036
96413,Unknown Procedure,Procedure,7037
76830,Pelvic ultrasound,Imaging,7038
92014,Ophthalmology exam,Evaluation & Management,7039
71020,Chest X-ray,Imaging,7040
92014,Ophthalmology exam,Evaluation & Management,7041
80050,General health panel,Lab,7042
11721,"Debride nail, 6 or more",Procedure,7043
96413,Chemotherapy administration,Procedure,7044
58150,Cesarean delivery,Surgery,7045
88305,Pathology tissue exam,Lab,7046
67028,Retinal surgery,Surgery,7047
92511,Speech audiometry,Diagnostic,7048
90471,Immunization administration,Preventive,7049
31500,Intubation,Procedure,7050
88305,Pathology tissue exam,Lab,7051
27447,Knee replacement,Surgery,7052
88305,Pathology tissue exam,Lab,7053
00520,Anesthesia for procedures,Procedure,7054
15734,Scar revision,Procedure,7055
11102,Skin lesion excision,Procedure,7056
99214,Office/outpatient visit EST - extended,Evaluation & Management,7057
88305,Pathology tissue exam,Lab,7058
90791,Psychiatric diagnostic eval,Evaluation & Management,7059
90792,Rheumatology consult,Evaluation & Management,7060
71020,Chest X-ray,Imaging,7061
20610,"Drain/inject, joint/bursa",Procedure,7062
88305,Pathology tissue exam,Lab,7063
88305,Tissue exam by pathologist,Lab,7064
88305,Pathology tissue exam,Lab,7065
99213,Office/outpatient visit EST,Evaluation & Management,7066
96413,Chemotherapy administration,Procedure,7067
71020,Chest X-ray,Imaging,7068
52000,Cystoscopy,Procedure,7069
20610,"Arthrocentesis, small joint",Procedure,7070
96372,Therapeutic injection,Procedure,7071
20610,"Arthrocentesis, small joint",Procedure,7072
95117,Allergy injection,Procedure,7073
88305,Pathology tissue exam,Lab,7074
35301,Bypass graft,Surgery,7075
87070,"Culture, bacterial",Lab,7076
99214,Office visit extended,Evaluation & Management,7077
15734,Scar revision,Procedure,7078
99213,"Office/outpatient visit, est",Evaluation & Management,7079
31500,Intubation,Procedure,7080
90791,Psychiatric diagnostic eval,Evaluation & Management,7081
71020,Chest X-ray,Imaging,7082
00520,Anesthesia for procedures,Procedure,7083
90471,Immunization administration,Preventive,7084
99213,Office visit,Evaluation & Management,7085
92014,Ophthalmology exam,Evaluation & Management,7086
80050,General health panel,Lab,7087
71020,Chest X-ray,Imaging,7088
43239,EGD,Procedure,7089
99285,Emergency department visit - high severity,Emergency,7090
43239,EGD,Procedure,7091
92511,Speech audiometry,Diagnostic,7092
15734,Scar revision,Procedure,7093
A0425,Ambulance service,Procedure,7094
58150,Cesarean delivery,Surgery,7095
93306,Echocardiogram,Imaging,7096
99213,Office visit,Evaluation & Management,7097
80050,General health panel,Lab,7098
95115,Allergy testing,Procedure,7099
88305,Tissue exam by pathologist,Lab,7100
80050,General health panel,Lab,7101
70450,CT Head without contrast,Imaging,7102
96413,Chemotherapy administration,Procedure,7103
95115,"Immunotherapy, one injection",Procedure,7104
43239,EGD,Procedure,7105
50360,Transplantation of kidney,Procedure,7106
54520,Orchiectomy,Surgery,7107
90471,Immunization administration,Preventive,7108
90471,Immunization administration,Preventive,7109
58150,Cesarean delivery,Surgery,7110
94010,Pulmonary function test,Diagnostic,7111
93458,Cardiac cath,Procedure,7112
12001,Simple repair of wound,Procedure,7113
43239,EGD,Procedure,7114
88305,Pathology tissue exam,Lab,7115
58150,Cesarean delivery,Surgery,7116
99213,Office/outpatient visit EST,Evaluation & Management,7117
88305,Pathology tissue exam,Lab,7118
20610,"Arthrocentesis, small joint",Procedure,7119
90471,Immunization administration,Preventive,7120
80050,General health panel,Lab,7121
71020,Chest x-ray,Imaging,7122
11721,Debridement nail,Procedure,7123
12001,Simple repair of wound,Procedure,7124
71020,Chest X-ray,Imaging,7125
90791,Psychiatric diagnostic eval,Evaluation & Management,7126
92511,Speech audiometry,Diagnostic,7127
52000,Cystoscopy,Procedure,7128
43239,EGD,Procedure,7129
99213,Office visit,Evaluation & Management,7130
90471,Immunization administration,Preventive,7131
88305,Pathology tissue exam,Lab,7132
95816,EEG,Diagnostic,7133
96372,Therapeutic injection,Procedure,7134
71020,Chest X-ray,Imaging,7135
31500,Intubation,Procedure,7136
54520,Orchiectomy,Surgery,7137
90791,Psychiatric diagnostic eval,Evaluation & Management,7138
00520,Anesthesia for procedures,Procedure,7139
90791,Psychiatric diagnostic eval,Evaluation & Management,7140
71020,Chest X-ray,Imaging,7141
A0425,Ambulance service,Procedure,7142
88305,Pathology tissue exam,Lab,7143
95117,Immunotherapy injections,Procedure,7144
93306,Echocardiogram,Imaging,7145
27447,Knee replacement,Surgery,7146
12001,Simple repair of wound,Procedure,7147
54520,Orchiectomy,Surgery,7148
00520,Anesthesia for procedures,Procedure,7149
88305,Pathology tissue exam,Lab,7150
95115,Allergy testing,Procedure,7151
95810,Nerve conduction study,Diagnostic,7152
15734,Scar revision,Procedure,7153
80047,Renal panel,Lab,7154
49900,Appendectomy,Surgery,7155
52000,Cystoscopy,Procedure,7156
90791,Psychiatric diagnostic eval,Evaluation & Management,7157
11721,Debridement nail,Procedure,7158
58150,Cesarean delivery,Surgery,7159
99213,Pediatric office visit,Evaluation & Management,7160
00520,Anesthesia for procedures,Procedure,7161
49900,Appendectomy,Surgery,7162
52000,Cystoscopy,Procedure,7163
67028,Retinal surgery,Surgery,7164
76830,Pelvic ultrasound,Imaging,7165
94010,Pulmonary function test,Diagnostic,7166
54520,Orchiectomy,Surgery,7167
95115,Allergy testing,Procedure,7168
96413,Chemotherapy administration,Procedure,7169
95810,"Polysomnography, 4 or more",Diagnostic,7170
58150,Cesarean delivery,Surgery,7171
88305,Pathology tissue exam,Lab,7172
15734,Scar revision,Procedure,7173
99214,Office visit extended,Evaluation & Management,7174
90791,Psychiatric diagnostic eval,Evaluation & Management,7175
96372,Unknown Procedure,Procedure,7176
35301,Rechanneling of artery,Surgery,7177
88305,Pathology tissue exam,Lab,7178
90471,Immunization administration,Preventive,7179
35301,Bypass graft,Surgery,7180
12001,Simple repair of wound,Procedure,7181
A0425,Ambulance service,Procedure,7182
52000,Cystoscopy,Procedure,7183
71020,Chest X-ray,Imaging,7184
95810,"Polysomnography, 4 or more",Diagnostic,7185
71020,Chest X-ray,Imaging,7186
96413,Chemotherapy administration,Procedure,7187
96372,Therapeutic injection,Procedure,7188
49900,Appendectomy,Surgery,7189
00520,Anesthesia for procedures,Procedure,7190
88305,Pathology tissue exam,Lab,7191
54520,Orchiectomy,Surgery,7192
80047,Renal panel,Lab,7193
99213,Office/outpatient visit EST,Evaluation & Management,7194
96413,Chemotherapy administration,Procedure,7195
43239,EGD,Procedure,7196
90791,Psychiatric diagnostic eval,Evaluation & Management,7197
80050,General health panel,Lab,7198
31231,Nasal polypectomy,Procedure,7199
00520,Anesthesia for procedures,Procedure,7200
90791,Psychiatric diagnostic eval,Evaluation & Management,7201
88305,Pathology tissue exam,Lab,7202
95117,Immunotherapy injections,Procedure,7203
93000,Electrocardiogram,Diagnostic,7204
94010,Pulmonary function test,Diagnostic,7205
96372,Therapeutic injection,Procedure,7206
71020,Chest X-ray,Imaging,7207
67028,Injection eye drug,Surgery,7208
80050,General health panel,Lab,7209
43239,EGD,Procedure,7210
95816,EEG,Diagnostic,7211
88305,Pathology tissue exam,Lab,7212
A0425,Ambulance service,Procedure,7213
15734,Scar revision,Procedure,7214
58150,Cesarean delivery,Surgery,7215
99213,"Office/outpatient visit, est",Evaluation & Management,7216
11102,Skin lesion excision,Procedure,7217
99214,Office visit extended,Evaluation & Management,7218
95115,Allergy testing,Procedure,7219
94010,Pulmonary function test,Diagnostic,7220
11102,Skin lesion excision,Procedure,7221
70450,CT Head without contrast,Imaging,7222
90792,Rheumatology consult,Evaluation & Management,7223
99285,Emergency department visit - high severity,Emergency,7224
67028,Retinal surgery,Surgery,7225
87070,"Culture, bacteria, other",Lab,7226
95810,"Polysomnography, 4 or more",Diagnostic,7227
49900,Appendectomy,Surgery,7228
99285,Emergency department visit - high severity,Emergency,7229
99213,Office/outpatient visit EST,Evaluation & Management,7230
99213,Office visit,Evaluation & Management,7231
71020,Chest X-ray,Imaging,7232
95115,Allergy testing,Procedure,7233
95117,Allergy injection,Procedure,7234
43239,EGD,Procedure,7235
54520,Orchiectomy,Surgery,7236
87070,"Culture, bacterial",Lab,7237
67028,Retinal surgery,Surgery,7238
90791,Psychiatric diagnostic eval,Evaluation & Management,7239
99285,Emergency department visit - high severity,Emergency,7240
94010,Pulmonary function test,Diagnostic,7241
99213,Office visit,Evaluation & Management,7242
92014,Ophthalmology exam,Evaluation & Management,7243
90792,Rheumatology consult,Evaluation & Management,7244
71020,Chest X-ray,Imaging,7245
80050,General health panel,Lab,7246
96372,Therapeutic injection,Procedure,7247
90791,Psychiatric diagnostic eval,Evaluation & Management,7248
80050,General health panel,Lab,7249
76830,Pelvic ultrasound,Imaging,7250
93458,Cardiac cath,Procedure,7251
92511,Speech audiometry,Diagnostic,7252
71020,Chest X-ray,Imaging,7253
90792,Rheumatology consult,Evaluation & Management,7254
12001,Simple repair of wound,Procedure,7255
11721,"Debride nail, 6 or more",Procedure,7256
12001,Simple repair of wound,Procedure,7257
52000,Cystoscopy,Procedure,7258
99285,Emergency department visit - high severity,Emergency,7259
88305,Tissue exam by pathologist,Lab,7260
90471,Immunization administration,Preventive,7261
87070,"Culture, bacterial",Lab,7262
95816,EEG,Diagnostic,7263
58150,Total hysterectomy,Surgery,7264
67028,Retinal surgery,Surgery,7265
99213,"Office/outpatient visit, est",Evaluation & Management,7266
80050,General health panel,Lab,7267
88305,Pathology tissue exam,Lab,7268
27447,Knee replacement,Surgery,7269
12001,Simple repair of wound,Procedure,7270
11102,Skin lesion excision,Procedure,7271
35301,Bypass graft,Surgery,7272
11721,"Debride nail, 6 or more",Procedure,7273
70450,CT Head without contrast,Imaging,7274
99213,Office/outpatient visit EST,Evaluation & Management,7275
70450,CT Head without contrast,Imaging,7276
70450,CT Head without contrast,Imaging,7277
90791,Psychiatric diagnostic eval,Evaluation & Management,7278
90791,Psychiatric diagnostic eval,Evaluation & Management,7279
80047,Renal panel,Lab,7280
76830,Pelvic ultrasound,Imaging,7281
90792,Unknown Procedure,Evaluation & Management,7282
76830,Pelvic ultrasound,Imaging,7283
58150,Cesarean delivery,Surgery,7284
00520,Anesthesia for procedures,Procedure,7285
95115,Allergy testing,Procedure,7286
99285,Emergency department visit - high severity,Emergency,7287
35301,Rechanneling of artery,Surgery,7288
31231,Nasal polypectomy,Procedure,7289
88305,Pathology tissue exam,Lab,7290
99213,Office/outpatient visit EST,Evaluation & Management,7291
99285,Emergency department visit - high severity,Emergency,7292
87070,"Culture, bacterial",Lab,7293
80047,Renal panel,Lab,7294
99213,Office/outpatient visit EST,Evaluation & Management,7295
88305,Pathology tissue exam,Lab,7296
93458,Cardiac cath,Procedure,7297
99285,Emergency dept visit,Emergency,7298
99213,Office/outpatient visit EST,Evaluation & Management,7299
31500,Intubation,Procedure,7300
35301,Bypass graft,Surgery,7301
58150,Cesarean delivery,Surgery,7302
35301,Bypass graft,Surgery,7303
88305,Pathology tissue exam,Lab,7304
95117,Allergy injection,Procedure,7305
15734,Scar revision,Procedure,7306
35301,Rechanneling of artery,Surgery,7307
50360,Dialysis access procedure,Procedure,7308
99213,Office/outpatient visit EST,Evaluation & Management,7309
17000,Destruction benign lesion,Procedure,7310
80048,Thyroid panel,Lab,7311
80047,Renal panel,Lab,7312
87070,"Culture, bacterial",Lab,7313
27447,Knee replacement,Surgery,7314
43239,EGD,Procedure,7315
15734,Scar revision,Procedure,7316
88305,Pathology tissue exam,Lab,7317
99285,Emergency department visit - high severity,Emergency,7318
94010,Pulmonary function test,Diagnostic,7319
94010,Pulmonary function test,Diagnostic,7320
99213,"Office/outpatient visit, est",Evaluation & Management,7321
90792,Unknown Procedure,Evaluation & Management,7322
35301,Bypass graft,Surgery,7323
95115,Allergy testing,Procedure,7324
71020,Chest X-ray,Imaging,7325
93458,Cardiac cath,Procedure,7326
88305,Pathology tissue exam,Lab,7327
92014,Ophthalmology exam,Evaluation & Management,7328
94010,Pulmonary function test,Diagnostic,7329
80048,Thyroid panel,Lab,7330
20610,"Arthrocentesis, small joint",Procedure,7331
92014,Ophthalmology exam,Evaluation & Management,7332
31500,Intubation,Procedure,7333
90792,Rheumatology consult,Evaluation & Management,7334
80050,General health panel,Lab,7335
71020,Chest X-ray,Imaging,7336
87070,"Culture, bacterial",Lab,7337
90792,Rheumatology consult,Evaluation & Management,7338
00520,Anesthesia for procedures,Procedure,7339
88305,Pathology tissue exam,Lab,7340
31500,Intubation,Procedure,7341
99214,Office/outpatient visit EST - extended,Evaluation & Management,7342
76830,Pelvic ultrasound,Imaging,7343
88305,Tissue exam by pathologist,Lab,7344
88305,Pathology tissue exam,Lab,7345
92511,Speech audiometry,Diagnostic,7346
54520,Orchiectomy,Surgery,7347
96413,Chemotherapy administration,Procedure,7348
93458,Cardiac cath,Procedure,7349
11721,Debridement nail,Procedure,7350
95810,"Polysomnography, 4 or more",Diagnostic,7351
93306,Echocardiogram,Imaging,7352
88305,Pathology tissue exam,Lab,7353
99214,Office/outpatient visit EST - extended,Evaluation & Management,7354
90791,Psychiatric diagnostic eval,Evaluation & Management,7355
49900,Appendectomy,Surgery,7356
15734,Scar revision,Procedure,7357
96413,Chemotherapy administration,Procedure,7358
95117,Allergy injection,Procedure,7359
67028,Retinal surgery,Surgery,7360
00520,Anesthesia for procedures,Procedure,7361
58150,Cesarean delivery,Surgery,7362
88305,Pathology tissue exam,Lab,7363
92511,Speech audiometry,Diagnostic,7364
A0425,Ambulance service,Procedure,7365
52000,Cystoscopy,Procedure,7366
11721,Debridement nail,Procedure,7367
00520,Anesthesia for procedures,Procedure,7368
00520,Anesthesia for procedures,Procedure,7369
80050,General health panel,Lab,7370
15734,Scar revision,Procedure,7371
99214,Office visit extended,Evaluation & Management,7372
49900,Appendectomy,Surgery,7373
11721,Debridement nail,Procedure,7374
11721,Debridement nail,Procedure,7375
88305,Pathology tissue exam,Lab,7376
A0425,Unknown Procedure,Procedure,7377
90471,Immunization administration,Preventive,7378
92014,Ophthalmology exam,Evaluation & Management,7379
31500,Intubation,Procedure,7380
31500,Intubation,Procedure,7381
93458,Cardiac cath,Procedure,7382
94010,Pulmonary function test,Diagnostic,7383
88305,Tissue exam by pathologist,Lab,7384
52000,Cystoscopy,Procedure,7385
00520,Anesthesia for procedures,Procedure,7386
90791,Psychiatric diagnostic eval,Evaluation & Management,7387
15734,Scar revision,Procedure,7388
99213,"Office/outpatient visit, est",Evaluation & Management,7389
87070,"Culture, bacterial",Lab,7390
96372,Therapeutic injection,Procedure,7391
93000,"Electrocardiogram, complete",Diagnostic,7392
95117,Allergy injection,Procedure,7393
90791,Psychiatric diagnostic eval,Evaluation & Management,7394
88305,Pathology tissue exam,Lab,7395
31500,Intubation,Procedure,7396
96372,Therapeutic injection,Procedure,7397
95810,Nerve conduction study,Diagnostic,7398
90791,Psychiatric diagnostic eval,Evaluation & Management,7399
49900,Appendectomy,Surgery,7400
99213,Office/outpatient visit EST,Evaluation & Management,7401
31500,Intubation,Procedure,7402
A0425,Ambulance service,Procedure,7403
00520,Anesthesia for procedures,Procedure,7404
11721,Debridement nail,Procedure,7405
95816,"Eeg, awake and drowsy",Diagnostic,7406
90791,Psychiatric diagnostic eval,Evaluation & Management,7407
76830,Pelvic ultrasound,Imaging,7408
50360,Dialysis access procedure,Procedure,7409
90792,Rheumatology consult,Evaluation & Management,7410
80050,General health panel,Lab,7411
52000,Cystoscopy,Procedure,7412
90471,Immunization admin,Preventive,7413
95117,Allergy injection,Procedure,7414
99213,Pediatric office visit,Evaluation & Management,7415
80048,Thyroid panel,Lab,7416
52000,Cystoscopy,Procedure,7417
70450,CT Head without contrast,Imaging,7418
70450,CT Head without contrast,Imaging,7419
58150,Total hysterectomy,Surgery,7420
80047,Unknown Procedure,Lab,7421
90791,Psychiatric diagnostic eval,Evaluation & Management,7422
99213,Pediatric office visit,Evaluation & Management,7423
99214,Office/outpatient visit EST - extended,Evaluation & Management,7424
93000,Electrocardiogram,Diagnostic,7425
49900,Appendectomy,Surgery,7426
11721,Debridement nail,Procedure,7427
93458,Cardiac cath,Procedure,7428
88305,Pathology tissue exam,Lab,7429
94010,Pulmonary function test,Diagnostic,7430
35301,Bypass graft,Surgery,7431
52000,Cystoscopy,Procedure,7432
99214,Office visit extended,Evaluation & Management,7433
92511,Speech audiometry,Diagnostic,7434
11102,Unknown Procedure,Procedure,7435
52000,Cystoscopy,Procedure,7436
94010,Breathing capacity test,Diagnostic,7437
80048,Thyroid panel,Lab,7438
90792,Rheumatology consult,Evaluation & Management,7439
52000,Cystoscopy,Procedure,7440
52000,Cystoscopy,Procedure,7441
92014,Ophthalmology exam,Evaluation & Management,7442
15734,Scar revision,Procedure,7443
54520,Orchiectomy,Surgery,7444
90471,Immunization admin,Preventive,7445
71020,Chest X-ray,Imaging,7446
35301,Bypass graft,Surgery,7447
88305,Pathology tissue exam,Lab,7448
88305,Pathology tissue exam,Lab,7449
80050,General health panel,Lab,7450
71020,Chest X-ray,Imaging,7451
54520,Orchiectomy,Surgery,7452
12001,Simple repair of wound,Procedure,7453
12001,Simple repair of wound,Procedure,7454
99285,Emergency department visit - high severity,Emergency,7455
71020,Chest X-ray,Imaging,7456
92511,Speech audiometry,Diagnostic,7457
90471,Immunization administration,Preventive,7458
92511,Nasopharyngoscopy,Diagnostic,7459
88305,Pathology tissue exam,Lab,7460
96372,Therapeutic injection,Procedure,7461
15734,Scar revision,Procedure,7462
90792,Unknown Procedure,Evaluation & Management,7463
52000,Cystoscopy,Procedure,7464
94010,Pulmonary function test,Diagnostic,7465
80050,General health panel,Lab,7466
99213,Pediatric office visit,Evaluation & Management,7467
15734,Scar revision,Procedure,7468
15734,Scar revision,Procedure,7469
96372,Therapeutic injection,Procedure,7470
96372,Therapeutic injection,Procedure,7471
92511,Speech audiometry,Diagnostic,7472
96413,Chemotherapy administration,Procedure,7473
80050,General health panel,Lab,7474
67028,Retinal surgery,Surgery,7475
76830,Pelvic ultrasound,Imaging,7476
90792,Rheumatology consult,Evaluation & Management,7477
35301,Bypass graft,Surgery,7478
54520,Orchiectomy,Surgery,7479
95810,Nerve conduction study,Diagnostic,7480
96372,Therapeutic injection,Procedure,7481
99213,Office visit,Evaluation & Management,7482
43239,EGD,Procedure,7483
49900,Appendectomy,Surgery,7484
71020,Chest X-ray,Imaging,7485
31500,Intubation,Procedure,7486
88305,Pathology tissue exam,Lab,7487
11721,"Debride nail, 6 or more",Procedure,7488
58150,Cesarean delivery,Surgery,7489
76830,"Transvaginal us, non-ob",Imaging,7490
31500,Intubation,Procedure,7491
71020,Chest X-ray,Imaging,7492
11721,Debridement nail,Procedure,7493
90792,Unknown Procedure,Evaluation & Management,7494
70450,CT Head without contrast,Imaging,7495
99214,Office visit extended,Evaluation & Management,7496
88305,Pathology tissue exam,Lab,7497
90791,Psychiatric diagnostic eval,Evaluation & Management,7498
52000,Cystoscopy,Procedure,7499
A0425,Unknown Procedure,Procedure,7500
