claim_sk,patient_sk,provider_sk,proc_sk,date_of_service,billed_amount,paid_amount,adjudication_status
1,1,1.0,74476075,2023-10-13,5944.48,5880.39,Paid
2,2,2.0,69893948,2024-03-23,2014.75,1926.35,Paid
3,3,3.0,35867643,2023-11-23,,5168.72,Paid
4,4,4.0,95044104,2024-12-05,502.79,,Partially Paid
5,5,5.0,21477593,2024-08-23,418.11,,Paid
6,6,6.0,35277331,2024-08-15,394.83,278.96,Partially Paid
7,7,7.0,35867643,2023-11-30,3087.41,2861.1,Paid
8,8,8.0,22394905,2023-12-01,3805.63,3777.24,Paid
9,9,9.0,76629196,2024-04-14,666.35,253.76,Partially Paid
10,10,10.0,74476075,2024-03-11,5312.42,5267.02,Paid
11,11,11.0,30048293,2024-06-22,31145.48,29848.37,Paid
12,12,12.0,70604284,2025-10-07,118.18,107.66,Paid
13,13,,37909130,2025-02-27,183.57,0.0,Denied
14,14,14.0,69893948,2023-08-23,5517.34,,Paid
15,15,15.0,35867643,2023-01-07,7639.76,2172.54,Partially Paid
16,16,16.0,69893948,2025-11-05,4949.97,4832.41,Paid
17,17,17.0,262606,2025-01-13,7054.03,2223.85,Partially Paid
18,18,18.0,47758957,2023-06-25,371.32,,Partially Paid
19,19,19.0,37909130,2023-12-05,142.77,56.56,Partially Paid
20,20,,78623435,2024-09-30,189.65,177.77,Paid
21,21,,35277331,2023-02-13,255.91,235.95,Paid
22,22,22.0,62378778,2023-03-06,694.73,641.79,Paid
23,23,23.0,44144684,2025-08-26,13504.9,12704.14,Paid
24,24,24.0,20816724,2025-04-21,400.27,387.2,Paid
25,25,25.0,76629196,2023-08-12,236.49,,Paid
26,26,26.0,51422190,2025-06-26,332.81,56.09,Partially Paid
27,27,27.0,35277331,2023-12-07,192.24,189.64,Paid
28,28,28.0,51422190,2024-06-27,374.28,112.16,Partially Paid
29,29,29.0,74476075,2023-05-05,,5783.29,Paid
30,30,30.0,25875482,2023-05-21,496.28,458.32,Paid
31,31,,35277331,2023-03-23,266.78,255.67,Paid
32,32,,69893948,2024-05-03,2271.79,2191.26,Paid
33,33,33.0,44144684,2023-01-20,21039.99,0.0,Denied
34,34,,21477593,2023-09-29,,334.82,Partially Paid
35,35,35.0,25875482,2024-09-11,508.76,,Denied
36,36,36.0,69599038,2023-10-03,2262.83,1402.26,Partially Paid
37,37,37.0,262606,2024-02-21,5562.48,,Partially Paid
38,38,38.0,25875482,2025-05-17,672.01,627.22,Paid
39,39,39.0,25875482,2025-05-25,470.68,468.09,Paid
40,40,40.0,69893948,2023-10-31,3552.34,3326.64,Paid
41,41,41.0,21477593,2023-07-30,189.77,187.39,Paid
42,42,42.0,34679155,2023-12-29,358.5,349.06,Paid
43,43,43.0,74476075,2024-06-30,1441.74,,Paid
44,44,44.0,22394905,2024-12-17,2580.49,669.16,Partially Paid
45,45,45.0,3898775,2023-05-23,7741.74,,Paid
46,46,46.0,3898775,2023-02-26,1099.67,0.0,Denied
47,47,47.0,62378778,2023-08-11,497.43,486.81,Paid
48,48,,30048293,2024-01-25,,12526.11,Paid
49,49,,5243984,2024-10-04,28218.56,,Paid
50,50,,2888077,2023-09-18,1696.35,1591.03,Paid
51,51,51.0,58738053,2023-01-01,15635.62,15300.64,Paid
52,52,52.0,95044104,2025-11-12,404.89,266.1,Partially Paid
53,53,53.0,3898775,2024-11-17,928.42,0.0,Denied
54,54,54.0,78623435,2023-10-29,58.55,55.48,Paid
55,55,55.0,37909130,2024-02-03,,283.32,Paid
56,56,56.0,37909130,2025-05-20,126.59,74.33,Partially Paid
57,57,57.0,70604284,2025-07-23,150.0,142.97,Paid
58,58,58.0,37909130,2025-10-30,199.36,82.16,Partially Paid
59,59,59.0,22394905,2024-05-21,6750.93,6600.84,Paid
60,60,60.0,58820915,2024-08-08,132.56,131.14,Paid
61,61,61.0,78623435,2024-03-14,72.48,69.16,Paid
62,62,62.0,2888077,2023-02-10,6882.51,6456.06,Paid
63,63,63.0,58738053,2025-05-08,23837.72,23360.65,Paid
64,64,64.0,69893948,2023-03-01,3233.09,3167.83,Paid
65,65,65.0,5243984,2023-02-25,36742.51,35504.29,Paid
66,66,66.0,83560890,2024-01-08,,,Paid
67,67,,69893948,2025-05-13,2167.72,1955.15,Paid
68,68,68.0,62378778,2023-03-24,615.67,0.0,Denied
69,69,69.0,262606,2023-09-16,3893.78,3873.44,Paid
70,70,70.0,60618268,2023-08-23,393.34,366.24,Paid
71,71,71.0,662337,2025-03-23,7543.47,,Paid
72,72,72.0,83560890,2023-09-05,4818.12,,Paid
73,73,,84940684,2023-01-26,34735.15,6039.65,Partially Paid
74,74,74.0,84734972,2025-06-10,1573.87,,Paid
75,75,,84734972,2024-07-03,2713.98,2696.24,Paid
76,76,76.0,70604284,2025-02-15,302.3,281.9,Paid
77,77,77.0,63154872,2024-07-26,7066.5,,Paid
78,78,,60618268,2025-04-12,254.52,246.65,Paid
79,79,,76629196,2023-07-10,,250.2,Paid
80,80,80.0,74476075,2024-11-08,2944.12,2739.98,Paid
81,81,81.0,3898775,2024-01-15,,1571.46,Paid
82,82,82.0,86937698,2024-04-10,3014.87,2926.84,Paid
83,83,83.0,34679155,2024-08-21,294.1,290.23,Paid
84,84,84.0,95044104,2025-08-19,409.04,407.63,Paid
85,85,85.0,3898775,2025-03-31,,3909.08,Paid
86,86,86.0,37909130,2023-06-24,397.87,,Paid
87,87,87.0,52736082,2024-08-31,695.12,0.0,Denied
88,88,88.0,32867785,2024-03-01,5079.02,4612.35,Paid
89,89,89.0,21477593,2025-04-16,236.24,,Paid
90,90,90.0,52736082,2023-05-26,565.54,368.44,Partially Paid
91,91,91.0,22394905,2024-06-28,,6093.25,Paid
92,92,92.0,63154872,2025-06-18,1169.96,1134.83,Paid
93,93,93.0,35643704,2023-03-23,,429.21,Paid
94,94,94.0,69893948,2023-02-12,7996.66,7412.51,Paid
95,95,95.0,52736082,2025-06-24,737.05,706.49,Paid
96,96,96.0,60618268,2024-11-13,174.11,159.5,Paid
97,97,97.0,70604284,2023-03-17,,364.65,Paid
98,98,98.0,60618268,2025-08-04,218.36,204.42,Paid
99,99,99.0,70604284,2024-06-30,461.91,187.85,Partially Paid
100,100,100.0,74476075,2024-05-05,5736.31,5170.52,Paid
101,101,101.0,35643704,2025-08-03,474.59,434.44,Paid
102,102,102.0,41734324,2025-08-25,44.12,41.4,Paid
103,103,103.0,12334949,2024-11-27,37698.69,37022.19,Paid
104,104,104.0,35867643,2025-09-29,6949.03,6590.7,Paid
105,105,105.0,30048293,2024-10-21,35436.06,0.0,Denied
106,106,106.0,662337,2023-03-31,2681.78,2658.56,Paid
107,107,107.0,35867643,2025-10-11,7725.63,7698.86,Paid
108,108,,12334949,2023-07-24,23408.29,22758.58,Paid
109,109,109.0,35277331,2025-08-19,323.53,311.34,Paid
110,110,110.0,12334949,2025-02-17,38394.89,37962.71,Paid
111,111,111.0,25875482,2024-04-25,523.37,417.75,Partially Paid
112,112,112.0,6138419,2025-06-27,,1352.22,Paid
113,113,113.0,37909130,2025-06-01,100.95,96.57,Paid
114,114,114.0,37909130,2024-05-08,224.18,206.97,Paid
115,115,115.0,70604284,2024-08-12,558.21,527.05,Paid
116,116,116.0,95044104,2024-05-27,392.63,,Paid
117,117,117.0,86937698,2024-08-28,7943.0,7925.48,Paid
118,118,118.0,84940684,2025-10-14,34149.36,21958.68,Partially Paid
119,119,119.0,69599038,2024-05-28,,,Paid
120,120,120.0,58738053,2024-09-24,32601.37,30530.73,Paid
121,121,121.0,12334949,2023-12-26,12027.82,8582.12,Partially Paid
122,122,122.0,74476075,2024-06-10,,0.0,Denied
123,123,,37909130,2025-08-17,387.01,385.71,Paid
124,124,124.0,12334949,2023-07-04,,31159.67,Paid
125,125,125.0,70604284,2025-02-19,666.81,0.0,Denied
126,126,,69893948,2024-11-02,,6651.49,Paid
127,127,127.0,60618268,2023-08-27,87.09,0.0,Denied
128,128,128.0,32867785,2023-10-05,3231.44,3215.08,Paid
129,129,,91900027,2023-07-22,675.27,671.15,Paid
130,130,130.0,8409724,2025-06-29,762.92,129.35,Partially Paid
131,131,131.0,58820915,2023-05-05,211.11,192.58,Paid
132,132,132.0,34679155,2023-02-13,67.7,67.62,Paid
133,133,133.0,12334949,2024-03-18,33456.85,32701.96,Paid
134,134,134.0,69599038,2024-05-28,6428.41,6342.56,Paid
135,135,,69599038,2024-10-25,323.09,294.88,Paid
136,136,,35277331,2025-07-07,322.31,293.59,Paid
137,137,137.0,37909130,2024-09-09,210.31,0.0,Denied
138,138,138.0,58738053,2023-08-10,22159.41,3355.9,Partially Paid
139,139,139.0,25875482,2024-07-17,518.24,503.32,Paid
140,140,140.0,25875482,2025-11-01,504.07,489.04,Paid
141,141,,22394905,2024-11-25,6653.87,6473.96,Paid
142,142,142.0,69893948,2023-11-09,5557.2,5052.18,Paid
143,143,143.0,262606,2023-09-24,4539.69,4340.66,Paid
144,144,144.0,35277331,2023-04-16,388.94,363.72,Paid
145,145,145.0,52736082,2024-12-18,684.03,667.79,Paid
146,146,146.0,41734324,2023-02-23,95.26,92.34,Paid
147,147,,37909130,2024-11-26,172.86,158.05,Paid
148,148,148.0,25875482,2023-07-07,609.58,574.21,Paid
149,149,149.0,33391524,2023-06-23,7090.07,6915.96,Paid
150,150,150.0,12334949,2025-09-21,26247.66,24188.71,Paid
151,151,151.0,21477593,2025-09-23,272.93,251.66,Paid
152,152,152.0,25875482,2023-10-09,623.12,568.28,Paid
153,153,153.0,37909130,2024-04-16,225.09,,Partially Paid
154,154,,34679155,2023-02-08,210.91,196.42,Paid
155,155,155.0,3898775,2024-08-15,1098.35,1024.19,Paid
156,156,156.0,44144684,2025-06-13,34556.95,33136.21,Paid
157,157,157.0,6138419,2024-03-29,,2660.98,Paid
158,158,158.0,6138419,2024-12-20,5873.56,,Partially Paid
159,159,159.0,47758957,2023-11-10,384.9,353.23,Paid
160,160,160.0,51422190,2025-07-08,288.4,158.65,Partially Paid
161,161,161.0,60618268,2025-06-19,52.78,49.1,Paid
162,162,162.0,35867643,2024-09-27,3801.59,3561.61,Paid
163,163,163.0,74476075,2025-11-04,3198.96,,Paid
164,164,164.0,78623435,2024-10-20,261.75,260.64,Paid
165,165,165.0,63154872,2023-06-22,,3824.39,Paid
166,166,166.0,35643704,2023-11-22,194.67,72.26,Partially Paid
167,167,167.0,44144684,2023-05-15,16539.18,,Paid
168,168,168.0,32867785,2023-11-04,2800.22,,Paid
169,169,169.0,35643704,2023-09-22,305.62,0.0,Denied
170,170,170.0,84734972,2023-09-19,5426.91,3349.18,Partially Paid
171,171,171.0,58738053,2023-02-07,17690.92,16300.75,Paid
172,172,172.0,86937698,2023-06-08,2507.18,1141.73,Partially Paid
173,173,173.0,37909130,2023-09-26,259.04,237.82,Paid
174,174,174.0,262606,2024-05-01,7762.79,7570.58,Paid
175,175,175.0,30048293,2024-02-02,17874.43,0.0,Denied
176,176,176.0,35643704,2025-10-26,273.18,0.0,Denied
177,177,177.0,52736082,2023-04-17,530.88,259.16,Partially Paid
178,178,178.0,51422190,2024-08-06,79.36,74.99,Paid
179,179,179.0,12334949,2025-07-12,35962.04,0.0,Denied
180,180,180.0,51422190,2025-03-01,398.08,359.39,Paid
181,181,181.0,6138419,2023-10-09,498.76,214.83,Partially Paid
182,182,182.0,60618268,2023-01-11,454.81,419.14,Paid
183,183,183.0,78623435,2025-05-16,88.92,82.71,Paid
184,184,184.0,3898775,2025-07-25,689.9,310.37,Partially Paid
185,185,,37909130,2024-08-19,200.23,185.02,Paid
186,186,186.0,25875482,2025-01-08,100.76,95.8,Paid
187,187,187.0,262606,2025-02-03,2178.47,,Paid
188,188,188.0,34679155,2024-11-11,96.69,90.29,Paid
189,189,189.0,76629196,2025-09-07,523.8,75.52,Partially Paid
190,190,190.0,51422190,2023-03-27,160.46,150.8,Paid
191,191,,86937698,2024-08-08,2984.4,2107.16,Partially Paid
192,192,192.0,63154872,2025-03-30,5997.8,,Partially Paid
193,193,193.0,22394905,2024-06-30,6448.96,5854.96,Paid
194,194,194.0,6138419,2024-11-02,,5142.37,Paid
195,195,195.0,74476075,2023-03-28,5869.15,3112.97,Partially Paid
196,196,196.0,70604284,2023-06-03,553.39,526.44,Paid
197,197,197.0,95376350,2025-06-16,471.43,460.99,Paid
198,198,198.0,32867785,2023-11-11,,0.0,Denied
199,199,,25875482,2025-01-21,348.53,322.38,Paid
200,200,200.0,37909130,2025-03-03,369.74,361.42,Paid
201,201,201.0,35277331,2024-02-14,92.92,38.69,Partially Paid
202,202,202.0,63154872,2024-12-12,5734.42,5327.48,Paid
203,203,203.0,2888077,2025-01-10,4168.29,3835.24,Paid
204,204,204.0,95376350,2025-01-25,3845.77,0.0,Denied
205,205,205.0,5243984,2025-03-26,39985.83,38089.28,Paid
206,206,206.0,74476075,2023-06-01,3709.8,3466.63,Paid
207,207,207.0,52736082,2023-04-24,673.54,626.67,Paid
208,208,208.0,66200381,2024-08-04,6798.28,6550.18,Paid
209,209,209.0,30048293,2023-07-11,,22458.15,Paid
210,210,210.0,25875482,2024-11-22,681.9,669.98,Paid
211,211,211.0,12334949,2024-06-26,27789.55,26168.27,Paid
212,212,212.0,78623435,2024-09-10,219.03,126.93,Partially Paid
213,213,213.0,58820915,2025-06-19,,205.02,Paid
214,214,214.0,21477593,2025-03-27,82.77,79.14,Paid
215,215,215.0,44144684,2024-05-22,9930.72,9876.48,Paid
216,216,,37909130,2024-11-01,376.81,346.28,Paid
217,217,217.0,5243984,2024-09-23,22407.96,21048.34,Paid
218,218,218.0,74476075,2023-04-10,594.22,,Paid
219,219,219.0,12334949,2025-06-01,9687.72,9073.3,Paid
220,220,220.0,32867785,2024-02-03,3027.69,2841.9,Paid
221,221,221.0,12334949,2023-09-01,9503.22,8907.56,Paid
222,222,222.0,2888077,2024-02-12,4899.21,4429.01,Paid
223,223,,3898775,2025-07-24,1361.74,269.42,Partially Paid
224,224,224.0,60618268,2024-11-19,263.51,250.07,Paid
225,225,225.0,35277331,2023-08-13,392.96,384.97,Paid
226,226,226.0,74476075,2024-04-11,5826.92,5343.58,Paid
227,227,,69893948,2023-08-14,1688.12,1590.0,Paid
228,228,228.0,35643704,2025-08-23,438.95,397.79,Paid
229,229,229.0,37909130,2025-02-10,159.81,158.41,Paid
230,230,230.0,35867643,2025-09-18,1699.66,1624.55,Paid
231,231,231.0,5243984,2024-02-29,,27641.59,Paid
232,232,232.0,37909130,2025-02-16,363.52,339.71,Paid
233,233,233.0,47758957,2024-12-10,463.52,,Paid
234,234,234.0,74476075,2024-07-10,1270.73,1218.23,Paid
235,235,235.0,37909130,2024-04-21,68.37,66.44,Paid
236,236,236.0,51422190,2023-11-20,192.42,,Denied
237,237,237.0,69893948,2024-10-19,2426.24,2370.13,Paid
238,238,238.0,21477593,2023-12-25,,166.26,Partially Paid
239,239,,95376350,2024-01-17,,0.0,Denied
240,240,240.0,74476075,2023-08-08,7441.95,7035.88,Paid
241,241,241.0,35643704,2025-08-16,150.96,,Partially Paid
242,242,242.0,33391524,2024-11-21,6367.99,,Paid
243,243,243.0,66200381,2025-05-25,4219.19,4079.64,Paid
244,244,244.0,5243984,2023-01-14,14127.48,13779.6,Paid
245,245,245.0,84940684,2024-06-19,27878.92,25264.22,Paid
246,246,246.0,69893948,2024-09-28,5584.26,5551.11,Paid
247,247,247.0,2888077,2025-09-06,1394.85,1339.86,Paid
248,248,248.0,60618268,2024-03-23,385.69,370.1,Paid
249,249,249.0,74476075,2023-06-09,7354.51,7228.58,Paid
250,250,250.0,37909130,2025-06-23,90.68,86.9,Paid
251,251,251.0,66200381,2025-07-17,1229.17,1175.57,Paid
252,252,252.0,91900027,2025-03-21,240.84,222.0,Paid
253,253,253.0,78623435,2023-05-04,377.1,374.6,Paid
254,254,254.0,35277331,2025-05-10,181.06,74.95,Partially Paid
255,255,255.0,30048293,2023-09-30,27873.69,,Paid
256,256,256.0,35867643,2023-01-08,6098.2,0.0,Denied
257,257,257.0,60618268,2025-02-15,415.21,388.06,Paid
258,258,,8409724,2023-03-07,657.11,,Paid
259,259,259.0,58738053,2023-03-10,20625.44,20361.87,Paid
260,260,260.0,20816724,2024-03-20,615.79,562.84,Paid
261,261,261.0,84734972,2024-10-15,4704.3,4618.86,Paid
262,262,262.0,5243984,2024-03-28,19474.61,18611.34,Paid
263,263,263.0,25875482,2023-04-07,779.22,0.0,Denied
264,264,264.0,35277331,2025-04-16,102.23,99.72,Paid
265,265,265.0,74476075,2025-08-06,7334.98,7311.35,Paid
266,266,,74476075,2023-06-11,7393.36,,Partially Paid
267,267,267.0,69599038,2023-03-22,7014.24,6847.09,Paid
268,268,268.0,69599038,2024-09-12,7664.75,7616.58,Paid
269,269,269.0,37909130,2024-02-23,188.82,176.01,Paid
270,270,270.0,95044104,2024-09-23,246.17,233.79,Paid
271,271,,60618268,2024-02-21,197.94,,Paid
272,272,,12334949,2025-05-05,,14151.22,Paid
273,273,,86820499,2024-06-11,6154.21,5984.08,Paid
274,274,274.0,60618268,2023-12-13,,80.07,Paid
275,275,275.0,86820499,2023-04-10,6161.84,6064.82,Paid
276,276,276.0,78623435,2025-11-01,209.6,202.01,Paid
277,277,277.0,70604284,2025-04-22,58.89,54.62,Paid
278,278,278.0,35277331,2024-01-03,87.46,80.02,Paid
279,279,279.0,25875482,2024-07-01,646.2,643.57,Paid
280,280,280.0,95044104,2024-09-06,563.03,313.95,Partially Paid
281,281,281.0,66200381,2025-09-01,637.7,584.86,Paid
282,282,282.0,35277331,2023-07-15,,94.73,Partially Paid
283,283,283.0,74476075,2023-03-09,1598.97,177.42,Partially Paid
284,284,284.0,60618268,2023-06-07,,,Paid
285,285,285.0,41734324,2023-10-14,120.67,,Paid
286,286,286.0,60618268,2024-11-28,310.48,297.92,Paid
287,287,287.0,8409724,2025-10-01,221.1,,Paid
288,288,288.0,58738053,2024-08-27,32931.93,29908.9,Paid
289,289,289.0,52736082,2025-03-08,287.51,258.91,Paid
290,290,290.0,44144684,2023-09-29,8055.4,,Paid
291,291,291.0,37909130,2023-07-10,258.92,182.44,Partially Paid
292,292,292.0,20816724,2024-05-12,478.97,449.31,Paid
293,293,293.0,47758957,2023-05-10,,93.24,Paid
294,294,294.0,5243984,2024-02-05,21025.16,18936.87,Paid
295,295,295.0,25875482,2025-06-20,301.05,211.23,Partially Paid
296,296,296.0,25875482,2025-09-08,,0.0,Denied
297,297,297.0,60618268,2024-05-11,176.43,172.65,Paid
298,298,298.0,2888077,2024-01-04,5517.36,5491.43,Paid
299,299,299.0,60618268,2023-05-22,413.1,159.62,Partially Paid
300,300,300.0,35867643,2023-11-12,5778.84,877.09,Partially Paid
301,301,301.0,37909130,2023-03-17,326.75,323.34,Paid
302,302,302.0,21477593,2023-12-07,330.56,330.02,Paid
303,303,303.0,33391524,2023-08-05,282.27,268.46,Paid
304,304,304.0,35277331,2025-10-21,102.76,0.0,Denied
305,305,305.0,86937698,2023-08-26,6684.28,6248.68,Paid
306,306,306.0,33391524,2024-12-14,3914.07,,Paid
307,307,307.0,84940684,2023-02-16,34721.3,33600.29,Paid
308,308,308.0,47758957,2023-12-24,284.92,268.58,Paid
309,309,309.0,60618268,2024-01-17,327.43,295.64,Paid
310,310,,41734324,2024-03-15,38.81,38.07,Paid
311,311,311.0,62378778,2024-01-18,324.34,295.6,Paid
312,312,312.0,37909130,2025-03-06,263.96,246.75,Paid
313,313,313.0,63154872,2023-06-23,5442.46,5028.06,Paid
314,314,314.0,37909130,2025-03-06,196.38,184.28,Paid
315,315,315.0,37909130,2023-12-08,221.37,,Paid
316,316,316.0,84734972,2025-09-19,1264.97,979.95,Partially Paid
317,317,317.0,3898775,2025-09-27,1504.58,1473.87,Paid
318,318,318.0,12334949,2024-08-14,10887.31,10606.98,Paid
319,319,319.0,84940684,2024-07-02,32128.96,11463.72,Partially Paid
320,320,320.0,37909130,2025-05-20,85.85,53.74,Partially Paid
321,321,321.0,25875482,2024-12-14,696.65,687.27,Paid
322,322,322.0,41734324,2024-12-19,130.55,123.08,Paid
323,323,323.0,69893948,2024-12-19,4351.79,,Paid
324,324,324.0,41734324,2023-07-15,28.98,,Paid
325,325,325.0,12334949,2023-09-29,13738.7,13503.06,Paid
326,326,326.0,8409724,2025-04-28,331.38,324.57,Paid
327,327,327.0,22394905,2025-07-20,7611.98,6852.66,Paid
328,328,328.0,47758957,2023-05-10,,400.65,Paid
329,329,329.0,12334949,2024-11-22,24155.87,23799.38,Paid
330,330,330.0,8409724,2023-07-23,,57.89,Partially Paid
331,331,331.0,12334949,2024-02-19,39849.29,28592.0,Partially Paid
332,332,332.0,2888077,2023-07-11,5305.79,,Paid
333,333,,62378778,2025-05-29,,487.51,Paid
334,334,334.0,51422190,2025-06-30,53.25,52.28,Paid
335,335,335.0,51422190,2025-02-23,81.27,14.0,Partially Paid
336,336,336.0,30048293,2023-10-20,7394.41,7106.26,Paid
337,337,337.0,37909130,2025-04-23,265.63,244.84,Paid
338,338,338.0,20816724,2024-12-20,772.44,706.0,Paid
339,339,339.0,70604284,2024-08-06,,624.58,Paid
340,340,340.0,8409724,2025-03-13,271.66,268.89,Paid
341,341,341.0,34679155,2023-05-26,234.9,0.0,Denied
342,342,342.0,8409724,2025-05-11,324.06,316.37,Paid
343,343,,66200381,2024-03-17,510.65,499.89,Paid
344,344,344.0,35867643,2025-05-17,5674.12,5411.16,Paid
345,345,,662337,2024-02-21,7799.64,7274.53,Paid
346,346,346.0,12334949,2023-04-29,13556.79,2456.36,Partially Paid
347,347,347.0,51422190,2023-09-02,54.43,49.05,Paid
348,348,348.0,35643704,2023-12-08,198.5,195.99,Paid
349,349,349.0,69893948,2024-07-11,4286.06,4275.37,Paid
350,350,350.0,69893948,2025-10-20,6903.01,6321.3,Paid
351,351,351.0,22394905,2024-04-12,5978.08,5893.6,Paid
352,352,352.0,41734324,2023-11-04,35.05,0.0,Denied
353,353,353.0,35277331,2024-04-04,162.63,158.08,Paid
354,354,354.0,60618268,2025-10-25,343.2,316.54,Paid
355,355,355.0,22394905,2024-08-01,6233.51,5664.01,Paid
356,356,356.0,84734972,2024-09-14,5968.69,5591.63,Paid
357,357,357.0,51422190,2024-05-17,,0.0,Denied
358,358,358.0,25875482,2024-11-17,51.1,,Paid
359,359,359.0,34679155,2025-05-09,222.21,222.14,Paid
360,360,360.0,34679155,2025-04-25,295.3,294.55,Paid
361,361,361.0,12334949,2023-06-03,25716.35,24848.28,Paid
362,362,,58738053,2025-03-15,29525.4,,Paid
363,363,363.0,8409724,2023-08-12,166.56,157.67,Paid
364,364,364.0,58820915,2025-07-14,,153.21,Paid
365,365,365.0,22394905,2023-03-24,1877.16,382.62,Partially Paid
366,366,366.0,5243984,2024-09-04,14105.84,0.0,Denied
367,367,,86820499,2024-05-26,938.86,919.5,Paid
368,368,368.0,62378778,2023-09-25,198.6,192.37,Paid
369,369,369.0,35277331,2023-02-14,399.01,384.88,Paid
370,370,370.0,37909130,2023-09-08,64.94,59.54,Paid
371,371,,60618268,2025-02-22,347.94,320.62,Paid
372,372,,20816724,2023-03-12,510.58,,Paid
373,373,373.0,51422190,2023-06-29,147.92,136.08,Paid
374,374,,58738053,2025-02-22,32367.05,30892.79,Paid
375,375,375.0,84734972,2025-03-06,2309.4,2216.36,Paid
376,376,376.0,41734324,2025-08-24,84.12,84.12,Paid
377,377,377.0,62378778,2023-04-25,,0.0,Denied
378,378,378.0,25875482,2023-12-27,227.41,221.45,Paid
379,379,379.0,74476075,2023-10-19,4592.25,,Paid
380,380,380.0,84734972,2023-07-04,638.11,575.57,Paid
381,381,381.0,41734324,2023-09-25,57.71,56.57,Paid
382,382,,51422190,2023-08-16,346.27,267.46,Partially Paid
383,383,383.0,60618268,2023-07-26,181.55,181.11,Paid
384,384,384.0,35277331,2023-12-23,297.51,294.23,Paid
385,385,,35867643,2025-02-13,,2366.92,Paid
386,386,386.0,69893948,2023-03-08,1620.24,1589.26,Paid
387,387,387.0,25875482,2023-10-16,298.38,278.89,Paid
388,388,388.0,41734324,2024-11-18,,67.09,Paid
389,389,389.0,51422190,2023-04-09,185.08,184.51,Paid
390,390,390.0,58820915,2025-02-07,68.69,,Paid
391,391,391.0,37909130,2024-08-26,57.03,51.92,Paid
392,392,392.0,32867785,2023-07-10,,0.0,Denied
393,393,,58820915,2025-06-08,95.41,87.83,Paid
394,394,394.0,62378778,2024-06-27,545.45,496.14,Paid
395,395,395.0,34679155,2023-04-22,176.29,163.85,Paid
396,396,396.0,2888077,2024-08-20,7821.05,,Paid
397,397,397.0,44144684,2023-07-06,27465.32,25737.81,Paid
398,398,,44144684,2025-06-19,,,Paid
399,399,399.0,34679155,2023-06-25,,110.64,Partially Paid
400,400,400.0,86820499,2025-05-07,7731.9,7682.7,Paid
401,401,401.0,35277331,2025-10-25,249.93,239.22,Paid
402,402,402.0,95376350,2023-12-09,7782.89,1465.75,Partially Paid
403,403,403.0,60618268,2023-10-30,420.37,416.62,Paid
404,404,404.0,37909130,2024-10-29,349.82,346.92,Paid
405,405,405.0,12334949,2025-05-09,8938.16,8550.77,Paid
406,406,406.0,86820499,2024-08-08,6966.31,4977.61,Partially Paid
407,407,407.0,44144684,2025-08-26,6311.3,,Paid
408,408,408.0,69893948,2024-05-01,584.47,541.72,Paid
409,409,409.0,91900027,2024-09-28,260.26,252.35,Paid
410,410,410.0,69599038,2025-06-26,6237.44,6068.28,Paid
411,411,411.0,95376350,2025-09-19,6124.05,4131.97,Partially Paid
412,412,412.0,51422190,2023-10-05,323.18,309.24,Paid
413,413,413.0,37909130,2024-05-25,61.57,,Paid
414,414,414.0,83560890,2025-03-23,3885.38,3508.72,Paid
415,415,415.0,74476075,2024-12-17,2885.14,810.9,Partially Paid
416,416,416.0,41734324,2024-03-14,,125.81,Paid
417,417,417.0,58820915,2025-08-28,457.53,439.28,Paid
418,418,,37909130,2024-07-17,198.33,185.41,Paid
419,419,419.0,63154872,2025-03-24,,,Paid
420,420,420.0,8409724,2024-09-03,563.31,525.92,Paid
421,421,421.0,12334949,2024-09-03,11592.6,10711.91,Paid
422,422,422.0,52736082,2025-04-07,545.4,530.2,Paid
423,423,423.0,60618268,2025-04-08,206.37,200.35,Paid
424,424,424.0,60618268,2025-09-01,455.13,432.71,Paid
425,425,425.0,3898775,2024-08-24,961.3,,Paid
426,426,426.0,47758957,2024-03-31,190.54,177.34,Paid
427,427,427.0,35643704,2023-08-30,,125.02,Partially Paid
428,428,428.0,34679155,2025-02-20,235.44,232.4,Paid
429,429,,47758957,2025-07-26,88.75,20.08,Partially Paid
430,430,430.0,66200381,2024-10-03,5149.09,4775.02,Paid
431,431,431.0,22394905,2023-09-23,,4695.06,Paid
432,432,432.0,2888077,2025-02-03,7610.54,4793.07,Partially Paid
433,433,,34679155,2024-04-08,292.73,267.23,Paid
434,434,434.0,86937698,2023-04-04,2525.98,2457.23,Paid
435,435,435.0,51422190,2024-12-02,398.65,388.69,Paid
436,436,436.0,12334949,2023-02-09,12994.64,11865.67,Paid
437,437,437.0,37909130,2023-03-18,181.32,177.17,Paid
438,438,438.0,6138419,2023-02-10,,544.21,Paid
439,439,439.0,74476075,2024-02-25,5622.5,5229.55,Paid
440,440,440.0,52736082,2023-10-08,,166.81,Partially Paid
441,441,441.0,41734324,2024-02-11,,93.65,Paid
442,442,442.0,37909130,2023-03-22,,140.69,Partially Paid
443,443,443.0,41734324,2023-08-15,126.93,116.13,Paid
444,444,444.0,25875482,2024-06-08,533.25,532.04,Paid
445,445,445.0,12334949,2023-03-22,34828.7,33702.92,Paid
446,446,446.0,12334949,2023-01-20,34819.96,31931.69,Paid
447,447,447.0,32867785,2023-07-10,3106.45,2831.17,Paid
448,448,448.0,3898775,2025-09-06,6439.21,6308.44,Paid
449,449,449.0,22394905,2023-08-01,3445.02,3376.9,Paid
450,450,450.0,33391524,2023-03-01,6928.09,4219.87,Partially Paid
451,451,451.0,74476075,2025-06-21,558.58,520.27,Paid
452,452,452.0,41734324,2023-07-15,70.6,66.94,Paid
453,453,453.0,8409724,2023-04-22,58.73,0.0,Denied
454,454,,30048293,2025-10-03,16222.18,15051.19,Paid
455,455,455.0,21477593,2023-06-11,240.37,99.43,Partially Paid
456,456,456.0,25875482,2023-02-06,126.98,121.36,Paid
457,457,457.0,262606,2024-09-15,7142.87,6896.15,Paid
458,458,458.0,35867643,2024-04-01,6785.68,6627.86,Paid
459,459,,25875482,2023-08-22,123.08,110.8,Paid
460,460,460.0,60618268,2025-02-04,357.01,327.17,Paid
461,461,461.0,262606,2023-08-08,2183.46,1991.48,Paid
462,462,462.0,30048293,2024-11-23,,8707.44,Paid
463,463,463.0,35277331,2025-10-29,97.12,,Paid
464,464,464.0,5243984,2025-09-16,37352.98,27533.89,Partially Paid
465,465,465.0,25875482,2024-10-21,428.08,427.2,Paid
466,466,466.0,62378778,2025-07-16,653.6,627.62,Paid
467,467,467.0,35867643,2024-03-21,1766.93,1641.58,Paid
468,468,468.0,60618268,2025-10-28,280.4,272.28,Paid
469,469,,35277331,2024-08-08,,321.86,Paid
470,470,,37909130,2024-02-14,143.44,,Partially Paid
471,471,471.0,69893948,2024-02-22,,5964.99,Paid
472,472,472.0,60618268,2024-04-04,376.36,347.67,Paid
473,473,473.0,51422190,2025-03-04,195.8,113.49,Partially Paid
474,474,,69893948,2025-06-26,6673.87,3959.21,Partially Paid
475,475,475.0,76629196,2024-02-07,632.11,0.0,Denied
476,476,476.0,58820915,2024-01-18,481.99,439.54,Paid
477,477,477.0,62378778,2023-11-26,487.99,455.32,Paid
478,478,478.0,78623435,2023-04-15,320.78,,Paid
479,479,479.0,58820915,2023-05-30,,365.42,Paid
480,480,480.0,34679155,2025-05-01,,224.46,Paid
481,481,481.0,12334949,2024-03-23,38260.79,36251.55,Paid
482,482,482.0,51422190,2024-05-14,385.61,359.42,Paid
483,483,483.0,25875482,2023-02-20,733.5,265.87,Partially Paid
484,484,484.0,74476075,2024-10-18,4208.38,0.0,Denied
485,485,485.0,86820499,2023-01-16,5090.08,4901.5,Paid
486,486,486.0,60618268,2024-02-26,278.12,277.46,Paid
487,487,487.0,70604284,2023-02-18,,358.43,Paid
488,488,488.0,86820499,2024-04-11,7305.7,6904.71,Paid
489,489,489.0,44144684,2023-01-13,27449.8,26779.92,Paid
490,490,490.0,25875482,2023-08-06,267.38,256.86,Paid
491,491,491.0,58820915,2023-03-05,247.51,226.13,Paid
492,492,492.0,74476075,2023-10-23,2524.84,1958.66,Partially Paid
493,493,,58820915,2023-10-17,79.15,75.96,Paid
494,494,494.0,34679155,2024-03-09,,184.95,Paid
495,495,,37909130,2024-02-02,90.12,86.22,Paid
496,496,496.0,83560890,2025-08-02,3939.11,3809.78,Paid
497,497,497.0,51422190,2024-11-08,,161.6,Paid
498,498,498.0,32867785,2025-09-22,3715.04,3457.1,Paid
499,499,499.0,52736082,2025-05-27,176.48,172.7,Paid
500,500,500.0,86937698,2025-09-09,3810.22,3545.59,Paid
501,501,501.0,47758957,2023-10-14,447.82,435.89,Paid
502,502,502.0,21477593,2023-03-05,,400.61,Paid
503,503,503.0,86820499,2025-08-24,5300.48,4978.47,Paid
504,504,,84940684,2025-03-23,,16385.42,Paid
505,505,505.0,5243984,2024-01-02,,24505.26,Paid
506,506,506.0,6138419,2023-03-24,1906.79,,Paid
507,507,507.0,37909130,2025-01-09,185.83,133.26,Partially Paid
508,508,508.0,34679155,2024-07-14,342.21,326.62,Paid
509,509,509.0,25875482,2023-06-09,437.5,433.44,Paid
510,510,510.0,12334949,2025-09-14,36051.02,35625.74,Paid
511,511,511.0,41734324,2024-03-09,31.03,29.8,Paid
512,512,512.0,37909130,2023-08-21,,201.28,Paid
513,513,513.0,62378778,2023-03-30,145.91,133.28,Paid
514,514,514.0,51422190,2024-06-12,372.86,350.69,Paid
515,515,,6138419,2023-06-25,1889.43,1789.56,Paid
516,516,516.0,70604284,2023-10-20,645.96,146.84,Partially Paid
517,517,517.0,84940684,2023-05-21,13043.48,11880.75,Paid
518,518,518.0,47758957,2023-11-03,310.65,307.59,Paid
519,519,519.0,22394905,2023-07-10,3961.48,3804.4,Paid
520,520,520.0,52736082,2025-05-11,327.78,312.37,Paid
521,521,521.0,60618268,2024-12-18,302.74,295.52,Paid
522,522,522.0,12334949,2023-06-21,14914.33,5757.72,Partially Paid
523,523,523.0,34679155,2023-08-30,231.92,213.49,Paid
524,524,524.0,51422190,2024-06-03,141.46,135.3,Paid
525,525,525.0,60618268,2025-04-26,285.01,261.6,Paid
526,526,526.0,2888077,2025-03-26,5939.1,3334.79,Partially Paid
527,527,527.0,83560890,2023-07-25,1443.86,1348.34,Paid
528,528,528.0,22394905,2023-07-06,6621.39,6356.7,Paid
529,529,529.0,58738053,2023-03-19,30357.31,0.0,Denied
530,530,530.0,74476075,2023-04-28,7576.58,4153.51,Partially Paid
531,531,531.0,3898775,2024-08-08,1719.02,786.25,Partially Paid
532,532,532.0,95376350,2024-05-04,5309.15,0.0,Denied
533,533,533.0,21477593,2025-03-20,214.62,193.49,Paid
534,534,534.0,21477593,2024-12-13,186.79,48.27,Partially Paid
535,535,,86820499,2024-06-18,1565.27,1496.18,Paid
536,536,536.0,34679155,2024-06-11,,,Partially Paid
537,537,537.0,69893948,2024-11-26,7697.66,7282.54,Paid
538,538,538.0,6138419,2024-03-27,5479.92,,Paid
539,539,,35277331,2024-05-23,,146.77,Paid
540,540,540.0,41734324,2024-10-04,59.5,17.16,Partially Paid
541,541,541.0,86820499,2024-06-27,1812.87,1676.85,Paid
542,542,542.0,44144684,2025-10-05,26483.94,25269.58,Paid
543,543,543.0,3898775,2025-10-05,7205.35,3618.26,Partially Paid
544,544,544.0,69893948,2024-07-27,3303.46,3015.48,Paid
545,545,545.0,76629196,2023-03-08,426.86,413.47,Paid
546,546,546.0,37909130,2025-07-31,160.48,155.25,Paid
547,547,547.0,58820915,2024-06-15,109.83,101.81,Paid
548,548,548.0,69893948,2025-05-08,5665.56,5583.03,Paid
549,549,549.0,74476075,2024-04-13,6550.69,6422.35,Paid
550,550,550.0,95044104,2025-08-26,654.25,621.51,Paid
551,551,551.0,86937698,2023-04-08,3307.53,2996.63,Paid
552,552,552.0,37909130,2024-11-16,140.92,134.68,Paid
553,553,553.0,37909130,2024-02-12,251.9,240.27,Paid
554,554,554.0,70604284,2025-07-04,717.22,666.05,Paid
555,555,555.0,37909130,2025-05-13,270.95,266.86,Paid
556,556,556.0,83560890,2024-10-10,3987.48,3830.13,Paid
557,557,557.0,95044104,2025-07-11,360.49,,Paid
558,558,558.0,74476075,2024-03-07,1501.9,1361.29,Paid
559,559,559.0,44144684,2023-06-20,8637.49,7846.56,Paid
560,560,560.0,25875482,2025-06-26,519.86,511.47,Paid
561,561,561.0,95376350,2025-09-02,3844.11,2900.0,Partially Paid
562,562,562.0,60618268,2023-12-29,303.6,295.98,Paid
563,563,563.0,63154872,2024-12-12,3956.88,3596.63,Paid
564,564,564.0,44144684,2023-01-22,5003.23,3470.05,Partially Paid
565,565,565.0,58820915,2025-09-04,163.81,160.5,Paid
566,566,566.0,37909130,2025-04-23,358.76,331.85,Paid
567,567,567.0,35867643,2025-05-14,5077.52,4975.95,Paid
568,568,568.0,33391524,2025-04-25,1666.4,1522.53,Paid
569,569,569.0,95376350,2025-10-04,,1506.55,Paid
570,570,570.0,62378778,2023-09-14,586.4,541.41,Paid
571,571,571.0,12334949,2024-09-30,32500.39,30457.41,Paid
572,572,572.0,47758957,2023-04-25,147.92,141.16,Paid
573,573,573.0,35277331,2023-01-26,92.69,85.73,Paid
574,574,574.0,2888077,2025-08-01,5935.52,5737.28,Paid
575,575,575.0,83560890,2024-10-23,1119.95,1091.36,Paid
576,576,576.0,37909130,2025-01-08,360.63,91.04,Partially Paid
577,577,,41734324,2023-12-09,121.21,113.89,Paid
578,578,578.0,51422190,2023-11-14,179.99,164.83,Paid
579,579,579.0,22394905,2023-05-03,2973.04,2835.2,Paid
580,580,580.0,37909130,2024-12-12,331.93,305.14,Paid
581,581,581.0,84940684,2025-09-20,29731.91,28372.37,Paid
582,582,582.0,25875482,2024-10-24,599.3,589.19,Paid
583,583,,3898775,2024-06-23,4424.53,4325.38,Paid
584,584,584.0,35277331,2025-01-15,,312.64,Paid
585,585,585.0,8409724,2023-11-12,,491.47,Paid
586,586,586.0,35277331,2023-09-23,112.52,102.47,Paid
587,587,587.0,66200381,2025-09-30,4301.41,3981.36,Paid
588,588,588.0,34679155,2024-03-03,279.51,190.75,Partially Paid
589,589,589.0,37909130,2025-05-01,337.71,47.55,Partially Paid
590,590,,76629196,2024-09-14,108.45,103.24,Paid
591,591,591.0,66200381,2024-01-31,4304.3,4143.03,Paid
592,592,,12334949,2025-01-03,28607.24,26968.26,Paid
593,593,593.0,3898775,2025-10-30,,2832.16,Paid
594,594,594.0,51422190,2024-10-26,345.7,,Paid
595,595,,74476075,2025-02-07,6172.52,1715.11,Partially Paid
596,596,596.0,69893948,2024-08-05,4846.95,,Paid
597,597,,41734324,2024-10-06,13.04,7.6,Partially Paid
598,598,598.0,41734324,2023-11-13,23.2,21.24,Paid
599,599,599.0,63154872,2024-06-08,6526.38,6134.67,Paid
600,600,600.0,3898775,2023-12-21,4008.56,2373.04,Partially Paid
601,601,601.0,37909130,2025-02-20,77.47,,Paid
602,602,602.0,60618268,2024-04-09,378.89,284.19,Partially Paid
603,603,603.0,34679155,2023-11-03,164.39,150.47,Paid
604,604,604.0,25875482,2025-10-30,117.56,115.05,Paid
605,605,605.0,20816724,2023-04-11,461.11,433.38,Paid
606,606,,35867643,2025-09-11,4562.51,4403.85,Paid
607,607,607.0,262606,2024-05-19,,1970.94,Paid
608,608,608.0,35277331,2024-12-14,,112.65,Paid
609,609,609.0,95044104,2023-10-26,,100.2,Partially Paid
610,610,610.0,34679155,2023-08-19,,,Paid
611,611,611.0,35277331,2024-12-04,292.83,276.73,Paid
612,612,612.0,41734324,2024-02-22,86.5,82.6,Paid
613,613,613.0,95376350,2023-03-31,2192.56,2017.31,Paid
614,614,614.0,84940684,2023-05-17,18602.58,18327.42,Paid
615,615,615.0,60618268,2024-04-18,490.3,476.07,Paid
616,616,616.0,2888077,2024-01-17,1751.23,0.0,Denied
617,617,617.0,51422190,2024-11-14,221.48,199.74,Paid
618,618,618.0,35867643,2024-07-18,6532.76,6453.5,Paid
619,619,619.0,58738053,2023-11-07,16962.52,15499.1,Paid
620,620,620.0,58820915,2025-05-04,135.37,134.97,Paid
621,621,621.0,60618268,2024-02-19,434.04,,Paid
622,622,622.0,41734324,2023-11-20,54.45,54.17,Paid
623,623,623.0,20816724,2023-03-02,,243.28,Partially Paid
624,624,624.0,35277331,2023-11-08,322.69,296.38,Paid
625,625,625.0,86937698,2024-04-20,2001.12,1816.91,Paid
626,626,626.0,34679155,2025-02-04,114.39,108.37,Paid
627,627,627.0,25875482,2024-07-06,762.65,,Paid
628,628,628.0,25875482,2025-09-30,565.9,408.19,Partially Paid
629,629,629.0,60618268,2024-10-02,209.19,0.0,Denied
630,630,630.0,62378778,2024-05-18,439.03,427.4,Paid
631,631,631.0,91900027,2024-01-24,268.38,249.72,Paid
632,632,632.0,32867785,2023-04-22,5581.63,2369.43,Partially Paid
633,633,633.0,70604284,2023-10-05,344.8,311.18,Paid
634,634,634.0,51422190,2025-07-20,81.56,78.69,Paid
635,635,635.0,262606,2025-07-09,5145.76,4995.13,Paid
636,636,636.0,76629196,2025-02-14,462.76,424.39,Paid
637,637,637.0,3898775,2023-11-29,6976.78,6775.88,Paid
638,638,,84734972,2024-08-14,,,Paid
639,639,639.0,35277331,2025-07-28,224.17,219.85,Paid
640,640,640.0,84734972,2025-07-18,3399.18,3263.25,Paid
641,641,641.0,69599038,2024-03-01,581.57,561.41,Paid
642,642,642.0,52736082,2024-09-03,298.33,,Paid
643,643,643.0,60618268,2023-12-30,483.82,452.86,Paid
644,644,644.0,86820499,2025-02-15,6598.06,6494.67,Paid
645,645,645.0,37909130,2024-11-05,234.47,,Paid
646,646,646.0,66200381,2023-06-29,3972.57,3946.31,Paid
647,647,647.0,30048293,2024-12-25,37448.69,35562.76,Paid
648,648,648.0,76629196,2024-04-21,581.44,0.0,Denied
649,649,649.0,12334949,2024-02-29,32984.75,0.0,Denied
650,650,,70604284,2023-01-24,530.46,490.91,Paid
651,651,651.0,12334949,2023-01-13,8984.29,8441.68,Paid
652,652,652.0,66200381,2025-09-08,7346.07,4054.71,Partially Paid
653,653,653.0,35867643,2024-11-17,3807.27,2853.37,Partially Paid
654,654,654.0,74476075,2023-02-08,1824.45,1787.88,Paid
655,655,655.0,8409724,2024-11-25,787.71,775.3,Paid
656,656,656.0,44144684,2024-10-06,29844.4,27119.0,Paid
657,657,657.0,86820499,2024-03-18,,4026.96,Paid
658,658,658.0,20816724,2025-11-02,68.7,65.27,Paid
659,659,659.0,86820499,2024-09-27,6249.16,6169.05,Paid
660,660,660.0,21477593,2023-08-26,21.97,,Denied
661,661,661.0,51422190,2024-10-01,57.87,55.78,Paid
662,662,662.0,58738053,2024-10-15,32047.55,29716.58,Paid
663,663,663.0,62378778,2025-11-18,126.78,121.07,Paid
664,664,664.0,60618268,2024-05-16,102.21,101.11,Paid
665,665,665.0,3898775,2023-08-05,3192.08,2997.97,Paid
666,666,666.0,60618268,2023-06-10,487.37,461.33,Paid
667,667,667.0,69599038,2023-07-19,3753.56,3644.79,Paid
668,668,668.0,60618268,2024-06-12,458.17,,Paid
669,669,669.0,2888077,2025-09-25,,,Paid
670,670,670.0,44144684,2023-09-18,22778.24,22127.4,Paid
671,671,671.0,83560890,2025-08-02,2524.74,2429.02,Paid
672,672,672.0,83560890,2024-03-02,4920.71,4814.58,Paid
673,673,673.0,41734324,2023-12-21,102.77,102.06,Paid
674,674,674.0,60618268,2023-07-19,414.57,,Paid
675,675,,69599038,2025-02-15,2753.78,2495.33,Paid
676,676,676.0,12334949,2023-10-28,28130.85,26137.79,Paid
677,677,677.0,86937698,2024-09-05,,1455.73,Partially Paid
678,678,678.0,32867785,2023-01-17,4969.63,4893.91,Paid
679,679,679.0,37909130,2023-01-02,296.17,104.1,Partially Paid
680,680,680.0,2888077,2025-03-18,5076.67,4775.13,Paid
681,681,681.0,60618268,2023-10-12,110.35,,Paid
682,682,682.0,60618268,2023-10-03,25.57,23.38,Paid
683,683,683.0,60618268,2023-06-23,85.87,60.29,Partially Paid
684,684,,33391524,2025-07-10,3200.77,3016.65,Paid
685,685,685.0,37909130,2025-10-24,144.24,72.62,Partially Paid
686,686,686.0,78623435,2023-08-20,253.09,0.0,Denied
687,687,687.0,52736082,2025-08-10,437.71,,Paid
688,688,688.0,37909130,2024-10-01,264.56,125.54,Partially Paid
689,689,689.0,5243984,2024-11-09,19735.56,0.0,Denied
690,690,690.0,33391524,2024-09-14,5870.38,5319.4,Paid
691,691,691.0,25875482,2023-02-25,265.11,252.0,Paid
692,692,692.0,58820915,2024-06-10,26.82,24.61,Paid
693,693,,262606,2024-06-19,6303.72,5787.33,Paid
694,694,694.0,21477593,2023-11-12,422.05,397.27,Paid
695,695,695.0,3898775,2024-03-07,4706.51,649.63,Partially Paid
696,696,696.0,35277331,2025-08-08,,184.75,Paid
697,697,697.0,69893948,2024-06-21,1332.17,144.28,Partially Paid
698,698,698.0,12334949,2023-03-26,8407.75,7864.46,Paid
699,699,699.0,60618268,2024-11-17,149.76,41.74,Partially Paid
700,700,700.0,69893948,2024-02-04,4255.63,4252.74,Paid
701,701,,8409724,2023-01-25,358.44,347.17,Paid
702,702,702.0,69893948,2023-03-11,384.86,382.49,Paid
703,703,703.0,95376350,2023-06-26,6880.24,,Paid
704,704,704.0,76629196,2024-01-13,240.0,238.47,Paid
705,705,705.0,30048293,2024-10-24,14006.78,,Partially Paid
706,706,706.0,62378778,2024-06-12,766.7,723.81,Paid
707,707,707.0,37909130,2024-01-01,275.92,263.25,Paid
708,708,708.0,35643704,2024-06-14,69.58,66.6,Paid
709,709,709.0,35277331,2023-11-01,278.5,251.7,Paid
710,710,710.0,35867643,2023-01-08,4219.99,0.0,Denied
711,711,711.0,91900027,2024-04-07,52.48,,Denied
712,712,712.0,3898775,2024-11-13,5518.32,5315.4,Paid
713,713,713.0,37909130,2023-06-14,344.41,319.96,Paid
714,714,714.0,12334949,2024-01-27,15460.46,14079.48,Paid
715,715,715.0,3898775,2024-01-24,1291.56,,Paid
716,716,,37909130,2024-09-22,224.89,,Denied
717,717,717.0,86937698,2023-04-25,2834.21,2665.72,Paid
718,718,718.0,12334949,2023-11-02,30936.8,28065.97,Paid
719,719,719.0,37909130,2023-04-04,134.94,,Paid
720,720,720.0,58738053,2025-07-23,26392.91,3820.91,Partially Paid
721,721,721.0,3898775,2024-03-27,692.26,646.39,Paid
722,722,722.0,60618268,2023-10-09,174.36,,Denied
723,723,723.0,22394905,2023-05-10,1141.81,1075.03,Paid
724,724,724.0,33391524,2023-03-25,1240.29,672.9,Partially Paid
725,725,725.0,58820915,2023-06-15,,20.95,Paid
726,726,726.0,95044104,2023-09-17,204.62,194.86,Paid
727,727,727.0,63154872,2024-01-04,5794.15,5265.74,Paid
728,728,728.0,95044104,2024-01-29,138.13,125.64,Paid
729,729,729.0,41734324,2024-03-25,74.99,69.05,Paid
730,730,730.0,74476075,2025-10-15,1575.33,1424.59,Paid
731,731,731.0,69893948,2025-07-17,537.88,533.84,Paid
732,732,732.0,60618268,2023-08-26,54.01,51.01,Paid
733,733,733.0,60618268,2024-04-16,393.91,,Paid
734,734,734.0,58820915,2023-05-31,246.08,243.39,Paid
735,735,735.0,60618268,2025-03-04,199.27,183.21,Paid
736,736,,74476075,2023-03-07,,5115.75,Paid
737,737,737.0,95044104,2024-03-26,714.81,699.77,Paid
738,738,738.0,22394905,2023-06-27,3411.23,3364.22,Paid
739,739,739.0,52736082,2023-01-30,597.51,,Paid
740,740,740.0,74476075,2023-11-02,7327.29,2875.52,Partially Paid
741,741,,66200381,2023-03-10,3520.44,3453.45,Paid
742,742,742.0,69893948,2023-01-26,5606.65,,Paid
743,743,743.0,84940684,2023-02-02,21792.4,21145.83,Paid
744,744,744.0,74476075,2025-04-10,1642.58,884.97,Partially Paid
745,745,745.0,12334949,2023-03-08,15380.65,14916.24,Paid
746,746,746.0,3898775,2023-04-23,4214.94,1495.43,Partially Paid
747,747,747.0,69893948,2023-03-25,3051.45,2916.82,Paid
748,748,,37909130,2024-11-16,133.52,126.56,Paid
749,749,749.0,83560890,2024-12-23,5408.01,5095.93,Paid
750,750,,83560890,2025-10-23,3254.76,3160.32,Paid
751,751,751.0,35867643,2024-01-21,7156.85,6498.54,Paid
752,752,752.0,69599038,2023-12-04,2352.35,2233.87,Paid
753,753,753.0,62378778,2025-05-03,,709.72,Paid
754,754,754.0,32867785,2024-08-20,1674.67,1641.51,Paid
755,755,755.0,58820915,2025-09-22,,,Paid
756,756,756.0,91900027,2023-12-18,641.95,601.63,Paid
757,757,757.0,70604284,2024-08-05,391.94,388.97,Paid
758,758,758.0,95044104,2023-11-27,228.43,212.82,Paid
759,759,759.0,25875482,2023-03-13,549.16,0.0,Denied
760,760,760.0,69599038,2024-09-09,1147.62,1139.71,Paid
761,761,761.0,41734324,2023-01-09,145.82,138.64,Paid
762,762,,91900027,2023-10-29,649.68,644.63,Paid
763,763,763.0,32867785,2023-10-13,5488.47,4953.23,Paid
764,764,764.0,83560890,2024-02-04,3583.9,,Paid
765,765,765.0,25875482,2023-06-28,781.88,742.04,Paid
766,766,766.0,6138419,2025-05-25,,2862.56,Paid
767,767,767.0,2888077,2023-06-29,1882.42,1165.35,Partially Paid
768,768,768.0,34679155,2025-04-28,98.85,89.82,Paid
769,769,769.0,662337,2024-11-17,715.7,,Denied
770,770,770.0,60618268,2025-04-28,103.95,99.46,Paid
771,771,771.0,69599038,2025-10-01,,362.23,Partially Paid
772,772,772.0,35643704,2023-02-24,399.79,371.81,Paid
773,773,773.0,51422190,2025-05-04,112.78,,Partially Paid
774,774,774.0,25875482,2025-01-10,485.8,479.4,Paid
775,775,775.0,30048293,2025-11-15,30653.5,28383.72,Paid
776,776,776.0,47758957,2025-01-01,98.39,92.68,Paid
777,777,777.0,12334949,2025-11-18,11783.52,11506.24,Paid
778,778,778.0,21477593,2024-07-09,349.01,317.45,Paid
779,779,779.0,60618268,2024-07-30,199.05,185.92,Paid
780,780,780.0,5243984,2024-01-21,32828.74,,Paid
781,781,781.0,47758957,2023-09-26,463.24,431.35,Paid
782,782,782.0,91900027,2024-12-01,179.16,174.58,Paid
783,783,783.0,37909130,2024-04-09,157.6,157.3,Paid
784,784,784.0,44144684,2023-02-08,32114.23,29039.35,Paid
785,785,,6138419,2023-05-02,3858.84,502.8,Partially Paid
786,786,786.0,35867643,2024-02-25,4783.3,4625.74,Paid
787,787,787.0,60618268,2024-12-13,,122.24,Partially Paid
788,788,788.0,95376350,2023-01-29,4324.94,4309.48,Paid
789,789,789.0,78623435,2024-03-14,372.17,160.89,Partially Paid
790,790,790.0,12334949,2024-12-27,,37434.33,Paid
791,791,791.0,35277331,2025-08-12,88.61,86.5,Paid
792,792,792.0,70604284,2025-10-08,136.79,131.32,Paid
793,793,793.0,32867785,2025-04-14,2466.6,572.62,Partially Paid
794,794,,69599038,2024-01-03,299.73,,Paid
795,795,795.0,44144684,2023-09-02,,9607.69,Paid
796,796,796.0,41734324,2023-05-13,60.92,56.05,Paid
797,797,797.0,86937698,2024-07-24,6165.57,5915.03,Paid
798,798,798.0,35867643,2025-09-19,4189.03,3960.57,Paid
799,799,,95376350,2023-03-02,976.91,885.88,Paid
800,800,800.0,58738053,2023-11-09,15596.34,15222.3,Paid
801,801,801.0,51422190,2025-10-01,226.68,222.36,Paid
802,802,802.0,22394905,2023-09-01,3192.31,2993.22,Paid
803,803,803.0,60618268,2023-12-03,255.91,,Paid
804,804,804.0,35277331,2025-08-20,,98.47,Partially Paid
805,805,805.0,86937698,2024-12-23,6178.47,5598.57,Paid
806,806,,76629196,2023-02-25,623.9,585.25,Paid
807,807,807.0,60618268,2023-04-26,337.4,325.53,Paid
808,808,808.0,74476075,2023-08-23,2833.24,2642.31,Paid
809,809,809.0,12334949,2025-05-12,14331.66,13741.18,Paid
810,810,810.0,60618268,2023-07-20,408.0,394.74,Paid
811,811,811.0,35643704,2023-12-08,,297.35,Paid
812,812,812.0,25875482,2024-03-14,265.52,265.42,Paid
813,813,,74476075,2023-07-14,4816.54,4607.71,Paid
814,814,814.0,3898775,2024-09-10,4136.19,3996.99,Paid
815,815,815.0,60618268,2025-11-21,237.55,218.09,Paid
816,816,816.0,35277331,2025-10-19,124.53,0.0,Denied
817,817,817.0,58820915,2025-06-07,468.63,424.57,Paid
818,818,818.0,78623435,2024-09-06,345.44,340.61,Paid
819,819,819.0,37909130,2024-08-10,276.11,265.1,Paid
820,820,820.0,35643704,2024-05-17,402.58,381.86,Paid
821,821,,35867643,2023-11-23,2327.15,2278.2,Paid
822,822,822.0,35277331,2025-09-22,323.78,320.43,Paid
823,823,,12334949,2025-01-14,,10771.28,Partially Paid
824,824,824.0,69893948,2023-09-05,4271.27,3266.55,Partially Paid
825,825,825.0,41734324,2023-09-08,118.25,,Paid
826,826,826.0,63154872,2024-03-22,1325.37,1321.38,Paid
827,827,827.0,84734972,2025-10-01,4361.07,3974.23,Paid
828,828,828.0,60618268,2023-10-24,,190.77,Paid
829,829,829.0,52736082,2023-04-22,568.01,,Partially Paid
830,830,830.0,74476075,2023-09-07,4372.3,4128.5,Paid
831,831,831.0,62378778,2024-09-08,117.69,31.17,Partially Paid
832,832,832.0,69599038,2024-10-11,7059.84,6640.69,Paid
833,833,,58738053,2025-08-22,30792.97,10251.15,Partially Paid
834,834,834.0,51422190,2024-06-18,227.22,218.18,Paid
835,835,835.0,3898775,2024-01-12,5115.22,998.82,Partially Paid
836,836,836.0,35277331,2023-06-18,88.79,86.25,Paid
837,837,837.0,37909130,2025-07-13,217.43,201.35,Paid
838,838,,74476075,2025-01-22,,,Partially Paid
839,839,839.0,5243984,2024-04-13,36739.57,0.0,Denied
840,840,840.0,21477593,2025-04-01,316.64,289.7,Paid
841,841,841.0,25875482,2025-06-10,630.02,427.83,Partially Paid
842,842,842.0,37909130,2024-06-29,,,Paid
843,843,843.0,51422190,2024-01-23,196.42,179.64,Paid
844,844,844.0,30048293,2024-05-23,17937.32,16965.41,Paid
845,845,845.0,95376350,2024-03-10,,5611.91,Paid
846,846,846.0,70604284,2024-11-12,748.3,,Paid
847,847,847.0,95376350,2024-09-11,7824.69,,Paid
848,848,848.0,60618268,2025-10-06,466.56,89.74,Partially Paid
849,849,,35277331,2023-08-28,,0.0,Denied
850,850,,35643704,2025-05-30,155.8,82.43,Partially Paid
851,851,851.0,58820915,2024-10-08,373.7,371.83,Paid
852,852,852.0,35277331,2024-01-11,62.55,60.71,Paid
853,853,853.0,60618268,2023-03-25,231.93,0.0,Denied
854,854,854.0,25875482,2023-09-11,,289.85,Paid
855,855,855.0,662337,2024-03-10,4751.67,0.0,Denied
856,856,856.0,74476075,2023-07-13,,6894.52,Paid
857,857,857.0,41734324,2024-10-24,31.53,31.0,Paid
858,858,,2888077,2023-01-12,2769.53,2664.94,Paid
859,859,859.0,41734324,2023-09-22,39.59,38.18,Paid
860,860,860.0,35277331,2025-02-20,82.39,76.13,Paid
861,861,861.0,51422190,2025-03-06,322.82,,Paid
862,862,862.0,35277331,2024-09-27,366.31,342.83,Paid
863,863,863.0,262606,2025-07-01,7106.22,6795.72,Paid
864,864,864.0,44144684,2024-01-17,20193.71,18256.0,Paid
865,865,865.0,25875482,2025-10-11,445.46,404.65,Paid
866,866,866.0,58820915,2024-09-07,91.33,90.44,Paid
867,867,,20816724,2023-06-06,737.98,701.87,Paid
868,868,868.0,84940684,2024-06-02,17441.02,17037.52,Paid
869,869,869.0,12334949,2024-01-09,34501.84,32487.8,Paid
870,870,,41734324,2024-06-26,,38.55,Partially Paid
871,871,871.0,3898775,2024-06-15,,6672.73,Paid
872,872,872.0,20816724,2025-07-31,568.85,441.46,Partially Paid
873,873,873.0,69893948,2025-01-08,5587.17,0.0,Denied
874,874,874.0,86937698,2023-01-29,1688.26,991.38,Partially Paid
875,875,875.0,69599038,2024-05-10,3599.15,3523.57,Paid
876,876,876.0,6138419,2025-08-28,3490.66,3456.6,Paid
877,877,877.0,12334949,2024-05-11,12046.84,11846.67,Paid
878,878,878.0,47758957,2025-05-01,427.34,410.07,Paid
879,879,879.0,41734324,2025-09-26,42.47,38.3,Paid
880,880,880.0,30048293,2025-08-27,9092.93,8771.2,Paid
881,881,881.0,2888077,2024-01-29,3860.08,3670.02,Paid
882,882,882.0,60618268,2023-09-26,443.92,416.86,Paid
883,883,,12334949,2025-08-25,32991.43,17659.97,Partially Paid
884,884,884.0,63154872,2023-09-22,,1472.87,Paid
885,885,885.0,25875482,2024-03-04,467.62,0.0,Denied
886,886,886.0,12334949,2023-12-24,,4158.22,Partially Paid
887,887,887.0,47758957,2023-09-05,289.75,289.57,Paid
888,888,888.0,60618268,2024-07-01,450.23,,Partially Paid
889,889,889.0,12334949,2025-07-25,38692.65,38594.6,Paid
890,890,890.0,3898775,2023-12-09,5113.42,3772.12,Partially Paid
891,891,891.0,12334949,2025-10-17,30639.32,29558.04,Paid
892,892,892.0,86937698,2025-06-18,7763.17,6991.97,Paid
893,893,893.0,60618268,2024-06-28,198.77,186.06,Paid
894,894,894.0,83560890,2024-04-12,,,Paid
895,895,,84940684,2023-03-02,20490.25,19911.66,Paid
896,896,896.0,6138419,2025-06-07,679.45,656.36,Paid
897,897,897.0,66200381,2024-08-28,3470.58,2049.56,Partially Paid
898,898,898.0,91900027,2023-01-17,670.25,353.41,Partially Paid
899,899,899.0,37909130,2025-06-24,294.11,190.32,Partially Paid
900,900,900.0,33391524,2023-03-17,4391.98,4268.51,Paid
901,901,901.0,47758957,2023-07-10,265.6,248.09,Paid
902,902,902.0,262606,2024-06-13,2082.45,2025.5,Paid
903,903,903.0,66200381,2025-11-05,,2861.4,Paid
904,904,904.0,6138419,2025-07-17,2844.05,2771.74,Paid
905,905,905.0,69599038,2023-10-14,5771.94,5337.68,Paid
906,906,906.0,3898775,2025-07-19,964.31,,Paid
907,907,907.0,5243984,2025-09-02,12517.45,12112.91,Paid
908,908,908.0,51422190,2024-06-24,254.51,254.42,Paid
909,909,909.0,86937698,2023-10-23,4145.13,3920.34,Paid
910,910,910.0,51422190,2023-11-18,380.42,378.59,Paid
911,911,911.0,2888077,2023-03-24,4277.66,3980.33,Paid
912,912,912.0,32867785,2023-10-19,6313.58,6273.69,Paid
913,913,913.0,37909130,2023-01-05,92.81,91.61,Paid
914,914,914.0,37909130,2024-11-22,323.47,,Paid
915,915,,34679155,2025-07-10,283.53,275.81,Paid
916,916,916.0,37909130,2025-03-04,131.49,125.45,Paid
917,917,917.0,41734324,2023-02-20,,53.61,Partially Paid
918,918,918.0,74476075,2023-04-19,7666.88,7475.64,Paid
919,919,919.0,662337,2023-02-08,2344.71,2304.78,Paid
920,920,,74476075,2025-04-02,4793.37,4761.66,Paid
921,921,921.0,63154872,2024-10-11,,3173.26,Paid
922,922,922.0,37909130,2023-11-12,,,Paid
923,923,923.0,74476075,2025-03-09,970.2,959.82,Paid
924,924,924.0,60618268,2023-04-17,117.23,112.38,Paid
925,925,925.0,35277331,2024-07-05,71.22,67.0,Paid
926,926,926.0,12334949,2024-07-05,24392.63,22200.98,Paid
927,927,927.0,78623435,2025-10-21,121.21,0.0,Denied
928,928,928.0,3898775,2025-05-17,,6960.87,Paid
929,929,929.0,84734972,2023-01-02,669.37,195.0,Partially Paid
930,930,930.0,35277331,2024-03-11,,230.49,Paid
931,931,,37909130,2023-10-14,303.78,0.0,Denied
932,932,,35277331,2024-12-02,,0.0,Denied
933,933,933.0,86937698,2024-11-30,1842.87,0.0,Denied
934,934,934.0,58820915,2025-09-02,22.05,20.23,Paid
935,935,935.0,34679155,2023-03-05,362.4,149.17,Partially Paid
936,936,936.0,95376350,2025-01-03,3216.66,2149.72,Partially Paid
937,937,937.0,21477593,2025-06-29,,23.9,Paid
938,938,938.0,86937698,2024-03-28,2027.21,1898.08,Paid
939,939,939.0,51422190,2024-03-04,52.5,0.0,Denied
940,940,940.0,84734972,2025-10-08,1529.72,,Paid
941,941,941.0,78623435,2023-09-18,140.87,129.99,Paid
942,942,942.0,84734972,2024-06-01,5509.31,558.47,Partially Paid
943,943,943.0,63154872,2024-10-23,3573.88,0.0,Denied
944,944,944.0,69893948,2025-01-10,4234.6,4116.55,Paid
945,945,945.0,35277331,2024-10-09,51.81,47.05,Paid
946,946,,58738053,2023-06-02,37094.83,,Paid
947,947,947.0,86820499,2025-06-03,6502.86,6259.85,Paid
948,948,948.0,35277331,2024-05-03,385.58,260.32,Partially Paid
949,949,,58738053,2025-06-17,31743.45,30406.84,Paid
950,950,950.0,12334949,2024-10-03,36152.93,35367.13,Paid
951,951,951.0,12334949,2025-06-03,7302.66,6980.8,Paid
952,952,,91900027,2025-04-21,224.83,217.18,Paid
953,953,953.0,37909130,2023-07-27,,0.0,Denied
954,954,954.0,51422190,2023-08-10,85.94,77.93,Paid
955,955,955.0,37909130,2024-06-08,174.39,167.78,Paid
956,956,,83560890,2023-09-19,2007.67,1999.59,Paid
957,957,957.0,44144684,2023-10-29,21433.33,19913.84,Paid
958,958,958.0,12334949,2023-04-28,13308.56,6542.69,Partially Paid
959,959,959.0,47758957,2024-02-17,396.93,383.75,Paid
960,960,960.0,58820915,2024-11-18,315.73,289.28,Paid
961,961,961.0,84940684,2024-03-25,37198.38,,Paid
962,962,962.0,3898775,2025-02-08,1801.47,1799.65,Paid
963,963,963.0,33391524,2023-08-24,1310.74,1262.42,Paid
964,964,964.0,63154872,2024-08-04,1558.34,939.97,Partially Paid
965,965,965.0,74476075,2023-02-14,1573.4,1431.98,Paid
966,966,966.0,22394905,2024-11-24,7501.69,6931.67,Paid
967,967,967.0,33391524,2025-06-07,7051.43,6448.13,Paid
968,968,968.0,58738053,2025-02-05,16128.31,,Paid
969,969,969.0,20816724,2024-08-25,642.19,581.39,Paid
970,970,970.0,35867643,2025-09-28,1832.05,1735.07,Paid
971,971,971.0,37909130,2025-02-05,224.51,209.28,Paid
972,972,972.0,63154872,2025-08-28,2293.02,2274.95,Paid
973,973,973.0,83560890,2024-04-25,2496.22,2468.44,Paid
974,974,,51422190,2023-06-23,97.02,91.63,Paid
975,975,975.0,3898775,2024-11-19,3523.6,3315.34,Paid
976,976,976.0,60618268,2025-06-23,132.22,123.75,Paid
977,977,977.0,95376350,2023-06-10,,1069.02,Partially Paid
978,978,978.0,58738053,2024-02-07,28628.76,,Paid
979,979,979.0,69893948,2024-06-18,266.56,261.82,Paid
980,980,980.0,2888077,2025-08-24,5301.91,0.0,Denied
981,981,,37909130,2025-08-29,,,Paid
982,982,981.0,35867643,2024-10-03,6797.25,6757.78,Paid
983,983,982.0,60618268,2023-03-03,199.86,182.44,Paid
984,984,983.0,69893948,2024-11-26,1958.83,,Paid
985,985,984.0,95044104,2023-10-12,165.27,0.0,Denied
986,986,985.0,30048293,2025-03-11,39306.02,,Paid
987,987,986.0,37909130,2025-07-13,273.65,250.98,Paid
988,988,,6138419,2023-02-24,1656.2,1650.07,Paid
989,989,988.0,58820915,2023-05-24,238.24,214.68,Paid
990,990,989.0,51422190,2023-08-15,,92.75,Paid
991,991,990.0,35867643,2024-02-26,2616.11,1479.03,Partially Paid
992,992,991.0,60618268,2024-02-20,261.19,242.27,Paid
993,993,992.0,22394905,2024-05-20,4301.68,3077.71,Partially Paid
994,994,993.0,34679155,2024-08-12,276.2,94.67,Partially Paid
995,995,994.0,58820915,2025-04-30,,85.6,Partially Paid
996,996,995.0,86937698,2023-07-15,,0.0,Denied
997,997,996.0,22394905,2024-08-20,5399.92,5252.25,Paid
998,998,997.0,22394905,2023-09-06,7963.47,7250.92,Paid
999,999,998.0,86937698,2025-11-02,548.15,528.35,Paid
1000,1000,,60618268,2025-03-23,38.13,37.02,Paid
1001,1001,,662337,2025-08-02,732.25,676.77,Paid
1002,1002,1001.0,2888077,2023-12-16,6740.27,6185.71,Paid
1003,1003,1002.0,62378778,2023-01-23,,522.22,Paid
1004,1004,1003.0,20816724,2024-03-18,381.54,367.61,Paid
1005,1005,1004.0,86820499,2023-01-10,579.58,533.31,Paid
1006,1006,1005.0,95376350,2023-02-02,3489.13,0.0,Denied
1007,1007,1006.0,30048293,2024-03-27,38556.08,37921.39,Paid
1008,1008,1007.0,95376350,2023-08-09,6561.87,6316.97,Paid
1009,1009,1008.0,262606,2023-09-05,2012.78,1876.59,Paid
1010,1010,1009.0,21477593,2024-03-11,240.21,235.77,Paid
1011,1011,1010.0,30048293,2024-09-09,31864.08,31833.73,Paid
1012,1012,1011.0,6138419,2025-03-06,5487.62,0.0,Denied
1013,1013,1012.0,41734324,2025-09-14,19.45,,Paid
1014,1014,1013.0,58820915,2025-10-28,,0.0,Denied
1015,1015,1014.0,34679155,2024-09-24,,122.7,Paid
1016,1016,1015.0,35277331,2024-02-18,,,Paid
1017,1017,1016.0,70604284,2024-10-12,532.7,507.18,Paid
1018,1018,1017.0,60618268,2024-04-14,,394.21,Paid
1019,1019,1018.0,86820499,2024-03-31,4942.89,4607.58,Paid
1020,1020,,86937698,2023-05-24,7638.56,7632.46,Paid
1021,1021,1020.0,34679155,2024-02-23,132.71,129.06,Paid
1022,1022,1021.0,51422190,2023-12-28,262.05,250.95,Paid
1023,1023,1022.0,76629196,2023-06-13,763.26,715.76,Paid
1024,1024,1023.0,41734324,2023-11-16,124.74,14.2,Partially Paid
1025,1025,1024.0,3898775,2023-11-09,4512.25,4232.69,Paid
1026,1026,1025.0,58820915,2025-09-11,54.53,51.64,Paid
1027,1027,1026.0,25875482,2025-02-05,418.59,317.37,Partially Paid
1028,1028,1027.0,70604284,2023-05-26,356.59,353.79,Paid
1029,1029,1028.0,91900027,2024-06-06,628.45,,Paid
1030,1030,1029.0,30048293,2025-02-28,37428.16,34592.43,Paid
1031,1031,1030.0,37909130,2023-10-30,141.47,136.96,Paid
1032,1032,,41734324,2023-01-26,26.34,25.58,Paid
1033,1033,1032.0,74476075,2024-01-22,7032.85,6629.78,Paid
1034,1034,1033.0,34679155,2024-09-22,306.88,304.56,Paid
1035,1035,1034.0,47758957,2023-10-20,149.13,145.38,Paid
1036,1036,1035.0,76629196,2023-01-04,122.65,115.51,Paid
1037,1037,,86937698,2023-12-28,,,Paid
1038,1038,1037.0,262606,2024-03-11,,1513.3,Paid
1039,1039,,58738053,2025-06-21,26939.31,26584.69,Paid
1040,1040,1039.0,35277331,2024-07-20,72.49,,Paid
1041,1041,1040.0,25875482,2024-06-28,613.85,588.22,Paid
1042,1042,,41734324,2025-02-08,94.42,0.0,Denied
1043,1043,1042.0,25875482,2025-05-29,302.41,,Paid
1044,1044,1043.0,33391524,2025-02-14,4964.31,0.0,Denied
1045,1045,1044.0,3898775,2023-10-12,400.31,381.52,Paid
1046,1046,1045.0,58738053,2025-11-20,19459.43,19432.54,Paid
1047,1047,1046.0,2888077,2024-10-28,5487.85,,Paid
1048,1048,1047.0,662337,2023-07-25,5927.37,5450.26,Paid
1049,1049,1048.0,69599038,2023-03-07,1197.32,372.3,Partially Paid
1050,1050,1049.0,35277331,2025-09-14,281.92,259.69,Paid
1051,1051,1050.0,95376350,2023-11-25,7446.23,,Paid
1052,1052,1051.0,34679155,2023-09-10,282.92,153.76,Partially Paid
1053,1053,1052.0,30048293,2023-05-13,27539.53,26761.38,Paid
1054,1054,1053.0,70604284,2024-04-22,217.66,197.8,Paid
1055,1055,1054.0,34679155,2023-08-26,250.49,233.29,Paid
1056,1056,1055.0,86937698,2024-01-24,6807.53,0.0,Denied
1057,1057,1056.0,8409724,2024-03-30,129.94,128.02,Paid
1058,1058,1057.0,58820915,2025-10-20,346.39,321.57,Paid
1059,1059,1058.0,35277331,2024-07-14,,378.09,Paid
1060,1060,1059.0,52736082,2023-05-01,785.86,772.33,Paid
1061,1061,1060.0,34679155,2023-04-18,373.11,367.77,Paid
1062,1062,1061.0,69893948,2023-02-14,4473.95,4329.84,Paid
1063,1063,1062.0,51422190,2024-08-02,148.83,87.93,Partially Paid
1064,1064,1063.0,37909130,2023-04-21,,,Paid
1065,1065,1064.0,12334949,2024-08-19,36402.63,35690.44,Paid
1066,1066,1065.0,37909130,2023-07-28,,0.0,Denied
1067,1067,1066.0,20816724,2023-04-26,,0.0,Denied
1068,1068,1067.0,58738053,2024-11-24,25768.73,0.0,Denied
1069,1069,1068.0,86937698,2025-09-27,,2349.06,Paid
1070,1070,1069.0,60618268,2025-08-07,435.15,403.61,Paid
1071,1071,1070.0,34679155,2023-09-07,221.23,210.38,Paid
1072,1072,1071.0,78623435,2024-07-14,292.8,280.88,Paid
1073,1073,1072.0,35867643,2024-09-03,4657.1,,Paid
1074,1074,1073.0,25875482,2025-09-27,97.95,46.75,Partially Paid
1075,1075,1074.0,25875482,2024-01-06,,627.22,Paid
1076,1076,1075.0,44144684,2024-02-27,27842.42,25773.06,Paid
1077,1077,,37909130,2025-01-14,388.2,387.31,Paid
1078,1078,1077.0,37909130,2024-08-23,,268.84,Paid
1079,1079,1078.0,74476075,2025-11-11,1836.75,1803.65,Paid
1080,1080,1079.0,74476075,2023-10-02,4896.73,4582.88,Paid
1081,1081,1080.0,86820499,2024-06-06,,2046.41,Paid
1082,1082,1081.0,91900027,2023-10-21,451.93,439.85,Paid
1083,1083,1082.0,58738053,2023-12-02,19689.03,19674.16,Paid
1084,1084,,3898775,2023-06-08,2306.98,,Paid
1085,1085,1084.0,37909130,2024-11-14,,315.81,Paid
1086,1086,1085.0,60618268,2025-02-14,476.86,88.91,Partially Paid
1087,1087,1086.0,63154872,2024-12-15,5663.55,2752.94,Partially Paid
1088,1088,1087.0,76629196,2025-03-08,185.5,106.56,Partially Paid
1089,1089,1088.0,58820915,2025-11-17,362.35,331.28,Paid
1090,1090,1089.0,76629196,2024-05-25,558.66,528.37,Paid
1091,1091,1090.0,33391524,2024-08-10,2351.42,2337.71,Paid
1092,1092,,662337,2025-04-12,6210.51,3380.22,Partially Paid
1093,1093,1092.0,37909130,2023-04-28,,79.04,Paid
1094,1094,1093.0,25875482,2023-10-07,409.74,409.66,Paid
1095,1095,,3898775,2025-05-20,5680.22,5250.92,Paid
1096,1096,1095.0,34679155,2024-04-05,111.18,101.54,Paid
1097,1097,1096.0,30048293,2023-12-16,18064.93,17909.65,Paid
1098,1098,1097.0,52736082,2024-08-17,274.38,252.79,Paid
1099,1099,1098.0,8409724,2023-03-14,751.56,521.47,Partially Paid
1100,1100,1099.0,6138419,2024-09-03,2960.36,2927.85,Paid
1101,1101,1100.0,78623435,2025-10-04,119.14,117.93,Paid
1102,1102,,12334949,2024-05-27,12913.33,12008.47,Paid
1103,1103,1102.0,58820915,2023-08-11,494.9,467.15,Paid
1104,1104,1103.0,37909130,2024-02-11,88.73,81.04,Paid
1105,1105,1104.0,30048293,2024-02-12,38193.15,0.0,Denied
1106,1106,1105.0,35867643,2023-09-18,2734.12,2701.79,Paid
1107,1107,1106.0,8409724,2023-09-16,166.66,162.78,Paid
1108,1108,1107.0,662337,2023-01-17,3587.76,,Paid
1109,1109,1108.0,60618268,2024-01-18,139.74,137.84,Paid
1110,1110,1109.0,47758957,2023-07-31,356.55,,Paid
1111,1111,1110.0,3898775,2024-07-14,7925.11,3157.46,Partially Paid
1112,1112,1111.0,41734324,2024-09-19,108.02,,Denied
1113,1113,1112.0,60618268,2025-05-24,329.06,305.01,Paid
1114,1114,,60618268,2024-10-17,449.65,404.71,Paid
1115,1115,,60618268,2023-07-26,226.84,215.3,Paid
1116,1116,1115.0,35643704,2023-09-24,178.98,167.55,Paid
1117,1117,1116.0,84940684,2025-02-25,8053.09,7754.77,Paid
1118,1118,1117.0,47758957,2024-01-31,358.24,,Partially Paid
1119,1119,1118.0,95044104,2023-11-11,82.86,79.14,Paid
1120,1120,1119.0,34679155,2024-12-12,363.22,352.95,Paid
1121,1121,1120.0,60618268,2023-02-14,100.13,,Paid
1122,1122,1121.0,60618268,2025-03-25,257.61,245.08,Paid
1123,1123,1122.0,37909130,2025-03-10,190.3,,Paid
1124,1124,1123.0,34679155,2025-11-16,209.4,199.46,Paid
1125,1125,1124.0,60618268,2023-09-01,102.13,94.35,Paid
1126,1126,,34679155,2023-09-30,144.65,79.51,Partially Paid
1127,1127,1126.0,3898775,2023-01-03,,5244.82,Paid
1128,1128,1127.0,34679155,2024-06-24,,290.97,Paid
1129,1129,1128.0,32867785,2024-12-29,1910.38,0.0,Denied
1130,1130,1129.0,74476075,2023-08-06,5836.3,5804.58,Paid
1131,1131,1130.0,34679155,2024-02-27,335.9,,Paid
1132,1132,1131.0,2888077,2025-01-24,1357.01,,Paid
1133,1133,,30048293,2025-10-01,38017.43,35287.95,Paid
1134,1134,1133.0,8409724,2024-01-20,102.09,94.38,Paid
1135,1135,,51422190,2023-07-24,182.26,179.1,Paid
1136,1136,1135.0,76629196,2024-07-02,156.98,141.49,Paid
1137,1137,1136.0,3898775,2023-06-24,1778.11,,Paid
1138,1138,1137.0,51422190,2023-11-13,135.33,125.42,Paid
1139,1139,1138.0,5243984,2024-08-30,8589.81,3356.03,Partially Paid
1140,1140,,69599038,2025-02-28,1349.54,1245.07,Paid
1141,1141,1140.0,2888077,2025-10-04,,,Paid
1142,1142,1141.0,60618268,2025-01-08,463.19,,Partially Paid
1143,1143,,6138419,2024-01-07,5499.58,5316.59,Paid
1144,1144,1143.0,51422190,2024-07-09,,,Paid
1145,1145,1144.0,662337,2023-10-28,2698.0,2622.82,Paid
1146,1146,1145.0,33391524,2024-07-24,1328.41,1212.51,Paid
1147,1147,1146.0,86937698,2025-04-27,4893.6,4471.88,Paid
1148,1148,1147.0,34679155,2025-10-05,236.37,,Partially Paid
1149,1149,1148.0,91900027,2023-06-28,226.39,226.25,Paid
1150,1150,1149.0,20816724,2023-08-14,94.68,93.25,Paid
1151,1151,1150.0,12334949,2025-05-12,,1876.18,Partially Paid
1152,1152,1151.0,37909130,2025-02-12,306.58,,Paid
1153,1153,1152.0,41734324,2025-09-03,127.24,,Partially Paid
1154,1154,,25875482,2025-05-02,162.29,,Paid
1155,1155,1154.0,2888077,2023-01-28,2436.8,2407.84,Paid
1156,1156,1155.0,41734324,2023-01-23,,,Paid
1157,1157,1156.0,91900027,2025-10-24,279.53,277.61,Paid
1158,1158,1157.0,63154872,2024-03-09,3323.14,3121.19,Paid
1159,1159,1158.0,60618268,2025-04-09,417.08,408.88,Paid
1160,1160,1159.0,44144684,2025-01-12,26111.66,3123.85,Partially Paid
1161,1161,1160.0,58820915,2023-01-23,383.13,365.95,Paid
1162,1162,1161.0,12334949,2023-04-02,24730.88,3263.89,Partially Paid
1163,1163,1162.0,58820915,2024-08-01,480.19,447.27,Paid
1164,1164,1163.0,25875482,2024-11-09,355.46,,Paid
1165,1165,,662337,2023-03-18,,,Paid
1166,1166,1165.0,37909130,2023-10-16,319.09,317.93,Paid
1167,1167,1166.0,25875482,2025-01-07,517.6,0.0,Denied
1168,1168,1167.0,58738053,2024-05-04,12308.72,11170.16,Paid
1169,1169,1168.0,60618268,2023-01-31,88.46,42.73,Partially Paid
1170,1170,1169.0,37909130,2024-08-28,106.52,99.74,Paid
1171,1171,,37909130,2024-06-12,395.15,0.0,Denied
1172,1172,1171.0,74476075,2025-09-26,,,Partially Paid
1173,1173,1172.0,37909130,2024-10-04,180.79,171.86,Paid
1174,1174,1173.0,44144684,2023-04-27,30936.49,30383.45,Paid
1175,1175,1174.0,78623435,2023-11-21,249.55,63.92,Partially Paid
1176,1176,1175.0,37909130,2025-08-10,88.19,80.33,Paid
1177,1177,1176.0,8409724,2023-05-13,287.96,0.0,Denied
1178,1178,1177.0,35643704,2024-07-24,238.2,236.97,Paid
1179,1179,1178.0,83560890,2025-02-17,561.92,366.76,Partially Paid
1180,1180,1179.0,3898775,2025-05-16,2304.82,2093.6,Paid
1181,1181,1180.0,35277331,2025-05-09,233.67,216.37,Paid
1182,1182,1181.0,12334949,2024-08-31,,10133.69,Paid
1183,1183,1182.0,60618268,2024-12-27,458.05,449.94,Paid
1184,1184,1183.0,35277331,2023-10-24,163.31,0.0,Denied
1185,1185,1184.0,25875482,2025-10-19,698.23,696.13,Paid
1186,1186,1185.0,74476075,2023-09-15,5147.49,4930.46,Paid
1187,1187,1186.0,6138419,2023-12-07,4887.36,,Paid
1188,1188,1187.0,51422190,2025-01-28,334.82,331.36,Paid
1189,1189,,34679155,2025-04-27,193.64,184.78,Paid
1190,1190,1189.0,60618268,2025-02-03,104.91,100.11,Paid
1191,1191,1190.0,32867785,2024-08-03,5676.32,0.0,Denied
1192,1192,1191.0,21477593,2023-07-03,331.82,312.29,Paid
1193,1193,,51422190,2023-07-24,271.73,266.45,Paid
1194,1194,,84734972,2025-02-19,1093.11,836.65,Partially Paid
1195,1195,1194.0,91900027,2025-03-21,55.7,51.38,Paid
1196,1196,1195.0,74476075,2025-04-29,5451.75,5402.17,Paid
1197,1197,1196.0,95376350,2024-10-12,2813.7,0.0,Denied
1198,1198,1197.0,44144684,2025-03-16,33999.25,17152.54,Partially Paid
1199,1199,1198.0,3898775,2025-04-05,7252.54,6844.51,Paid
1200,1200,,662337,2025-03-13,6775.64,6274.4,Paid
1201,1201,1200.0,52736082,2023-02-22,378.07,362.69,Paid
1202,1202,1201.0,51422190,2025-02-22,58.85,58.75,Paid
1203,1203,1202.0,74476075,2024-08-31,1711.87,1041.53,Partially Paid
1204,1204,1203.0,63154872,2023-06-19,7492.81,7221.86,Paid
1205,1205,1204.0,37909130,2023-08-08,99.64,91.48,Paid
1206,1206,1205.0,37909130,2025-03-11,85.24,,Partially Paid
1207,1207,1206.0,86937698,2025-02-07,7139.77,,Paid
1208,1208,,60618268,2023-03-06,76.26,71.28,Paid
1209,1209,,22394905,2024-01-30,4927.66,,Paid
1210,1210,1209.0,37909130,2023-03-02,164.64,,Paid
1211,1211,1210.0,69893948,2024-12-14,5723.05,5418.04,Paid
1212,1212,1211.0,95044104,2024-05-27,179.72,177.69,Paid
1213,1213,1212.0,12334949,2024-09-30,10797.86,10497.74,Paid
1214,1214,1213.0,60618268,2024-10-14,319.0,300.8,Paid
1215,1215,,58820915,2025-07-09,100.28,95.38,Paid
1216,1216,,35643704,2024-12-22,,207.16,Paid
1217,1217,1216.0,32867785,2024-03-16,5324.25,5206.86,Paid
1218,1218,,6138419,2024-03-13,3829.94,2792.49,Partially Paid
1219,1219,1218.0,37909130,2024-03-21,86.02,82.65,Paid
1220,1220,,95376350,2024-10-12,6544.48,5922.53,Paid
1221,1221,1220.0,84734972,2023-09-02,1167.92,1089.3,Paid
1222,1222,1221.0,34679155,2023-01-10,369.08,363.24,Paid
1223,1223,1222.0,70604284,2023-03-22,303.04,286.98,Paid
1224,1224,1223.0,34679155,2025-03-30,77.92,73.98,Paid
1225,1225,1224.0,3898775,2025-10-07,6819.64,0.0,Denied
1226,1226,1225.0,86820499,2023-03-01,1947.31,383.84,Partially Paid
1227,1227,1226.0,51422190,2023-12-15,80.81,79.29,Paid
1228,1228,1227.0,74476075,2023-03-30,,,Denied
1229,1229,1228.0,58738053,2024-07-06,29453.27,,Partially Paid
1230,1230,1229.0,3898775,2025-04-26,,4920.7,Paid
1231,1231,1230.0,22394905,2024-10-21,6226.62,5661.12,Paid
1232,1232,1231.0,58820915,2024-02-26,353.58,335.71,Paid
1233,1233,1232.0,262606,2024-01-20,4003.64,3929.17,Paid
1234,1234,1233.0,41734324,2023-11-12,128.69,117.49,Paid
1235,1235,1234.0,60618268,2025-11-17,117.45,106.51,Paid
1236,1236,1235.0,84734972,2023-07-29,1348.86,838.34,Partially Paid
1237,1237,1236.0,41734324,2023-02-28,76.67,71.7,Paid
1238,1238,1237.0,58738053,2024-03-10,10271.7,9766.26,Paid
1239,1239,1238.0,662337,2025-02-22,,5492.4,Paid
1240,1240,1239.0,44144684,2025-10-07,,20951.95,Paid
1241,1241,,51422190,2023-03-15,251.33,239.57,Paid
1242,1242,1241.0,60618268,2025-03-13,208.59,204.92,Paid
1243,1243,1242.0,30048293,2024-12-12,27291.47,,Paid
1244,1244,1243.0,47758957,2025-09-03,374.76,217.94,Partially Paid
1245,1245,1244.0,20816724,2024-11-11,724.9,653.33,Paid
1246,1246,1245.0,60618268,2023-06-07,101.95,91.85,Paid
1247,1247,1246.0,35277331,2024-05-21,215.4,194.23,Paid
1248,1248,1247.0,84940684,2023-10-28,,31503.81,Paid
1249,1249,1248.0,70604284,2024-06-11,547.56,517.92,Paid
1250,1250,1249.0,30048293,2025-09-18,8946.64,8703.48,Paid
1251,1251,1250.0,35277331,2023-10-18,175.02,167.63,Paid
1252,1252,1251.0,37909130,2025-02-12,273.56,0.0,Denied
1253,1253,1252.0,84940684,2024-06-27,36861.46,34396.15,Paid
1254,1254,1253.0,84734972,2023-03-26,4720.23,4641.96,Paid
1255,1255,1254.0,37909130,2024-08-13,88.57,87.93,Paid
1256,1256,1255.0,95376350,2023-11-30,2568.44,2517.02,Paid
1257,1257,1256.0,21477593,2023-09-10,45.53,42.94,Paid
1258,1258,1257.0,76629196,2024-12-18,,320.06,Partially Paid
1259,1259,1258.0,76629196,2023-10-20,796.94,763.88,Paid
1260,1260,1259.0,5243984,2024-05-24,33409.82,31480.61,Paid
1261,1261,1260.0,69893948,2024-09-28,1551.76,1532.51,Paid
1262,1262,,95376350,2025-05-02,4523.41,4109.79,Paid
1263,1263,1262.0,41734324,2023-07-16,29.41,27.39,Paid
1264,1264,1263.0,35867643,2025-04-20,3798.02,450.05,Partially Paid
1265,1265,1264.0,35867643,2024-05-11,4726.51,4547.32,Paid
1266,1266,1265.0,2888077,2025-04-05,5426.62,5298.01,Paid
1267,1267,1266.0,2888077,2023-08-08,2801.17,2602.45,Paid
1268,1268,1267.0,58820915,2025-11-12,374.89,345.09,Paid
1269,1269,1268.0,95376350,2024-04-02,7181.41,6574.42,Paid
1270,1270,,25875482,2024-02-16,136.03,130.64,Paid
1271,1271,,83560890,2025-08-28,343.01,322.11,Paid
1272,1272,1271.0,5243984,2024-04-26,34460.23,33845.76,Paid
1273,1273,1272.0,34679155,2023-10-27,272.67,267.72,Paid
1274,1274,1273.0,34679155,2024-02-15,,209.46,Paid
1275,1275,1274.0,58820915,2023-08-08,,49.44,Partially Paid
1276,1276,1275.0,25875482,2024-09-12,,72.97,Paid
1277,1277,1276.0,63154872,2025-08-16,7082.91,6381.08,Paid
1278,1278,1277.0,41734324,2024-03-07,58.84,55.25,Paid
1279,1279,1278.0,83560890,2024-11-25,2864.99,567.35,Partially Paid
1280,1280,1279.0,95044104,2025-02-10,771.92,,Paid
1281,1281,1280.0,58820915,2024-12-13,300.56,44.27,Partially Paid
1282,1282,1281.0,52736082,2023-08-06,,395.86,Paid
1283,1283,1282.0,69893948,2023-08-04,7218.4,7140.78,Paid
1284,1284,1283.0,58820915,2023-08-23,37.96,35.84,Paid
1285,1285,1284.0,84940684,2024-10-19,8768.14,8008.13,Paid
1286,1286,1285.0,62378778,2024-04-06,200.89,197.15,Paid
1287,1287,1286.0,37909130,2024-02-21,61.63,55.5,Paid
1288,1288,1287.0,58820915,2024-01-15,347.53,0.0,Denied
1289,1289,1288.0,44144684,2025-10-22,17323.71,16559.21,Paid
1290,1290,1289.0,41734324,2023-05-26,,85.35,Paid
1291,1291,1290.0,78623435,2024-11-08,57.89,17.54,Partially Paid
1292,1292,1291.0,35643704,2024-08-12,,55.07,Paid
1293,1293,1292.0,44144684,2025-08-22,37792.44,0.0,Denied
1294,1294,1293.0,74476075,2024-11-16,,6559.51,Paid
1295,1295,1294.0,8409724,2024-04-27,420.17,207.86,Partially Paid
1296,1296,1295.0,662337,2023-06-15,7122.65,,Paid
1297,1297,1296.0,25875482,2024-12-18,373.64,368.03,Paid
1298,1298,1297.0,37909130,2025-02-15,288.68,275.76,Paid
1299,1299,1298.0,22394905,2025-05-30,5670.43,5168.93,Paid
1300,1300,1299.0,37909130,2024-12-21,117.78,106.68,Paid
1301,1301,1300.0,3898775,2023-04-04,7929.32,,Paid
1302,1302,1301.0,74476075,2024-08-01,,522.36,Paid
1303,1303,1302.0,78623435,2025-09-07,280.15,254.27,Paid
1304,1304,1303.0,6138419,2024-03-27,3659.63,3427.95,Paid
1305,1305,1304.0,34679155,2024-10-15,294.22,266.39,Paid
1306,1306,1305.0,86937698,2023-06-10,1787.73,1783.43,Paid
1307,1307,,662337,2025-02-01,5854.3,732.42,Partially Paid
1308,1308,1307.0,6138419,2023-08-22,366.06,105.87,Partially Paid
1309,1309,1308.0,30048293,2024-07-25,,31484.89,Paid
1310,1310,1309.0,12334949,2025-02-15,11454.94,10369.31,Paid
1311,1311,1310.0,30048293,2024-11-19,37294.45,24881.76,Partially Paid
1312,1312,1311.0,58738053,2025-06-07,35300.98,26475.61,Partially Paid
1313,1313,1312.0,69599038,2025-08-07,,3424.93,Paid
1314,1314,1313.0,32867785,2023-09-28,7280.16,7049.09,Paid
1315,1315,1314.0,51422190,2024-08-28,168.14,161.68,Paid
1316,1316,1315.0,33391524,2023-01-26,,1090.17,Paid
1317,1317,1316.0,51422190,2025-06-19,53.1,49.69,Paid
1318,1318,1317.0,662337,2024-07-20,7196.95,7163.34,Paid
1319,1319,1318.0,60618268,2024-06-15,437.15,420.99,Paid
1320,1320,1319.0,51422190,2023-08-23,279.11,265.34,Paid
1321,1321,1320.0,84940684,2023-05-05,38309.63,0.0,Denied
1322,1322,1321.0,35867643,2023-04-02,4884.51,4433.9,Paid
1323,1323,1322.0,35277331,2024-10-29,249.63,143.96,Partially Paid
1324,1324,1323.0,37909130,2023-02-20,,54.95,Partially Paid
1325,1325,1324.0,70604284,2023-03-05,170.23,169.04,Paid
1326,1326,1325.0,25875482,2025-11-12,586.83,574.12,Paid
1327,1327,1326.0,58820915,2023-03-08,335.39,327.43,Paid
1328,1328,1327.0,74476075,2025-10-28,7982.94,7770.55,Paid
1329,1329,1328.0,51422190,2025-08-25,280.72,261.55,Paid
1330,1330,1329.0,47758957,2024-11-04,,127.96,Paid
1331,1331,,12334949,2025-06-30,30647.94,10828.43,Partially Paid
1332,1332,1331.0,95044104,2025-09-18,503.91,474.63,Paid
1333,1333,,47758957,2023-10-10,310.66,105.34,Partially Paid
1334,1334,1333.0,25875482,2025-10-09,,519.22,Paid
1335,1335,1334.0,37909130,2025-08-20,310.0,280.06,Paid
1336,1336,,35867643,2023-09-29,4216.2,3958.22,Paid
1337,1337,1336.0,44144684,2024-05-09,29919.42,29612.53,Paid
1338,1338,1337.0,84940684,2023-06-01,30856.19,,Paid
1339,1339,1338.0,60618268,2024-08-15,383.68,373.45,Paid
1340,1340,1339.0,262606,2025-01-27,,5085.68,Paid
1341,1341,1340.0,37909130,2024-04-20,154.07,147.35,Paid
1342,1342,1341.0,74476075,2023-10-21,527.09,0.0,Denied
1343,1343,1342.0,60618268,2024-10-05,67.74,61.77,Paid
1344,1344,1343.0,32867785,2024-08-13,7525.8,7229.41,Paid
1345,1345,1344.0,5243984,2023-07-16,,,Partially Paid
1346,1346,1345.0,12334949,2024-02-04,5233.28,617.76,Partially Paid
1347,1347,1346.0,25875482,2025-06-30,440.67,135.05,Partially Paid
1348,1348,1347.0,3898775,2025-06-29,,6481.9,Paid
1349,1349,1348.0,22394905,2024-12-25,6468.4,5965.44,Paid
1350,1350,1349.0,37909130,2025-07-17,270.72,,Paid
1351,1351,1350.0,33391524,2024-10-12,,1657.75,Paid
1352,1352,1351.0,47758957,2023-10-08,301.44,76.61,Partially Paid
1353,1353,1352.0,5243984,2025-10-14,14890.99,14706.14,Paid
1354,1354,1353.0,83560890,2024-03-03,4317.94,4183.21,Paid
1355,1355,1354.0,51422190,2025-09-18,,0.0,Denied
1356,1356,1355.0,84940684,2025-09-30,32886.12,30771.96,Paid
1357,1357,1356.0,60618268,2025-05-09,485.29,468.91,Paid
1358,1358,1357.0,5243984,2024-12-12,29393.9,28728.66,Paid
1359,1359,1358.0,74476075,2025-04-23,5560.33,5153.27,Paid
1360,1360,1359.0,62378778,2024-10-23,246.2,231.22,Paid
1361,1361,1360.0,69893948,2024-07-03,,,Paid
1362,1362,1361.0,58738053,2023-12-08,23760.46,21646.53,Paid
1363,1363,1362.0,70604284,2025-02-15,117.69,116.66,Paid
1364,1364,1363.0,34679155,2024-02-11,394.83,148.8,Partially Paid
1365,1365,,662337,2024-11-09,3424.48,3167.2,Paid
1366,1366,1365.0,37909130,2023-07-29,225.52,29.23,Partially Paid
1367,1367,,33391524,2023-03-11,2325.17,2274.96,Paid
1368,1368,1367.0,37909130,2023-06-23,,74.5,Paid
1369,1369,1368.0,33391524,2023-11-07,945.34,887.78,Paid
1370,1370,1369.0,51422190,2024-09-10,145.92,135.18,Paid
1371,1371,1370.0,74476075,2025-04-12,4575.77,4533.52,Paid
1372,1372,1371.0,69599038,2025-02-02,6149.06,5812.26,Paid
1373,1373,,62378778,2025-09-03,472.36,440.83,Paid
1374,1374,1373.0,86820499,2024-05-26,854.33,840.5,Paid
1375,1375,,62378778,2024-09-29,605.38,76.01,Partially Paid
1376,1376,1375.0,63154872,2025-09-27,4455.59,4300.54,Paid
1377,1377,1376.0,51422190,2023-06-16,372.43,338.07,Paid
1378,1378,1377.0,34679155,2023-12-07,119.08,21.38,Partially Paid
1379,1379,1378.0,35867643,2025-09-24,1290.95,506.96,Partially Paid
1380,1380,1379.0,52736082,2024-07-09,441.86,414.09,Paid
1381,1381,1380.0,21477593,2025-01-30,269.3,254.84,Paid
1382,1382,1381.0,58820915,2023-12-03,,29.04,Partially Paid
1383,1383,1382.0,86937698,2024-09-30,5671.42,5157.5,Paid
1384,1384,,58820915,2023-11-17,52.05,51.44,Paid
1385,1385,1384.0,30048293,2024-08-05,33726.41,17171.06,Partially Paid
1386,1386,1385.0,60618268,2024-02-19,57.19,55.65,Paid
1387,1387,,41734324,2025-02-23,56.22,53.93,Paid
1388,1388,1387.0,84940684,2025-08-27,12325.73,11378.91,Paid
1389,1389,1388.0,22394905,2023-10-21,1485.58,484.8,Partially Paid
1390,1390,,41734324,2025-08-24,55.79,50.87,Paid
1391,1391,1390.0,34679155,2024-12-28,159.12,151.65,Paid
1392,1392,1391.0,12334949,2023-10-20,34395.66,32641.8,Paid
1393,1393,1392.0,25875482,2024-12-14,183.51,128.23,Partially Paid
1394,1394,1393.0,37909130,2024-01-27,183.86,179.22,Paid
1395,1395,1394.0,86820499,2023-01-12,4772.27,4729.82,Paid
1396,1396,,51422190,2023-03-10,276.53,259.89,Paid
1397,1397,1396.0,12334949,2023-03-04,35211.49,28100.96,Partially Paid
1398,1398,1397.0,60618268,2023-08-01,38.33,37.92,Paid
1399,1399,1398.0,34679155,2023-06-19,196.85,27.41,Partially Paid
1400,1400,1399.0,95376350,2024-02-02,5309.82,4955.48,Paid
1401,1401,1400.0,60618268,2025-01-20,,0.0,Denied
1402,1402,1401.0,37909130,2023-05-14,117.53,,Paid
1403,1403,1402.0,86937698,2024-02-11,5571.99,5368.78,Paid
1404,1404,1403.0,69599038,2024-11-30,3836.77,614.91,Partially Paid
1405,1405,1404.0,60618268,2023-06-26,109.12,108.75,Paid
1406,1406,1405.0,37909130,2025-07-31,78.45,72.54,Paid
1407,1407,1406.0,12334949,2023-04-20,18275.87,16958.11,Paid
1408,1408,1407.0,70604284,2024-02-13,182.83,,Paid
1409,1409,1408.0,35643704,2024-12-15,390.74,384.08,Paid
1410,1410,1409.0,37909130,2023-11-15,238.28,231.18,Paid
1411,1411,1410.0,44144684,2024-02-29,16976.34,0.0,Denied
1412,1412,1411.0,60618268,2024-03-22,244.49,222.86,Paid
1413,1413,1412.0,41734324,2025-02-01,88.93,88.05,Paid
1414,1414,1413.0,74476075,2023-11-22,3486.98,,Paid
1415,1415,1414.0,47758957,2025-08-14,282.45,266.6,Paid
1416,1416,1415.0,51422190,2025-08-27,341.93,,Paid
1417,1417,1416.0,60618268,2024-04-24,386.32,175.73,Partially Paid
1418,1418,1417.0,35643704,2025-03-31,304.68,279.28,Paid
1419,1419,1418.0,84734972,2024-02-11,7621.65,6965.84,Paid
1420,1420,1419.0,60618268,2024-09-25,400.57,374.38,Paid
1421,1421,1420.0,60618268,2024-02-15,,403.01,Paid
1422,1422,1421.0,22394905,2023-11-12,5540.77,2005.65,Partially Paid
1423,1423,,60618268,2025-03-18,355.41,201.84,Partially Paid
1424,1424,1423.0,37909130,2025-03-04,94.98,86.75,Paid
1425,1425,1424.0,34679155,2025-03-17,236.94,229.12,Paid
1426,1426,1425.0,37909130,2025-01-25,176.8,159.15,Paid
1427,1427,1426.0,37909130,2025-10-20,115.79,109.25,Paid
1428,1428,1427.0,51422190,2024-08-06,158.88,150.63,Paid
1429,1429,1428.0,63154872,2025-03-26,5522.25,2349.42,Partially Paid
1430,1430,1429.0,20816724,2023-01-26,170.66,162.25,Paid
1431,1431,1430.0,33391524,2025-05-15,6216.61,5755.74,Paid
1432,1432,1431.0,12334949,2025-10-25,18048.89,16848.75,Paid
1433,1433,1432.0,44144684,2025-02-24,35461.0,31939.57,Paid
1434,1434,1433.0,33391524,2025-06-09,578.64,,Paid
1435,1435,1434.0,58820915,2025-01-26,141.12,131.19,Paid
1436,1436,1435.0,35277331,2025-05-04,56.13,54.09,Paid
1437,1437,1436.0,37909130,2024-05-24,111.33,101.6,Paid
1438,1438,,12334949,2024-12-08,39014.85,36065.72,Paid
1439,1439,1438.0,35277331,2023-10-28,263.27,258.33,Paid
1440,1440,1439.0,35277331,2024-11-22,374.6,352.97,Paid
1441,1441,1440.0,25875482,2025-06-06,773.87,386.65,Partially Paid
1442,1442,,44144684,2023-04-11,18098.27,17665.21,Paid
1443,1443,,25875482,2024-07-20,,,Paid
1444,1444,1443.0,21477593,2024-02-29,28.99,26.47,Paid
1445,1445,1444.0,41734324,2023-07-18,40.99,,Paid
1446,1446,1445.0,6138419,2025-08-01,,4464.49,Paid
1447,1447,,25875482,2024-11-28,289.73,59.76,Partially Paid
1448,1448,1447.0,3898775,2024-06-07,3342.92,3199.61,Paid
1449,1449,1448.0,25875482,2023-06-20,,0.0,Denied
1450,1450,1449.0,74476075,2025-08-15,430.6,394.72,Paid
1451,1451,1450.0,63154872,2024-08-04,,4192.77,Paid
1452,1452,1451.0,74476075,2023-07-18,,2994.53,Paid
1453,1453,1452.0,44144684,2025-04-16,17320.86,17148.45,Paid
1454,1454,1453.0,84940684,2024-10-12,22580.66,20830.88,Paid
1455,1455,1454.0,32867785,2023-11-18,7406.5,6879.46,Paid
1456,1456,1455.0,35643704,2025-02-24,298.48,281.12,Paid
1457,1457,1456.0,25875482,2025-10-27,799.18,777.77,Paid
1458,1458,1457.0,66200381,2025-08-24,5538.03,0.0,Denied
1459,1459,,58738053,2025-11-13,35220.34,,Partially Paid
1460,1460,1459.0,30048293,2024-02-14,16295.35,16123.35,Paid
1461,1461,1460.0,74476075,2025-06-27,7919.76,6185.05,Partially Paid
1462,1462,1461.0,5243984,2024-05-16,21177.43,,Denied
1463,1463,1462.0,78623435,2025-08-20,351.76,331.26,Paid
1464,1464,1463.0,32867785,2023-02-18,3620.46,513.56,Partially Paid
1465,1465,1464.0,84940684,2025-01-14,18980.03,10258.47,Partially Paid
1466,1466,1465.0,3898775,2024-06-21,6111.94,5984.58,Paid
1467,1467,1466.0,41734324,2024-05-12,121.38,110.42,Paid
1468,1468,1467.0,5243984,2024-06-16,16985.5,15848.59,Paid
1469,1469,1468.0,37909130,2023-03-15,316.46,293.94,Paid
1470,1470,1469.0,6138419,2024-09-20,7569.38,7292.26,Paid
1471,1471,1470.0,30048293,2023-09-21,10128.41,,Paid
1472,1472,1471.0,12334949,2023-10-31,25448.22,24738.57,Paid
1473,1473,1472.0,34679155,2023-11-16,255.5,,Paid
1474,1474,,3898775,2025-09-14,1568.02,172.42,Partially Paid
1475,1475,1474.0,662337,2023-11-04,2370.86,,Paid
1476,1476,,66200381,2024-04-12,,5404.12,Paid
1477,1477,,62378778,2023-06-12,777.83,744.13,Paid
1478,1478,1477.0,37909130,2024-05-16,129.92,119.23,Paid
1479,1479,1478.0,69893948,2023-05-11,7267.9,6761.15,Paid
1480,1480,1479.0,83560890,2025-09-04,2892.77,2829.54,Paid
1481,1481,1480.0,60618268,2023-08-27,232.11,211.22,Paid
1482,1482,1481.0,69599038,2025-05-30,6916.89,6838.4,Paid
1483,1483,1482.0,69893948,2023-01-02,2163.63,2005.85,Paid
1484,1484,1483.0,62378778,2024-09-05,248.15,231.8,Paid
1485,1485,1484.0,76629196,2023-08-17,782.92,0.0,Denied
1486,1486,1485.0,60618268,2025-08-21,257.98,251.8,Paid
1487,1487,1486.0,12334949,2024-01-10,11775.84,10871.22,Paid
1488,1488,1487.0,86937698,2025-08-24,1002.75,963.6,Paid
1489,1489,,74476075,2023-12-18,6848.39,6271.16,Paid
1490,1490,1489.0,30048293,2024-04-13,37649.52,37108.26,Paid
1491,1491,1490.0,37909130,2024-10-07,207.4,194.82,Paid
1492,1492,1491.0,58820915,2025-04-17,189.73,148.46,Partially Paid
1493,1493,1492.0,84940684,2024-06-08,15317.89,14279.1,Paid
1494,1494,1493.0,60618268,2024-03-16,316.43,293.46,Paid
1495,1495,1494.0,662337,2025-08-20,7625.95,0.0,Denied
1496,1496,1495.0,37909130,2024-05-26,148.05,138.8,Paid
1497,1497,1496.0,83560890,2025-01-26,2741.12,2596.35,Paid
1498,1498,1497.0,34679155,2023-11-07,355.88,340.72,Paid
1499,1499,1498.0,78623435,2024-06-17,244.84,142.67,Partially Paid
1500,1500,1499.0,41734324,2025-01-09,136.71,135.13,Paid
1501,1501,1500.0,83560890,2024-11-13,1354.11,0.0,Denied
1502,1502,1501.0,58820915,2023-10-15,77.21,72.55,Paid
1503,1503,1502.0,60618268,2025-11-15,199.27,199.18,Paid
1504,1504,,63154872,2024-11-14,5148.12,4924.33,Paid
1505,1505,,662337,2025-08-17,4958.25,0.0,Denied
1506,1506,1505.0,74476075,2025-08-11,3720.05,2296.22,Partially Paid
1507,1507,,91900027,2025-07-18,445.79,437.78,Paid
1508,1508,1507.0,35643704,2023-01-14,319.37,287.71,Paid
1509,1509,1508.0,35867643,2024-10-30,4352.44,4004.39,Paid
1510,1510,,58820915,2023-11-09,110.65,103.0,Paid
1511,1511,1509.0,51422190,2023-09-18,239.03,0.0,Denied
1512,1512,1510.0,60618268,2024-02-18,165.41,153.35,Paid
1513,1513,1511.0,22394905,2023-09-10,6706.43,6333.52,Paid
1514,1514,1512.0,58738053,2024-02-11,12197.13,11970.87,Paid
1515,1515,1513.0,95376350,2025-11-23,1149.29,1048.19,Paid
1516,1516,1514.0,12334949,2025-04-30,11684.34,0.0,Denied
1517,1517,1515.0,37909130,2023-02-03,52.54,19.98,Partially Paid
1518,1518,1516.0,37909130,2025-06-08,381.08,351.71,Paid
1519,1519,1517.0,21477593,2023-02-02,476.63,459.82,Paid
1520,1520,1518.0,60618268,2023-01-19,81.42,78.94,Paid
1521,1521,1519.0,62378778,2025-01-31,513.17,201.92,Partially Paid
1522,1522,1520.0,60618268,2025-01-17,441.96,404.94,Paid
1523,1523,1521.0,51422190,2024-06-27,267.67,241.59,Paid
1524,1524,1522.0,95376350,2025-04-14,562.7,540.11,Paid
1525,1525,1523.0,5243984,2023-07-08,19695.9,19634.31,Paid
1526,1526,1524.0,35643704,2025-06-20,84.51,81.44,Paid
1527,1527,1525.0,69893948,2023-09-20,2718.44,2706.72,Paid
1528,1528,1526.0,52736082,2024-02-06,144.37,141.56,Paid
1529,1529,,66200381,2025-04-07,2401.94,2221.74,Paid
1530,1530,,34679155,2025-08-04,283.92,271.91,Paid
1531,1531,1529.0,35277331,2025-02-06,281.42,279.58,Paid
1532,1532,1530.0,37909130,2024-02-10,392.84,,Paid
1533,1533,1531.0,37909130,2025-09-11,219.35,211.21,Paid
1534,1534,1532.0,30048293,2024-06-22,24105.78,22368.49,Paid
1535,1535,1533.0,30048293,2024-11-29,33244.6,,Paid
1536,1536,1534.0,74476075,2024-06-22,692.32,667.56,Paid
1537,1537,1535.0,21477593,2023-09-04,,280.62,Paid
1538,1538,1536.0,41734324,2025-10-30,35.57,25.61,Partially Paid
1539,1539,1537.0,41734324,2024-02-11,112.68,108.18,Paid
1540,1540,,20816724,2025-01-12,454.59,,Paid
1541,1541,,6138419,2024-04-08,6777.26,6202.58,Paid
1542,1542,1540.0,84940684,2024-08-30,18642.03,17563.15,Paid
1543,1543,1541.0,69893948,2023-01-01,783.99,757.97,Paid
1544,1544,1542.0,3898775,2023-05-02,6090.32,5774.19,Paid
1545,1545,1543.0,62378778,2025-03-12,639.73,,Paid
1546,1546,,3898775,2024-07-19,,1259.93,Paid
1547,1547,1545.0,47758957,2024-11-01,25.17,23.44,Paid
1548,1548,1546.0,22394905,2025-06-16,,2465.75,Paid
1549,1549,1547.0,3898775,2024-07-11,7606.01,7482.78,Paid
1550,1550,1548.0,35277331,2023-12-11,356.68,349.35,Paid
1551,1551,,91900027,2025-01-12,230.97,103.05,Partially Paid
1552,1552,1550.0,41734324,2024-07-18,136.66,127.49,Paid
1553,1553,1551.0,60618268,2025-09-21,136.52,130.94,Paid
1554,1554,1552.0,30048293,2025-02-08,,14881.13,Partially Paid
1555,1555,1553.0,41734324,2023-07-14,26.45,24.76,Paid
1556,1556,1554.0,60618268,2024-12-12,330.6,312.77,Paid
1557,1557,1555.0,5243984,2023-02-22,,12097.26,Paid
1558,1558,1556.0,35643704,2025-07-24,,419.96,Paid
1559,1559,,37909130,2025-07-02,324.3,314.54,Paid
1560,1560,1558.0,35277331,2024-10-21,309.25,,Paid
1561,1561,1559.0,69893948,2024-12-21,,4925.93,Paid
1562,1562,1560.0,662337,2025-04-11,2640.81,2425.9,Paid
1563,1563,1561.0,35643704,2024-12-19,181.76,170.15,Paid
1564,1564,1562.0,3898775,2024-01-24,4738.41,2796.42,Partially Paid
1565,1565,1563.0,74476075,2023-06-05,1749.23,1678.91,Paid
1566,1566,1564.0,30048293,2024-12-25,18886.49,3258.64,Partially Paid
1567,1567,1565.0,37909130,2024-04-05,204.89,,Paid
1568,1568,1566.0,95044104,2024-05-17,706.35,693.04,Paid
1569,1569,1567.0,69599038,2025-09-16,,6433.57,Paid
1570,1570,1568.0,25875482,2025-03-29,520.44,408.75,Partially Paid
1571,1571,1569.0,34679155,2025-06-02,179.58,135.73,Partially Paid
1572,1572,1570.0,3898775,2024-10-20,6907.57,0.0,Denied
1573,1573,1571.0,22394905,2025-11-05,5725.16,5212.65,Paid
1574,1574,1572.0,76629196,2024-04-03,398.96,361.19,Paid
1575,1575,1573.0,44144684,2023-02-15,,,Paid
1576,1576,1574.0,12334949,2024-12-26,7289.45,6975.82,Paid
1577,1577,1575.0,95376350,2025-03-22,1878.59,1791.87,Paid
1578,1578,1576.0,86937698,2025-04-13,1325.02,,Paid
1579,1579,,30048293,2025-01-03,25560.67,23186.12,Paid
1580,1580,1578.0,3898775,2024-05-24,7842.3,7834.14,Paid
1581,1581,1579.0,58738053,2024-11-10,8118.7,,Denied
1582,1582,1580.0,35277331,2023-10-11,346.54,322.67,Paid
1583,1583,,35277331,2023-07-05,114.6,105.74,Paid
1584,1584,1582.0,47758957,2024-06-11,,29.74,Paid
1585,1585,,83560890,2023-01-26,227.03,204.95,Paid
1586,1586,,30048293,2025-10-17,11362.53,10618.57,Paid
1587,1587,1584.0,69599038,2023-12-30,4157.16,1710.98,Partially Paid
1588,1588,1585.0,3898775,2024-09-30,7493.25,7255.74,Paid
1589,1589,1586.0,262606,2023-11-14,7979.27,6036.1,Partially Paid
1590,1590,1587.0,63154872,2023-05-15,2839.08,2623.15,Paid
1591,1591,1588.0,69893948,2023-05-01,7349.56,4906.82,Partially Paid
1592,1592,1589.0,37909130,2025-03-18,314.92,292.33,Paid
1593,1593,1590.0,62378778,2025-04-07,376.35,339.61,Paid
1594,1594,1591.0,74476075,2024-09-18,4081.39,1228.64,Partially Paid
1595,1595,1592.0,76629196,2024-01-21,760.08,728.72,Paid
1596,1596,1593.0,74476075,2023-02-27,568.22,522.09,Paid
1597,1597,1594.0,262606,2025-11-07,4287.08,4017.35,Paid
1598,1598,1595.0,69599038,2024-03-29,5756.8,5298.33,Paid
1599,1599,1596.0,66200381,2025-02-20,1807.03,,Paid
1600,1600,1597.0,22394905,2023-12-29,7899.27,2845.7,Partially Paid
1601,1601,1598.0,30048293,2024-06-12,35868.07,34327.68,Paid
1602,1602,1599.0,25875482,2025-04-18,567.71,,Paid
1603,1603,1600.0,33391524,2024-06-03,4881.01,4585.94,Paid
1604,1604,1601.0,12334949,2023-08-23,9034.74,3993.14,Partially Paid
1605,1605,1602.0,35277331,2025-03-26,149.68,147.52,Paid
1606,1606,1603.0,35277331,2023-06-27,244.16,222.85,Paid
1607,1607,1604.0,37909130,2023-03-19,341.58,,Paid
1608,1608,1605.0,12334949,2023-10-20,20470.83,19780.71,Paid
1609,1609,1606.0,58738053,2023-01-30,38200.63,38011.21,Paid
1610,1610,1607.0,52736082,2025-03-12,,0.0,Denied
1611,1611,1608.0,47758957,2025-06-17,32.15,31.65,Paid
1612,1612,1609.0,41734324,2023-04-27,,24.36,Paid
1613,1613,1610.0,83560890,2025-01-28,422.89,244.86,Partially Paid
1614,1614,1611.0,3898775,2023-09-03,,6220.39,Paid
1615,1615,1612.0,25875482,2025-03-01,,247.44,Paid
1616,1616,1613.0,78623435,2025-07-20,217.7,90.99,Partially Paid
1617,1617,1614.0,12334949,2025-03-06,,,Partially Paid
1618,1618,1615.0,262606,2025-07-30,3400.9,2367.63,Partially Paid
1619,1619,1616.0,69893948,2025-04-11,3484.9,3392.01,Paid
1620,1620,1617.0,91900027,2024-10-29,549.03,523.22,Paid
1621,1621,1618.0,62378778,2025-01-14,725.27,,Paid
1622,1622,1619.0,60618268,2023-10-17,,,Paid
1623,1623,1620.0,37909130,2023-11-17,280.88,0.0,Denied
1624,1624,1621.0,8409724,2025-03-01,475.54,474.76,Paid
1625,1625,1622.0,95376350,2023-11-05,3408.06,3363.08,Paid
1626,1626,1623.0,22394905,2023-03-14,5474.28,876.02,Partially Paid
1627,1627,1624.0,37909130,2023-07-04,159.65,38.65,Partially Paid
1628,1628,1625.0,21477593,2025-01-13,319.15,316.1,Paid
1629,1629,1626.0,63154872,2024-09-13,991.7,,Paid
1630,1630,1627.0,52736082,2025-04-19,168.71,159.76,Paid
1631,1631,,60618268,2023-10-28,456.41,412.57,Paid
1632,1632,1629.0,8409724,2025-01-12,,,Paid
1633,1633,1630.0,262606,2024-12-05,7107.71,,Denied
1634,1634,1631.0,25875482,2025-03-17,,732.78,Paid
1635,1635,,86820499,2024-12-27,4901.94,544.94,Partially Paid
1636,1636,1633.0,30048293,2024-01-29,22969.8,0.0,Denied
1637,1637,1634.0,51422190,2024-05-04,,295.07,Paid
1638,1638,1635.0,69893948,2023-06-14,2796.77,2760.98,Paid
1639,1639,1636.0,58738053,2024-02-13,36658.72,33124.76,Paid
1640,1640,1637.0,8409724,2025-05-19,355.4,353.37,Paid
1641,1641,1638.0,8409724,2023-06-20,735.02,117.13,Partially Paid
1642,1642,1639.0,2888077,2023-09-21,6488.57,5888.0,Paid
1643,1643,1640.0,41734324,2023-06-28,130.92,118.0,Paid
1644,1644,1641.0,70604284,2025-08-01,523.25,,Paid
1645,1645,,37909130,2024-01-16,82.1,0.0,Denied
1646,1646,1643.0,21477593,2023-04-13,364.15,350.51,Paid
1647,1647,1644.0,25875482,2024-01-17,401.91,385.5,Paid
1648,1648,1645.0,3898775,2023-12-27,7798.68,7703.67,Paid
1649,1649,1646.0,12334949,2024-01-21,11546.68,11537.42,Paid
1650,1650,,69599038,2025-04-24,4151.9,3913.8,Paid
1651,1651,1648.0,60618268,2024-07-30,382.06,346.25,Paid
1652,1652,1649.0,70604284,2023-06-13,,228.96,Partially Paid
1653,1653,1650.0,21477593,2023-05-15,293.22,273.25,Paid
1654,1654,1651.0,60618268,2024-09-06,386.44,,Paid
1655,1655,1652.0,12334949,2025-04-19,21273.07,21110.22,Paid
1656,1656,1653.0,91900027,2023-11-09,156.56,,Paid
1657,1657,1654.0,12334949,2023-11-02,18979.64,,Paid
1658,1658,,69893948,2023-07-14,327.84,303.94,Paid
1659,1659,1656.0,52736082,2024-07-22,220.8,,Paid
1660,1660,1657.0,95044104,2023-05-03,315.03,,Paid
1661,1661,1658.0,25875482,2025-10-09,652.72,,Paid
1662,1662,1659.0,84734972,2025-05-28,4970.69,4736.89,Paid
1663,1663,1660.0,84734972,2025-01-26,,,Paid
1664,1664,1661.0,3898775,2024-04-23,7299.14,3968.62,Partially Paid
1665,1665,1662.0,34679155,2024-11-09,294.42,228.42,Partially Paid
1666,1666,1663.0,95376350,2025-09-27,4593.72,1467.34,Partially Paid
1667,1667,1664.0,262606,2023-06-16,4328.04,4284.95,Paid
1668,1668,1665.0,35277331,2024-07-19,299.17,292.52,Paid
1669,1669,1666.0,3898775,2024-12-30,6633.73,6067.29,Paid
1670,1670,1667.0,70604284,2024-02-14,668.1,665.28,Paid
1671,1671,1668.0,58738053,2025-10-29,14885.97,5896.24,Partially Paid
1672,1672,1669.0,41734324,2023-02-21,14.03,13.22,Paid
1673,1673,,58820915,2025-07-03,320.43,307.42,Paid
1674,1674,1671.0,60618268,2024-02-10,,328.97,Paid
1675,1675,1672.0,74476075,2024-10-30,4510.09,4201.27,Paid
1676,1676,1673.0,60618268,2025-03-21,105.44,102.92,Paid
1677,1677,1674.0,2888077,2025-11-13,635.7,,Paid
1678,1678,1675.0,60618268,2023-12-01,471.26,459.7,Paid
1679,1679,1676.0,30048293,2025-10-05,19019.6,17909.53,Paid
1680,1680,,34679155,2024-02-29,206.97,205.14,Paid
1681,1681,1678.0,74476075,2023-02-19,609.37,157.13,Partially Paid
1682,1682,,69599038,2023-10-09,4104.55,4004.38,Paid
1683,1683,1680.0,12334949,2023-02-18,28437.47,,Paid
1684,1684,1681.0,25875482,2025-10-03,55.36,53.04,Paid
1685,1685,1682.0,69893948,2024-03-11,,1335.94,Paid
1686,1686,1683.0,3898775,2023-11-24,,6212.45,Paid
1687,1687,1684.0,34679155,2024-08-07,208.08,207.41,Paid
1688,1688,1685.0,95044104,2023-08-07,607.11,145.77,Partially Paid
1689,1689,1686.0,41734324,2024-09-13,60.53,58.27,Paid
1690,1690,1687.0,69893948,2024-03-19,6670.78,1630.65,Partially Paid
1691,1691,1688.0,84940684,2023-12-05,37228.66,35727.38,Paid
1692,1692,1689.0,51422190,2023-03-05,266.75,203.46,Partially Paid
1693,1693,1690.0,12334949,2023-11-23,8403.14,8105.48,Paid
1694,1694,1691.0,95044104,2025-05-05,540.22,488.09,Paid
1695,1695,1692.0,51422190,2023-09-04,371.79,359.96,Paid
1696,1696,1693.0,51422190,2023-01-30,89.41,84.54,Paid
1697,1697,1694.0,69893948,2023-05-10,5905.19,5353.15,Paid
1698,1698,1695.0,63154872,2025-04-24,1565.18,1549.12,Paid
1699,1699,1696.0,47758957,2025-09-08,,113.44,Paid
1700,1700,1697.0,95376350,2023-04-01,7013.46,2838.64,Partially Paid
1701,1701,1698.0,95044104,2024-08-09,323.03,305.47,Paid
1702,1702,1699.0,70604284,2023-10-26,290.53,273.3,Paid
1703,1703,1700.0,60618268,2023-10-30,410.83,390.06,Paid
1704,1704,1701.0,91900027,2024-06-02,,,Paid
1705,1705,,58820915,2023-03-29,,145.65,Partially Paid
1706,1706,1703.0,51422190,2023-10-13,392.03,265.51,Partially Paid
1707,1707,1704.0,32867785,2025-10-23,4443.17,4254.54,Paid
1708,1708,1705.0,30048293,2024-04-09,28940.37,12803.97,Partially Paid
1709,1709,1706.0,60618268,2025-03-19,271.1,,Partially Paid
1710,1710,1707.0,32867785,2024-04-07,5195.66,5109.59,Paid
1711,1711,1708.0,37909130,2023-08-09,223.32,130.97,Partially Paid
1712,1712,1709.0,58820915,2023-07-17,476.74,429.84,Paid
1713,1713,1710.0,35277331,2023-05-18,138.7,0.0,Denied
1714,1714,,60618268,2024-09-06,184.72,171.86,Paid
1715,1715,,12334949,2023-03-06,22499.82,20825.34,Paid
1716,1716,1712.0,63154872,2023-07-20,,,Paid
1717,1717,1713.0,51422190,2023-06-27,216.21,196.38,Paid
1718,1718,1714.0,58738053,2025-08-19,6201.98,6063.78,Paid
1719,1719,1715.0,2888077,2023-09-20,,4359.51,Paid
1720,1720,1716.0,35643704,2025-03-05,404.63,393.48,Paid
1721,1721,1717.0,3898775,2023-12-23,,,Paid
1722,1722,1718.0,8409724,2023-06-07,199.34,179.52,Paid
1723,1723,1719.0,74476075,2024-04-02,2852.55,2808.49,Paid
1724,1724,1720.0,86820499,2023-07-27,1482.58,1479.44,Paid
1725,1725,,662337,2023-02-12,5725.59,2048.63,Partially Paid
1726,1726,1722.0,78623435,2025-05-14,73.43,72.53,Paid
1727,1727,1723.0,60618268,2023-10-09,78.09,74.74,Paid
1728,1728,1724.0,41734324,2024-06-22,76.9,0.0,Denied
1729,1729,1725.0,86820499,2024-04-20,,,Paid
1730,1730,1726.0,58820915,2023-08-19,271.79,259.03,Paid
1731,1731,,37909130,2025-09-10,,313.07,Paid
1732,1732,1728.0,58820915,2023-05-26,90.13,85.71,Paid
1733,1733,1729.0,74476075,2023-12-04,2127.13,,Paid
1734,1734,1730.0,60618268,2023-05-03,381.14,355.24,Paid
1735,1735,,60618268,2025-03-11,235.92,,Partially Paid
1736,1736,1732.0,60618268,2025-04-12,330.1,302.28,Paid
1737,1737,1733.0,91900027,2023-03-05,362.99,352.26,Paid
1738,1738,1734.0,35277331,2025-03-16,148.29,148.09,Paid
1739,1739,1735.0,63154872,2024-09-23,6871.96,6519.97,Paid
1740,1740,1736.0,66200381,2024-12-02,4355.37,3947.24,Paid
1741,1741,1737.0,44144684,2025-11-17,12974.48,4241.55,Partially Paid
1742,1742,1738.0,37909130,2024-01-28,,319.06,Paid
1743,1743,,74476075,2023-10-13,6457.51,5934.43,Paid
1744,1744,1740.0,76629196,2024-02-23,,594.91,Paid
1745,1745,1741.0,34679155,2024-01-10,360.55,130.7,Partially Paid
1746,1746,1742.0,35277331,2025-07-29,238.09,228.71,Paid
1747,1747,1743.0,12334949,2025-03-16,5114.35,5080.66,Paid
1748,1748,1744.0,41734324,2024-07-21,81.56,75.57,Paid
1749,1749,1745.0,60618268,2025-09-02,229.84,210.07,Paid
1750,1750,1746.0,37909130,2023-03-26,346.51,330.86,Paid
1751,1751,1747.0,51422190,2024-02-24,63.98,57.97,Paid
1752,1752,1748.0,35277331,2024-08-05,200.43,192.78,Paid
1753,1753,1749.0,12334949,2023-11-07,5803.39,5665.47,Paid
1754,1754,1750.0,69893948,2023-02-05,7644.89,7446.47,Paid
1755,1755,1751.0,35643704,2025-04-12,126.07,115.55,Paid
1756,1756,1752.0,60618268,2024-05-04,342.16,337.4,Paid
1757,1757,1753.0,58820915,2025-04-16,361.96,352.52,Paid
1758,1758,1754.0,84734972,2024-07-10,1800.0,1698.6,Paid
1759,1759,1755.0,74476075,2025-03-05,6738.11,6315.6,Paid
1760,1760,1756.0,5243984,2023-12-11,,30347.98,Paid
1761,1761,1757.0,3898775,2025-02-16,4883.4,4406.91,Paid
1762,1762,,95376350,2025-03-07,4658.92,,Paid
1763,1763,1759.0,60618268,2025-06-14,142.36,133.34,Paid
1764,1764,1760.0,60618268,2025-11-25,307.57,212.88,Partially Paid
1765,1765,1761.0,35643704,2023-11-22,64.34,58.23,Paid
1766,1766,1762.0,69599038,2024-08-23,1304.75,1287.92,Paid
1767,1767,1763.0,83560890,2023-05-17,1544.53,1398.13,Paid
1768,1768,1764.0,66200381,2023-12-10,2042.71,483.65,Partially Paid
1769,1769,1765.0,52736082,2023-09-12,634.29,594.26,Paid
1770,1770,1766.0,51422190,2023-01-18,163.92,151.99,Paid
1771,1771,,66200381,2023-10-04,1502.61,,Paid
1772,1772,1768.0,35277331,2024-07-25,211.84,,Paid
1773,1773,1769.0,74476075,2023-05-18,7866.28,7305.57,Paid
1774,1774,1770.0,60618268,2025-04-07,446.62,430.87,Paid
1775,1775,1771.0,76629196,2024-05-29,442.6,420.61,Paid
1776,1776,,25875482,2025-01-22,681.46,674.93,Paid
1777,1777,1773.0,8409724,2025-09-24,199.03,187.8,Paid
1778,1778,,41734324,2024-09-10,65.49,64.84,Paid
1779,1779,1775.0,33391524,2025-01-30,7082.59,6668.83,Paid
1780,1780,1776.0,37909130,2024-08-28,180.91,179.27,Paid
1781,1781,1777.0,35277331,2025-09-04,64.18,0.0,Denied
1782,1782,1778.0,41734324,2025-11-03,33.23,0.0,Denied
1783,1783,1779.0,37909130,2023-02-20,228.33,213.97,Paid
1784,1784,1780.0,60618268,2024-12-11,318.45,288.23,Paid
1785,1785,1781.0,51422190,2025-11-18,62.65,60.95,Paid
1786,1786,,6138419,2024-11-07,5352.81,5204.29,Paid
1787,1787,1783.0,91900027,2023-07-10,512.66,472.68,Paid
1788,1788,1784.0,21477593,2025-05-06,293.26,288.15,Paid
1789,1789,1785.0,86820499,2023-01-02,7930.01,7166.72,Paid
1790,1790,,35277331,2025-10-07,89.98,88.29,Paid
1791,1791,1787.0,60618268,2024-06-12,296.98,294.05,Paid
1792,1792,1788.0,76629196,2023-11-15,,282.48,Partially Paid
1793,1793,1789.0,37909130,2024-04-08,335.23,310.83,Paid
1794,1794,,91900027,2023-04-16,764.08,753.62,Paid
1795,1795,1791.0,3898775,2024-05-24,3821.91,3477.4,Paid
1796,1796,1792.0,84734972,2024-11-09,2532.86,2437.39,Paid
1797,1797,,35277331,2025-06-11,192.07,,Paid
1798,1798,1794.0,25875482,2024-04-27,414.89,0.0,Denied
1799,1799,1795.0,30048293,2024-08-09,13513.26,4530.7,Partially Paid
1800,1800,,84940684,2023-06-18,7880.86,7211.02,Paid
1801,1801,1797.0,8409724,2023-04-16,51.57,47.1,Paid
1802,1802,1798.0,60618268,2023-06-29,,13.05,Partially Paid
1803,1803,1799.0,62378778,2023-01-01,666.07,610.78,Paid
1804,1804,1800.0,84734972,2024-08-19,,4916.28,Paid
1805,1805,,60618268,2023-11-19,,299.14,Paid
1806,1806,1802.0,37909130,2023-11-30,293.22,,Partially Paid
1807,1807,1803.0,37909130,2025-05-06,332.44,331.93,Paid
1808,1808,1804.0,34679155,2023-11-01,296.13,268.26,Paid
1809,1809,1805.0,5243984,2023-11-02,30296.94,28275.31,Paid
1810,1810,1806.0,44144684,2025-04-19,9291.65,9238.3,Paid
1811,1811,1807.0,35643704,2023-03-11,194.82,182.06,Paid
1812,1812,1808.0,41734324,2025-03-08,36.12,34.89,Paid
1813,1813,1809.0,60618268,2023-09-30,411.57,399.53,Paid
1814,1814,1810.0,35643704,2023-01-16,437.2,404.44,Paid
1815,1815,1811.0,37909130,2023-03-28,359.48,345.24,Paid
1816,1816,1812.0,86937698,2023-03-20,6212.71,6033.39,Paid
1817,1817,1813.0,58820915,2024-02-18,121.31,,Paid
1818,1818,1814.0,70604284,2024-02-07,,0.0,Denied
1819,1819,1815.0,5243984,2024-08-17,23857.73,21578.16,Paid
1820,1820,,35867643,2025-08-29,6670.51,6312.67,Paid
1821,1821,1817.0,25875482,2025-07-09,248.53,173.1,Partially Paid
1822,1822,1818.0,22394905,2024-06-27,233.42,,Paid
1823,1823,1819.0,8409724,2023-06-05,651.79,639.69,Paid
1824,1824,1820.0,30048293,2023-04-15,22382.25,21339.44,Paid
1825,1825,1821.0,91900027,2024-11-03,182.93,164.9,Paid
1826,1826,1822.0,84940684,2023-02-12,8481.1,0.0,Denied
1827,1827,1823.0,25875482,2025-05-01,171.4,,Paid
1828,1828,,3898775,2023-05-21,794.56,,Paid
1829,1829,,69599038,2024-01-02,1084.29,989.03,Paid
1830,1830,1826.0,91900027,2024-07-23,639.12,581.09,Paid
1831,1831,1827.0,69893948,2023-02-07,,7282.84,Paid
1832,1832,,60618268,2023-11-25,270.6,248.79,Paid
1833,1833,1829.0,37909130,2023-08-01,332.55,312.68,Paid
1834,1834,1830.0,52736082,2023-05-18,782.1,769.16,Paid
1835,1835,1831.0,58820915,2025-01-25,115.57,109.25,Paid
1836,1836,1832.0,22394905,2024-11-24,3441.16,2679.66,Partially Paid
1837,1837,1833.0,34679155,2023-08-27,257.51,246.01,Paid
1838,1838,1834.0,91900027,2024-05-18,284.04,86.75,Partially Paid
1839,1839,1835.0,22394905,2024-06-12,6562.41,0.0,Denied
1840,1840,1836.0,60618268,2025-01-15,56.05,52.13,Paid
1841,1841,,37909130,2023-07-10,354.33,0.0,Denied
1842,1842,,22394905,2024-11-14,,,Paid
1843,1843,1839.0,41734324,2023-06-13,123.62,118.4,Paid
1844,1844,1840.0,37909130,2025-04-06,313.31,310.77,Paid
1845,1845,1841.0,84940684,2023-10-08,7406.16,0.0,Denied
1846,1846,1842.0,74476075,2025-01-09,3366.71,3083.5,Paid
1847,1847,1843.0,51422190,2023-08-01,270.79,249.63,Paid
1848,1848,1844.0,51422190,2024-05-03,396.38,377.47,Paid
1849,1849,1845.0,69893948,2025-10-05,4471.0,4118.24,Paid
1850,1850,,63154872,2023-10-06,3355.26,3325.31,Paid
1851,1851,1847.0,70604284,2025-05-10,241.25,,Paid
1852,1852,1848.0,22394905,2023-09-20,4697.6,2377.66,Partially Paid
1853,1853,1849.0,58738053,2023-04-06,30593.84,27941.24,Paid
1854,1854,1850.0,37909130,2024-03-06,301.03,33.0,Partially Paid
1855,1855,1851.0,37909130,2023-09-10,354.08,,Paid
1856,1856,1852.0,91900027,2024-02-28,341.91,330.49,Paid
1857,1857,1853.0,69893948,2023-04-11,2166.47,,Paid
1858,1858,1854.0,12334949,2025-04-26,8864.58,8229.39,Paid
1859,1859,1855.0,37909130,2023-05-14,255.27,246.19,Paid
1860,1860,,37909130,2025-03-10,,136.26,Paid
1861,1861,1857.0,662337,2025-02-26,1907.21,,Denied
1862,1862,1858.0,262606,2024-06-05,5581.28,5390.56,Paid
1863,1863,1859.0,60618268,2023-08-08,135.79,133.21,Paid
1864,1864,1860.0,47758957,2023-11-02,,465.24,Paid
1865,1865,1861.0,51422190,2024-01-19,87.96,,Paid
1866,1866,1862.0,30048293,2025-04-03,,0.0,Denied
1867,1867,1863.0,60618268,2024-05-16,175.86,61.52,Partially Paid
1868,1868,1864.0,34679155,2023-02-03,291.41,288.38,Paid
1869,1869,1865.0,60618268,2025-04-24,276.79,251.95,Paid
1870,1870,1866.0,37909130,2024-03-23,179.81,162.04,Paid
1871,1871,1867.0,51422190,2025-07-10,,359.82,Paid
1872,1872,,74476075,2024-05-08,544.53,519.54,Paid
1873,1873,1869.0,51422190,2025-04-23,360.61,342.71,Paid
1874,1874,1870.0,47758957,2024-12-15,468.63,,Paid
1875,1875,1871.0,60618268,2023-02-13,340.3,334.25,Paid
1876,1876,1872.0,60618268,2024-03-04,114.87,104.09,Paid
1877,1877,1873.0,34679155,2024-02-23,178.32,174.06,Paid
1878,1878,1874.0,74476075,2025-08-28,3149.07,2845.23,Paid
1879,1879,1875.0,58738053,2023-06-23,31754.61,29067.34,Paid
1880,1880,1876.0,25875482,2024-06-29,585.27,578.47,Paid
1881,1881,1877.0,74476075,2024-03-17,7638.22,7341.05,Paid
1882,1882,1878.0,8409724,2023-02-11,,192.71,Paid
1883,1883,1879.0,84940684,2023-09-17,36529.08,35434.19,Paid
1884,1884,1880.0,58738053,2023-10-04,6849.11,6764.04,Paid
1885,1885,1881.0,21477593,2023-06-01,135.92,126.94,Paid
1886,1886,1882.0,52736082,2024-01-01,83.01,81.66,Paid
1887,1887,1883.0,95376350,2023-10-30,5073.75,4932.15,Paid
1888,1888,1884.0,58738053,2024-07-19,39746.32,35903.27,Paid
1889,1889,1885.0,12334949,2023-03-04,,7722.82,Paid
1890,1890,,5243984,2025-06-18,,30389.78,Paid
1891,1891,1887.0,22394905,2025-02-15,5442.99,2464.66,Partially Paid
1892,1892,1888.0,60618268,2023-10-30,,292.05,Paid
1893,1893,1889.0,60618268,2023-12-26,,399.96,Paid
1894,1894,1890.0,86820499,2025-06-09,3845.04,3479.32,Paid
1895,1895,1891.0,76629196,2024-11-30,116.52,108.07,Paid
1896,1896,1892.0,69599038,2025-04-25,1364.33,,Paid
1897,1897,1893.0,2888077,2023-12-15,6324.09,5718.16,Paid
1898,1898,1894.0,58738053,2024-05-07,,9499.81,Partially Paid
1899,1899,1895.0,12334949,2024-01-14,9401.83,9215.67,Paid
1900,1900,1896.0,22394905,2023-09-12,7143.6,4407.28,Partially Paid
1901,1901,1897.0,58820915,2025-08-28,259.25,0.0,Denied
1902,1902,1898.0,86820499,2023-05-12,,3209.24,Paid
1903,1903,1899.0,35277331,2023-12-16,232.6,224.85,Paid
1904,1904,1900.0,25875482,2025-05-09,617.36,600.21,Paid
1905,1905,1901.0,58820915,2023-06-18,241.74,227.0,Paid
1906,1906,1902.0,95044104,2024-08-18,,657.96,Paid
1907,1907,1903.0,37909130,2024-01-18,152.84,,Denied
1908,1908,1904.0,47758957,2025-04-22,,183.73,Partially Paid
1909,1909,1905.0,6138419,2024-05-09,4537.5,4164.72,Paid
1910,1910,1906.0,44144684,2023-05-07,28578.72,26548.76,Paid
1911,1911,1907.0,52736082,2024-03-18,206.7,,Paid
1912,1912,1908.0,84734972,2025-03-19,5881.92,3906.56,Partially Paid
1913,1913,1909.0,662337,2025-08-13,5825.76,2802.57,Partially Paid
1914,1914,1910.0,262606,2025-10-05,1890.9,1762.89,Paid
1915,1915,1911.0,78623435,2023-06-07,384.67,203.23,Partially Paid
1916,1916,1912.0,84734972,2023-07-15,3801.36,3576.01,Paid
1917,1917,1913.0,58738053,2023-03-02,25513.16,24020.7,Paid
1918,1918,1914.0,34679155,2024-05-15,290.94,280.37,Paid
1919,1919,1915.0,30048293,2023-09-03,38612.9,28638.05,Partially Paid
1920,1920,1916.0,21477593,2023-10-02,445.22,427.58,Paid
1921,1921,,69893948,2024-08-10,1049.08,968.44,Paid
1922,1922,,60618268,2025-04-14,113.46,23.87,Partially Paid
1923,1923,1919.0,74476075,2024-05-06,3720.08,3503.67,Paid
1924,1924,1920.0,86820499,2023-09-24,4253.51,4145.96,Paid
1925,1925,1921.0,58820915,2024-05-01,256.34,241.87,Paid
1926,1926,1922.0,25875482,2025-05-23,635.23,574.39,Paid
1927,1927,1923.0,41734324,2025-01-09,64.68,10.47,Partially Paid
1928,1928,1924.0,95376350,2024-10-18,7534.41,7498.84,Paid
1929,1929,1925.0,6138419,2025-05-30,4170.79,3992.3,Paid
1930,1930,1926.0,44144684,2023-10-20,26741.25,0.0,Denied
1931,1931,1927.0,95044104,2024-05-10,278.0,272.27,Paid
1932,1932,1928.0,25875482,2025-09-03,697.13,429.2,Partially Paid
1933,1933,1929.0,78623435,2023-09-12,68.69,,Paid
1934,1934,1930.0,5243984,2023-05-13,33115.03,30405.49,Paid
1935,1935,1931.0,95376350,2023-12-06,,3199.48,Paid
1936,1936,1932.0,60618268,2024-08-30,418.54,408.47,Paid
1937,1937,1933.0,8409724,2025-01-19,484.46,463.57,Paid
1938,1938,1934.0,58738053,2025-10-21,,35307.93,Paid
1939,1939,1935.0,37909130,2024-01-14,343.72,88.03,Partially Paid
1940,1940,1936.0,74476075,2023-04-23,,3377.62,Paid
1941,1941,1937.0,60618268,2025-05-05,486.72,459.56,Paid
1942,1942,1938.0,52736082,2024-03-27,294.33,291.62,Paid
1943,1943,1939.0,37909130,2023-02-05,342.59,,Denied
1944,1944,1940.0,78623435,2023-10-19,365.79,345.09,Paid
1945,1945,1941.0,74476075,2025-04-11,4805.99,4650.54,Paid
1946,1946,1942.0,30048293,2025-02-22,25051.96,24125.92,Paid
1947,1947,1943.0,662337,2023-07-21,5441.69,4976.82,Paid
1948,1948,1944.0,74476075,2023-09-04,2165.06,2006.37,Paid
1949,1949,1945.0,76629196,2025-11-08,253.93,177.31,Partially Paid
1950,1950,1946.0,5243984,2025-11-18,20198.69,19966.88,Paid
1951,1951,1947.0,95376350,2025-10-28,1776.06,1632.79,Paid
1952,1952,1948.0,35867643,2023-04-09,7573.68,6858.71,Paid
1953,1953,1949.0,12334949,2024-10-20,6901.32,,Paid
1954,1954,1950.0,6138419,2023-10-22,592.33,570.86,Paid
1955,1955,1951.0,34679155,2024-07-30,186.76,185.69,Paid
1956,1956,1952.0,74476075,2023-09-24,4851.23,,Paid
1957,1957,1953.0,22394905,2025-02-26,7400.1,0.0,Denied
1958,1958,1954.0,6138419,2024-06-22,723.83,666.12,Paid
1959,1959,1955.0,3898775,2025-01-02,5776.37,5397.87,Paid
1960,1960,1956.0,51422190,2025-08-08,53.72,39.18,Partially Paid
1961,1961,1957.0,5243984,2023-01-01,18294.03,17236.45,Paid
1962,1962,,84734972,2024-12-07,,2959.57,Paid
1963,1963,1959.0,8409724,2024-10-23,85.84,26.25,Partially Paid
1964,1964,1960.0,60618268,2024-08-06,,458.01,Paid
1965,1965,1961.0,60618268,2023-08-10,,287.85,Partially Paid
1966,1966,1962.0,8409724,2023-06-03,60.51,55.02,Paid
1967,1967,1963.0,95044104,2023-07-29,,517.58,Paid
1968,1968,1964.0,33391524,2025-06-15,2024.14,1988.99,Paid
1969,1969,1965.0,86820499,2024-10-14,3385.72,3240.96,Paid
1970,1970,1966.0,34679155,2025-05-27,190.97,,Partially Paid
1971,1971,1967.0,44144684,2024-04-28,36510.94,35808.49,Paid
1972,1972,,83560890,2023-10-22,689.24,155.98,Partially Paid
1973,1973,,35867643,2025-01-19,315.69,315.34,Paid
1974,1974,,37909130,2023-05-30,232.99,213.75,Paid
1975,1975,1970.0,22394905,2023-03-22,4548.71,4404.0,Paid
1976,1976,1971.0,35277331,2023-02-03,383.58,380.46,Paid
1977,1977,1972.0,70604284,2025-06-06,781.26,757.15,Paid
1978,1978,1973.0,35867643,2024-11-22,6799.86,6496.27,Paid
1979,1979,1974.0,35277331,2025-11-05,210.26,155.39,Partially Paid
1980,1980,1975.0,84734972,2025-04-02,3691.12,3521.06,Paid
1981,1981,1976.0,78623435,2025-02-18,323.09,0.0,Denied
1982,1982,1977.0,20816724,2025-10-10,507.82,484.56,Paid
1983,1983,1978.0,35867643,2023-09-23,2696.91,2560.42,Paid
1984,1984,1979.0,5243984,2023-01-02,18950.78,18240.51,Paid
1985,1985,1980.0,83560890,2025-01-08,4582.29,4457.51,Paid
1986,1986,1981.0,44144684,2023-09-13,10877.19,2427.08,Partially Paid
1987,1987,1982.0,44144684,2025-03-16,21124.0,19308.08,Paid
1988,1988,1983.0,51422190,2024-07-05,326.34,83.39,Partially Paid
1989,1989,1984.0,37909130,2023-07-31,169.07,153.51,Paid
1990,1990,1985.0,76629196,2025-09-16,,0.0,Denied
1991,1991,1986.0,95044104,2024-03-29,701.25,668.27,Paid
1992,1992,1987.0,37909130,2023-08-06,,230.38,Paid
1993,1993,1988.0,37909130,2024-10-26,55.47,52.63,Paid
1994,1994,1989.0,74476075,2024-09-19,5099.4,4933.89,Paid
1995,1995,,78623435,2025-09-18,107.69,105.89,Paid
1996,1996,1991.0,33391524,2023-06-26,6740.79,6274.04,Paid
1997,1997,,91900027,2024-02-19,130.42,122.15,Paid
1998,1998,,78623435,2023-07-19,133.35,131.37,Paid
1999,1999,1994.0,86820499,2023-08-12,2411.13,2191.03,Paid
2000,2000,1995.0,25875482,2023-09-07,572.06,546.97,Paid
2001,2001,1996.0,62378778,2023-09-23,226.26,216.25,Paid
2002,2002,1997.0,30048293,2025-05-26,19562.91,0.0,Denied
2003,2003,1998.0,33391524,2024-07-26,2529.47,2401.15,Paid
2004,2004,1999.0,3898775,2024-11-26,5916.52,5540.06,Paid
2005,2005,2000.0,35643704,2023-12-31,260.97,250.91,Paid
2006,2006,2001.0,69599038,2024-11-11,398.09,0.0,Denied
2007,2007,2002.0,5243984,2025-02-01,27370.78,27037.97,Paid
2008,2008,2003.0,20816724,2024-10-29,701.36,631.61,Paid
2009,2009,2004.0,95044104,2024-01-09,561.5,521.32,Paid
2010,2010,,58820915,2023-10-23,259.8,206.11,Partially Paid
2011,2011,2006.0,5243984,2024-08-22,27510.1,24776.6,Paid
2012,2012,2007.0,35277331,2025-01-25,150.77,0.0,Denied
2013,2013,2008.0,41734324,2023-08-05,113.19,102.58,Paid
2014,2014,2009.0,47758957,2024-09-16,319.55,311.19,Paid
2015,2015,2010.0,21477593,2023-11-24,117.9,110.18,Paid
2016,2016,2011.0,58738053,2025-07-22,11192.94,10465.5,Paid
2017,2017,2012.0,35867643,2024-06-28,3973.9,3919.35,Paid
2018,2018,2013.0,60618268,2025-07-17,203.56,188.11,Paid
2019,2019,2014.0,37909130,2025-06-19,386.12,354.29,Paid
2020,2020,2015.0,33391524,2024-01-17,7662.19,2513.78,Partially Paid
2021,2021,2016.0,37909130,2024-03-14,309.35,237.81,Partially Paid
2022,2022,2017.0,84940684,2023-06-04,27412.51,26180.75,Paid
2023,2023,,37909130,2024-05-15,326.27,155.99,Partially Paid
2024,2024,2019.0,12334949,2023-09-08,22118.61,21537.14,Paid
2025,2025,,69893948,2024-05-21,7546.81,6989.13,Paid
2026,2026,2021.0,35643704,2023-08-27,106.62,,Paid
2027,2027,2022.0,35277331,2023-05-24,106.73,103.17,Paid
2028,2028,,37909130,2024-03-14,221.61,72.87,Partially Paid
2029,2029,2024.0,21477593,2023-10-03,400.75,392.36,Paid
2030,2030,2025.0,83560890,2024-06-27,4613.78,4526.5,Paid
2031,2031,2026.0,35867643,2025-06-16,2924.64,,Paid
2032,2032,2027.0,58820915,2025-03-18,463.67,345.8,Partially Paid
2033,2033,2028.0,60618268,2024-04-28,462.82,454.24,Paid
2034,2034,2029.0,60618268,2024-03-06,438.56,435.43,Paid
2035,2035,2030.0,25875482,2023-12-09,634.42,608.21,Paid
2036,2036,2031.0,41734324,2025-09-05,48.81,22.35,Partially Paid
2037,2037,2032.0,35277331,2025-05-01,397.26,384.82,Paid
2038,2038,2033.0,58820915,2025-03-25,43.24,39.57,Paid
2039,2039,2034.0,35277331,2025-04-19,213.29,193.1,Paid
2040,2040,,21477593,2023-09-23,458.38,440.85,Paid
2041,2041,2036.0,62378778,2025-06-15,749.3,,Paid
2042,2042,2037.0,83560890,2025-02-17,2156.42,2083.17,Paid
2043,2043,2038.0,44144684,2023-08-01,10237.11,2285.91,Partially Paid
2044,2044,2039.0,20816724,2023-10-15,741.45,373.32,Partially Paid
2045,2045,2040.0,84734972,2025-02-08,1204.7,619.19,Partially Paid
2046,2046,2041.0,51422190,2023-05-16,333.66,300.34,Paid
2047,2047,2042.0,60618268,2023-09-20,394.03,,Paid
2048,2048,2043.0,69599038,2024-07-18,1687.9,,Denied
2049,2049,2044.0,70604284,2024-03-10,684.76,621.42,Paid
2050,2050,2045.0,35277331,2025-05-15,93.09,88.24,Paid
2051,2051,2046.0,95044104,2023-05-06,,347.37,Paid
2052,2052,,95044104,2023-09-24,,139.79,Paid
2053,2053,2048.0,12334949,2023-01-16,12764.29,11852.23,Paid
2054,2054,,69599038,2025-04-10,7661.39,7483.96,Paid
2055,2055,2050.0,69893948,2023-05-13,3092.93,,Paid
2056,2056,,25875482,2024-05-19,238.46,,Partially Paid
2057,2057,2052.0,74476075,2023-05-02,6199.42,2851.29,Partially Paid
2058,2058,2053.0,3898775,2024-04-15,,959.69,Paid
2059,2059,2054.0,662337,2023-01-27,4231.45,2408.27,Partially Paid
2060,2060,2055.0,70604284,2024-12-02,578.23,531.71,Paid
2061,2061,2056.0,41734324,2025-08-04,109.77,109.43,Paid
2062,2062,2057.0,60618268,2025-10-04,164.11,36.51,Partially Paid
2063,2063,,76629196,2024-01-08,311.7,178.75,Partially Paid
2064,2064,2059.0,37909130,2025-10-13,60.39,54.38,Paid
2065,2065,2060.0,662337,2025-04-04,1421.36,1076.14,Partially Paid
2066,2066,2061.0,63154872,2023-11-01,,,Paid
2067,2067,2062.0,5243984,2023-04-28,39293.8,37036.62,Paid
2068,2068,2063.0,8409724,2023-05-19,646.33,619.73,Paid
2069,2069,,84940684,2024-06-21,25494.76,25345.56,Paid
2070,2070,2064.0,37909130,2023-01-07,160.27,155.59,Paid
2071,2071,2065.0,41734324,2025-10-24,15.31,14.77,Paid
2072,2072,2066.0,58820915,2025-10-06,,300.48,Paid
2073,2073,2067.0,76629196,2025-02-21,502.24,457.14,Paid
2074,2074,2068.0,60618268,2024-08-10,477.22,456.75,Paid
2075,2075,,37909130,2025-06-13,114.06,113.68,Paid
2076,2076,2070.0,76629196,2023-08-22,,718.24,Paid
2077,2077,2071.0,60618268,2023-02-23,122.88,116.25,Paid
2078,2078,2072.0,37909130,2023-02-26,270.79,,Paid
2079,2079,,662337,2025-11-16,4844.7,3129.81,Partially Paid
2080,2080,,84940684,2025-06-29,38688.17,36898.85,Paid
2081,2081,2075.0,69893948,2025-03-28,7174.48,6556.21,Paid
2082,2082,,74476075,2025-11-16,5952.08,5941.88,Paid
2083,2083,2077.0,35867643,2023-05-07,6532.59,5909.92,Paid
2084,2084,2078.0,60618268,2024-01-22,202.52,194.33,Paid
2085,2085,2079.0,66200381,2025-11-12,7149.72,6856.89,Paid
2086,2086,2080.0,662337,2023-11-05,3814.2,3653.47,Paid
2087,2087,2081.0,69893948,2024-12-27,1988.83,1969.88,Paid
2088,2088,2082.0,37909130,2025-05-24,,35.95,Partially Paid
2089,2089,2083.0,52736082,2024-04-04,,273.19,Paid
2090,2090,2084.0,41734324,2024-01-08,51.0,48.98,Paid
2091,2091,2085.0,63154872,2025-02-09,3193.1,2958.35,Paid
2092,2092,,35643704,2023-11-07,,48.84,Paid
2093,2093,2087.0,5243984,2024-05-12,33893.19,32342.98,Paid
2094,2094,2088.0,37909130,2024-06-28,237.12,225.31,Paid
2095,2095,2089.0,25875482,2025-03-20,409.64,0.0,Denied
2096,2096,2090.0,33391524,2023-05-10,895.62,895.5,Paid
2097,2097,2091.0,83560890,2025-01-02,4034.85,0.0,Denied
2098,2098,2092.0,62378778,2023-08-10,224.49,211.19,Paid
2099,2099,2093.0,66200381,2024-06-05,2705.5,2543.33,Paid
2100,2100,2094.0,47758957,2024-09-10,257.88,247.98,Paid
2101,2101,2095.0,37909130,2024-08-15,145.76,57.06,Partially Paid
2102,2102,2096.0,22394905,2025-11-22,,1133.96,Paid
2103,2103,2097.0,69893948,2025-03-31,3801.46,3458.15,Paid
2104,2104,2098.0,20816724,2024-04-08,679.8,674.3,Paid
2105,2105,2099.0,60618268,2024-05-24,,344.67,Paid
2106,2106,2100.0,41734324,2024-10-01,106.42,35.03,Partially Paid
2107,2107,2101.0,37909130,2023-08-15,93.44,89.69,Paid
2108,2108,2102.0,41734324,2025-01-09,44.5,32.15,Partially Paid
2109,2109,2103.0,3898775,2025-05-15,5525.58,5433.04,Paid
2110,2110,2104.0,76629196,2024-02-29,365.94,365.06,Paid
2111,2111,2105.0,78623435,2025-02-01,259.82,234.04,Paid
2112,2112,2106.0,51422190,2023-10-06,154.55,0.0,Denied
2113,2113,2107.0,69893948,2025-02-07,,,Paid
2114,2114,2108.0,84734972,2025-06-11,2244.62,2197.6,Paid
2115,2115,,58820915,2025-06-26,183.16,91.55,Partially Paid
2116,2116,2110.0,74476075,2025-11-03,6481.06,5917.76,Paid
2117,2117,,51422190,2023-09-25,349.0,328.71,Paid
2118,2118,,60618268,2024-12-11,129.87,125.91,Paid
2119,2119,2113.0,60618268,2023-11-08,161.17,0.0,Denied
2120,2120,2114.0,58820915,2024-09-28,212.59,204.37,Paid
2121,2121,2115.0,84940684,2023-07-24,8230.51,5730.5,Partially Paid
2122,2122,2116.0,2888077,2023-05-03,247.73,117.87,Partially Paid
2123,2123,2117.0,69599038,2025-09-12,5745.54,0.0,Denied
2124,2124,2118.0,5243984,2025-01-03,20543.09,2250.17,Partially Paid
2125,2125,2119.0,3898775,2024-06-22,,6457.43,Paid
2126,2126,2120.0,22394905,2024-02-22,4324.34,4220.44,Paid
2127,2127,2121.0,33391524,2025-03-01,6957.91,6583.02,Paid
2128,2128,2122.0,30048293,2024-06-26,38179.58,34850.0,Paid
2129,2129,2123.0,69893948,2024-07-03,567.76,535.35,Paid
2130,2130,2124.0,33391524,2024-11-24,,4130.52,Partially Paid
2131,2131,2125.0,83560890,2025-07-05,1855.7,1812.16,Paid
2132,2132,2126.0,3898775,2025-07-12,3619.43,3534.07,Paid
2133,2133,2127.0,51422190,2025-09-29,109.4,,Paid
2134,2134,2128.0,84940684,2024-12-25,29997.59,,Paid
2135,2135,2129.0,25875482,2023-03-27,241.2,221.77,Paid
2136,2136,,95044104,2024-10-27,,538.99,Paid
2137,2137,2131.0,21477593,2023-01-25,37.17,21.93,Partially Paid
2138,2138,2132.0,51422190,2025-06-21,215.96,213.91,Paid
2139,2139,2133.0,74476075,2024-06-04,7350.96,0.0,Denied
2140,2140,2134.0,3898775,2024-03-06,6591.7,3835.74,Partially Paid
2141,2141,2135.0,70604284,2023-08-08,61.68,60.17,Paid
2142,2142,2136.0,58820915,2025-07-23,480.97,445.16,Paid
2143,2143,2137.0,63154872,2025-11-19,6256.01,,Partially Paid
2144,2144,,12334949,2023-09-30,34312.87,33762.99,Paid
2145,2145,2138.0,22394905,2025-02-19,5741.69,5243.43,Paid
2146,2146,2139.0,95376350,2025-07-09,1469.33,1405.86,Paid
2147,2147,2140.0,83560890,2025-10-20,374.48,78.63,Partially Paid
2148,2148,2141.0,60618268,2023-04-12,361.61,333.12,Paid
2149,2149,2142.0,66200381,2024-01-15,1994.15,222.14,Partially Paid
2150,2150,2143.0,25875482,2023-03-03,430.94,416.78,Paid
2151,2151,2144.0,2888077,2023-06-21,6579.07,6173.61,Paid
2152,2152,2145.0,21477593,2024-08-15,465.71,449.0,Paid
2153,2153,2146.0,66200381,2024-07-19,,3434.78,Paid
2154,2154,2147.0,58738053,2024-10-09,34122.01,,Partially Paid
2155,2155,2148.0,662337,2025-04-07,7344.79,7210.65,Paid
2156,2156,2149.0,60618268,2025-02-15,230.02,207.47,Paid
2157,2157,2150.0,6138419,2025-05-14,2295.65,,Paid
2158,2158,,25875482,2023-07-04,578.06,439.22,Partially Paid
2159,2159,2152.0,58820915,2023-07-25,211.44,156.76,Partially Paid
2160,2160,2153.0,70604284,2023-01-31,325.46,299.25,Paid
2161,2161,2154.0,44144684,2025-02-12,23700.35,22804.07,Paid
2162,2162,2155.0,37909130,2024-04-24,238.98,227.51,Paid
2163,2163,2156.0,12334949,2023-05-29,17742.95,17017.91,Paid
2164,2164,2157.0,74476075,2025-07-19,,6903.37,Paid
2165,2165,,35277331,2025-01-04,209.09,0.0,Denied
2166,2166,2159.0,58738053,2023-01-12,,0.0,Denied
2167,2167,2160.0,58820915,2025-01-09,181.09,180.32,Paid
2168,2168,2161.0,95044104,2023-10-10,416.21,382.28,Paid
2169,2169,2162.0,20816724,2023-10-24,260.25,249.64,Paid
2170,2170,2163.0,662337,2025-09-04,2807.29,2652.69,Paid
2171,2171,2164.0,35643704,2023-08-04,415.19,385.86,Paid
2172,2172,2165.0,30048293,2025-11-01,9424.67,1876.22,Partially Paid
2173,2173,2166.0,91900027,2023-02-06,753.57,725.85,Paid
2174,2174,2167.0,262606,2024-07-17,7614.99,7014.37,Paid
2175,2175,2168.0,66200381,2025-10-27,1471.05,1372.21,Paid
2176,2176,,44144684,2025-11-24,11396.89,11074.45,Paid
2177,2177,2170.0,5243984,2025-03-08,,37694.9,Paid
2178,2178,2171.0,3898775,2023-05-01,913.44,,Paid
2179,2179,2172.0,41734324,2023-06-26,54.1,52.73,Paid
2180,2180,2173.0,69599038,2023-04-20,6602.36,5971.08,Paid
2181,2181,2174.0,35277331,2023-01-31,51.61,51.13,Paid
2182,2182,,662337,2024-11-01,5653.19,5452.99,Paid
2183,2183,2176.0,60618268,2025-04-24,185.41,172.04,Paid
2184,2184,2177.0,8409724,2025-11-20,744.27,0.0,Denied
2185,2185,2178.0,3898775,2024-03-12,7233.23,6561.06,Paid
2186,2186,,25875482,2025-04-05,216.33,204.83,Paid
2187,2187,2180.0,35867643,2025-06-15,2197.06,2158.36,Paid
2188,2188,2181.0,12334949,2023-05-04,19197.1,18324.92,Paid
2189,2189,,69893948,2024-03-24,7919.87,0.0,Denied
2190,2190,2183.0,32867785,2024-09-13,7747.85,7149.6,Paid
2191,2191,2184.0,76629196,2023-04-08,298.14,292.66,Paid
2192,2192,2185.0,44144684,2024-11-18,17335.37,16290.16,Paid
2193,2193,2186.0,20816724,2023-03-11,,444.95,Paid
2194,2194,,12334949,2023-02-26,,27999.98,Paid
2195,2195,2188.0,5243984,2025-11-05,37949.13,37897.06,Paid
2196,2196,2189.0,34679155,2025-03-07,68.89,,Paid
2197,2197,2190.0,74476075,2024-10-07,6577.07,0.0,Denied
2198,2198,2191.0,37909130,2023-10-04,113.78,73.89,Partially Paid
2199,2199,2192.0,35643704,2025-05-05,,348.07,Paid
2200,2200,2193.0,86937698,2024-12-11,7739.58,7496.86,Paid
2201,2201,,60618268,2023-03-07,230.27,226.46,Paid
2202,2202,,41734324,2025-08-07,93.29,87.26,Paid
2203,2203,2196.0,44144684,2023-04-09,5340.3,5317.55,Paid
2204,2204,2197.0,78623435,2024-02-21,291.51,262.45,Paid
2205,2205,2198.0,35277331,2025-05-27,65.96,65.78,Paid
2206,2206,2199.0,95044104,2023-07-12,,0.0,Denied
2207,2207,2200.0,95044104,2025-01-05,309.58,306.77,Paid
2208,2208,2201.0,58820915,2023-03-10,48.48,0.0,Denied
2209,2209,2202.0,83560890,2023-05-01,627.39,592.21,Paid
2210,2210,2203.0,74476075,2025-09-07,,3748.16,Paid
2211,2211,2204.0,22394905,2024-09-20,4732.21,0.0,Denied
2212,2212,2205.0,86937698,2025-10-02,3776.11,3718.15,Paid
2213,2213,2206.0,8409724,2023-01-23,104.66,98.17,Paid
2214,2214,2207.0,37909130,2023-08-05,210.78,,Paid
2215,2215,,5243984,2024-03-24,32624.69,32154.93,Paid
2216,2216,2209.0,83560890,2023-03-23,3930.28,2701.09,Partially Paid
2217,2217,2210.0,20816724,2025-04-27,432.83,396.1,Paid
2218,2218,,47758957,2023-10-06,315.81,312.54,Paid
2219,2219,2212.0,37909130,2024-11-15,313.98,0.0,Denied
2220,2220,,51422190,2023-06-29,109.85,107.34,Paid
2221,2221,2214.0,74476075,2025-05-08,5434.08,3576.37,Partially Paid
2222,2222,2215.0,35277331,2023-06-09,139.54,0.0,Denied
2223,2223,2216.0,21477593,2023-08-23,63.6,58.27,Paid
2224,2224,2217.0,37909130,2023-07-22,276.46,267.07,Paid
2225,2225,2218.0,52736082,2025-09-28,592.09,566.37,Paid
2226,2226,2219.0,3898775,2024-03-09,4377.14,,Paid
2227,2227,2220.0,12334949,2023-12-09,29639.22,28323.28,Paid
2228,2228,2221.0,58738053,2024-04-29,21756.26,21102.19,Paid
2229,2229,2222.0,95376350,2023-11-13,4166.46,,Paid
2230,2230,2223.0,60618268,2023-07-16,497.81,483.99,Paid
2231,2231,2224.0,60618268,2024-03-13,315.22,303.41,Paid
2232,2232,2225.0,83560890,2024-05-31,714.35,713.45,Paid
2233,2233,2226.0,83560890,2023-08-13,,0.0,Denied
2234,2234,2227.0,35643704,2023-09-17,373.15,,Paid
2235,2235,,52736082,2024-03-24,689.28,650.6,Paid
2236,2236,2229.0,58820915,2024-05-14,199.01,196.99,Paid
2237,2237,,86820499,2025-04-13,2177.03,2107.84,Paid
2238,2238,2231.0,21477593,2025-06-20,,237.0,Paid
2239,2239,2232.0,69599038,2023-02-16,5283.74,,Denied
2240,2240,2233.0,78623435,2025-08-19,154.49,,Partially Paid
2241,2241,2234.0,69893948,2023-09-02,7564.08,6995.22,Paid
2242,2242,2235.0,2888077,2023-11-05,,1120.13,Partially Paid
2243,2243,2236.0,74476075,2025-01-21,3365.73,2619.17,Partially Paid
2244,2244,2237.0,95044104,2023-03-25,337.37,,Paid
2245,2245,2238.0,37909130,2025-01-10,71.16,69.59,Paid
2246,2246,2239.0,12334949,2025-03-12,39289.38,37736.11,Paid
2247,2247,2240.0,662337,2023-01-18,,2344.94,Paid
2248,2248,2241.0,20816724,2025-06-07,711.55,,Paid
2249,2249,2242.0,21477593,2024-12-04,471.6,439.56,Paid
2250,2250,2243.0,51422190,2023-03-22,,236.51,Paid
2251,2251,2244.0,78623435,2024-05-06,303.52,,Partially Paid
2252,2252,2245.0,41734324,2024-05-05,,133.73,Paid
2253,2253,2246.0,91900027,2025-01-18,550.03,508.0,Paid
2254,2254,,74476075,2024-05-08,804.88,753.84,Paid
2255,2255,2248.0,86937698,2025-01-27,,6513.02,Paid
2256,2256,2249.0,25875482,2024-07-03,,0.0,Denied
2257,2257,2250.0,74476075,2025-06-13,3091.61,3047.48,Paid
2258,2258,2251.0,84940684,2025-02-21,38679.63,35618.61,Paid
2259,2259,,60618268,2025-01-27,30.62,27.58,Paid
2260,2260,2253.0,33391524,2025-11-06,882.8,861.65,Paid
2261,2261,2254.0,74476075,2025-02-19,,749.14,Partially Paid
2262,2262,,78623435,2023-10-07,133.86,128.35,Paid
2263,2263,2256.0,69893948,2023-04-18,,0.0,Denied
2264,2264,2257.0,69599038,2023-08-27,2547.78,2371.71,Paid
2265,2265,2258.0,662337,2024-04-07,1013.15,742.2,Partially Paid
2266,2266,2259.0,47758957,2025-10-12,471.27,350.54,Partially Paid
2267,2267,2260.0,78623435,2025-07-03,82.33,0.0,Denied
2268,2268,2261.0,58820915,2023-12-27,227.81,,Partially Paid
2269,2269,2262.0,70604284,2023-04-10,134.32,,Paid
2270,2270,,262606,2023-10-30,,,Paid
2271,2271,2264.0,58820915,2024-02-04,244.65,242.47,Paid
2272,2272,2265.0,58738053,2023-11-09,33478.5,0.0,Denied
2273,2273,2266.0,95376350,2023-04-04,,212.18,Partially Paid
2274,2274,2267.0,83560890,2024-10-16,,682.29,Partially Paid
2275,2275,2268.0,91900027,2023-09-10,626.93,589.19,Paid
2276,2276,,69893948,2024-02-11,1148.66,1073.52,Paid
2277,2277,,6138419,2024-01-17,4689.79,4448.1,Paid
2278,2278,2271.0,37909130,2024-12-22,339.54,196.26,Partially Paid
2279,2279,2272.0,51422190,2024-04-09,294.76,280.68,Paid
2280,2280,2273.0,86820499,2024-03-30,6298.5,5811.4,Paid
2281,2281,2274.0,12334949,2025-08-19,18898.36,9181.94,Partially Paid
2282,2282,2275.0,60618268,2025-10-16,398.2,378.52,Paid
2283,2283,2276.0,74476075,2023-07-22,310.44,291.7,Paid
2284,2284,2277.0,63154872,2024-03-31,7165.0,6849.9,Paid
2285,2285,2278.0,51422190,2025-06-09,373.07,355.69,Paid
2286,2286,2279.0,95044104,2025-06-25,615.31,,Paid
2287,2287,2280.0,12334949,2023-11-27,37187.49,35829.18,Paid
2288,2288,2281.0,58820915,2023-11-12,364.33,352.87,Paid
2289,2289,2282.0,62378778,2023-04-28,332.77,177.22,Partially Paid
2290,2290,2283.0,84734972,2024-05-11,6698.31,6512.14,Paid
2291,2291,2284.0,47758957,2023-04-24,150.35,,Paid
2292,2292,2285.0,83560890,2024-04-14,5169.28,,Denied
2293,2293,,60618268,2023-05-27,125.48,117.97,Paid
2294,2294,,37909130,2024-04-14,249.82,241.25,Paid
2295,2295,2288.0,74476075,2023-04-03,3019.95,,Paid
2296,2296,2289.0,20816724,2023-06-27,371.09,,Paid
2297,2297,,35277331,2023-07-07,251.68,251.3,Paid
2298,2298,2291.0,35867643,2023-05-04,3921.85,3583.43,Paid
2299,2299,,51422190,2023-05-26,267.96,243.74,Paid
2300,2300,2293.0,35277331,2024-05-13,,311.49,Paid
2301,2301,,35867643,2025-04-11,483.42,,Denied
2302,2302,2295.0,60618268,2025-09-17,131.04,,Partially Paid
2303,2303,2296.0,52736082,2025-07-31,769.36,,Paid
2304,2304,2297.0,3898775,2024-03-01,7537.5,7462.21,Paid
2305,2305,2298.0,30048293,2024-11-04,,15036.24,Paid
2306,2306,2299.0,41734324,2023-11-21,26.95,26.52,Paid
2307,2307,2300.0,70604284,2025-07-23,649.66,585.14,Paid
2308,2308,,66200381,2025-08-08,3286.02,3176.06,Paid
2309,2309,2302.0,70604284,2025-07-10,742.52,120.52,Partially Paid
2310,2310,2303.0,52736082,2024-06-10,693.43,652.29,Paid
2311,2311,2304.0,69893948,2023-03-19,4793.13,4444.38,Paid
2312,2312,2305.0,60618268,2023-06-11,72.76,70.21,Paid
2313,2313,2306.0,6138419,2024-02-26,586.45,555.13,Paid
2314,2314,,262606,2023-11-26,3808.85,3590.44,Paid
2315,2315,2308.0,25875482,2024-08-16,737.12,704.66,Paid
2316,2316,2309.0,41734324,2025-04-27,,101.76,Paid
2317,2317,,41734324,2024-03-29,53.03,48.11,Paid
2318,2318,,44144684,2024-05-15,31354.35,30431.55,Paid
2319,2319,2312.0,32867785,2024-07-06,7041.17,6707.29,Paid
2320,2320,2313.0,662337,2025-10-22,3477.0,3295.16,Paid
2321,2321,2314.0,3898775,2024-07-06,978.12,974.93,Paid
2322,2322,2315.0,74476075,2025-09-07,6141.13,5712.09,Paid
2323,2323,2316.0,35867643,2025-01-28,2826.09,543.57,Partially Paid
2324,2324,2317.0,3898775,2024-07-23,4620.14,1695.83,Partially Paid
2325,2325,2318.0,21477593,2023-04-22,415.02,404.12,Paid
2326,2326,,35277331,2025-08-03,166.66,155.93,Paid
2327,2327,2320.0,41734324,2023-01-05,87.75,,Paid
2328,2328,2321.0,662337,2024-09-03,1675.39,1574.29,Paid
2329,2329,2322.0,25875482,2025-01-29,86.04,85.1,Paid
2330,2330,2323.0,78623435,2023-03-10,350.29,331.29,Paid
2331,2331,2324.0,6138419,2023-02-08,2549.81,2476.94,Paid
2332,2332,2325.0,58820915,2023-02-27,35.68,28.26,Partially Paid
2333,2333,2326.0,12334949,2024-07-28,18350.02,16606.99,Paid
2334,2334,2327.0,47758957,2024-08-08,50.92,50.89,Paid
2335,2335,2328.0,58820915,2024-04-12,,98.98,Partially Paid
2336,2336,,37909130,2024-07-28,197.74,186.83,Paid
2337,2337,2330.0,35867643,2024-02-12,,1618.43,Paid
2338,2338,2331.0,37909130,2025-04-01,250.77,230.82,Paid
2339,2339,2332.0,22394905,2025-04-16,3853.88,3735.28,Paid
2340,2340,2333.0,60618268,2025-06-15,430.83,,Paid
2341,2341,2334.0,44144684,2023-12-22,14729.79,13339.37,Paid
2342,2342,2335.0,95376350,2024-06-13,6565.3,5927.84,Paid
2343,2343,2336.0,60618268,2023-04-06,80.99,73.44,Paid
2344,2344,2337.0,37909130,2023-09-29,152.44,21.49,Partially Paid
2345,2345,2338.0,35643704,2025-08-05,370.23,,Denied
2346,2346,2339.0,30048293,2024-06-17,19487.2,19160.6,Paid
2347,2347,2340.0,37909130,2024-04-10,237.89,49.45,Partially Paid
2348,2348,2341.0,69893948,2024-01-04,,1385.41,Paid
2349,2349,2342.0,86937698,2024-06-05,7335.89,6710.46,Paid
2350,2350,,66200381,2023-06-06,6396.55,5810.97,Paid
2351,2351,2344.0,3898775,2023-03-27,2038.51,1974.98,Paid
2352,2352,2345.0,30048293,2023-06-01,20904.51,20537.38,Paid
2353,2353,2346.0,35277331,2023-11-06,,166.78,Paid
2354,2354,2347.0,60618268,2023-08-13,257.12,235.06,Paid
2355,2355,,86937698,2024-03-27,4548.94,4103.81,Paid
2356,2356,,12334949,2025-02-10,28769.45,26642.45,Paid
2357,2357,2350.0,37909130,2023-01-04,292.32,70.64,Partially Paid
2358,2358,2351.0,58820915,2024-09-16,261.06,248.23,Paid
2359,2359,2352.0,44144684,2023-01-22,35106.35,32921.06,Paid
2360,2360,2353.0,76629196,2024-01-24,641.02,593.42,Paid
2361,2361,2354.0,25875482,2023-11-24,760.72,708.73,Paid
2362,2362,2355.0,51422190,2025-08-29,161.62,160.2,Paid
2363,2363,,51422190,2024-12-16,239.96,230.47,Paid
2364,2364,2357.0,22394905,2023-11-06,4821.73,4495.1,Paid
2365,2365,,51422190,2024-10-08,315.11,296.27,Paid
2366,2366,2359.0,60618268,2025-04-16,102.73,95.5,Paid
2367,2367,,66200381,2024-06-14,5063.32,4895.63,Paid
2368,2368,2361.0,58820915,2024-04-01,334.26,,Paid
2369,2369,2362.0,34679155,2023-11-18,72.48,66.51,Paid
2370,2370,2363.0,21477593,2025-02-01,379.61,,Paid
2371,2371,,662337,2025-05-04,4379.13,0.0,Denied
2372,2372,2365.0,41734324,2023-08-13,84.32,80.42,Paid
2373,2373,2366.0,35867643,2023-01-02,532.13,509.25,Paid
2374,2374,2367.0,74476075,2024-10-04,4262.09,4244.94,Paid
2375,2375,2368.0,58820915,2023-09-01,305.98,,Paid
2376,2376,2369.0,78623435,2023-10-24,112.67,,Paid
2377,2377,2370.0,37909130,2024-03-20,,319.76,Paid
2378,2378,2371.0,37909130,2023-11-11,338.88,325.64,Paid
2379,2379,2372.0,51422190,2025-11-18,294.41,281.15,Paid
2380,2380,2373.0,86820499,2023-02-12,5952.5,,Paid
2381,2381,2374.0,37909130,2024-11-20,117.69,116.19,Paid
2382,2382,2375.0,6138419,2024-07-07,2105.32,1944.25,Paid
2383,2383,2376.0,86820499,2025-05-05,6771.12,6540.89,Paid
2384,2384,2377.0,66200381,2023-12-02,6616.55,,Paid
2385,2385,2378.0,22394905,2025-10-24,4953.43,4849.21,Paid
2386,2386,2379.0,37909130,2025-11-01,167.68,161.49,Paid
2387,2387,2380.0,74476075,2025-06-07,4506.77,0.0,Denied
2388,2388,2381.0,37909130,2025-11-01,326.89,301.58,Paid
2389,2389,,6138419,2024-04-03,2924.76,2847.89,Paid
2390,2390,2383.0,5243984,2025-04-11,,,Paid
2391,2391,2384.0,95376350,2023-12-09,248.94,118.68,Partially Paid
2392,2392,2385.0,20816724,2023-06-03,515.88,487.23,Paid
2393,2393,,41734324,2024-12-22,145.79,143.65,Paid
2394,2394,2387.0,78623435,2023-12-31,307.05,298.34,Paid
2395,2395,2388.0,37909130,2025-02-26,317.3,296.8,Paid
2396,2396,2389.0,74476075,2025-11-04,4826.78,1031.75,Partially Paid
2397,2397,2390.0,60618268,2023-01-19,,382.33,Paid
2398,2398,2391.0,47758957,2025-04-23,223.06,,Denied
2399,2399,2392.0,12334949,2025-03-22,21955.09,20974.24,Paid
2400,2400,2393.0,25875482,2024-12-21,564.19,168.67,Partially Paid
2401,2401,2394.0,41734324,2025-10-29,128.58,121.66,Paid
2402,2402,2395.0,33391524,2024-02-27,,3246.21,Paid
2403,2403,2396.0,51422190,2023-02-27,,139.86,Paid
2404,2404,2397.0,262606,2023-01-21,2748.0,2702.85,Paid
2405,2405,2398.0,37909130,2023-03-22,188.85,181.33,Paid
2406,2406,2399.0,37909130,2024-06-01,175.5,161.84,Paid
2407,2407,2400.0,60618268,2025-09-15,166.46,80.86,Partially Paid
2408,2408,2401.0,34679155,2024-12-12,195.6,21.55,Partially Paid
2409,2409,2402.0,91900027,2023-01-02,209.64,203.77,Paid
2410,2410,2403.0,34679155,2024-12-29,,274.89,Paid
2411,2411,,60618268,2024-01-28,416.22,0.0,Denied
2412,2412,2405.0,51422190,2025-09-09,369.89,,Partially Paid
2413,2413,2406.0,95044104,2023-03-05,134.75,127.04,Paid
2414,2414,2407.0,95376350,2024-09-12,7607.61,7304.41,Paid
2415,2415,2408.0,22394905,2025-05-14,4557.28,3066.82,Partially Paid
2416,2416,2409.0,95044104,2023-10-18,640.55,597.22,Paid
2417,2417,2410.0,35277331,2023-10-08,160.4,147.22,Paid
2418,2418,2411.0,62378778,2024-03-17,,696.09,Paid
2419,2419,,262606,2024-09-13,4421.23,4123.1,Paid
2420,2420,2413.0,22394905,2024-04-19,,4144.97,Paid
2421,2421,2414.0,20816724,2024-03-22,,124.48,Paid
2422,2422,2415.0,60618268,2024-01-14,,0.0,Denied
2423,2423,2416.0,86820499,2023-10-21,5139.8,4706.54,Paid
2424,2424,,44144684,2024-12-10,,22789.45,Paid
2425,2425,,33391524,2023-12-15,5513.89,,Paid
2426,2426,2419.0,2888077,2024-11-02,4016.18,3794.74,Paid
2427,2427,2420.0,37909130,2025-01-13,,,Paid
2428,2428,,86937698,2024-03-15,2981.65,2814.19,Paid
2429,2429,2421.0,76629196,2023-08-18,,123.76,Partially Paid
2430,2430,2422.0,60618268,2024-02-13,,75.59,Partially Paid
2431,2431,,41734324,2023-03-04,41.11,37.89,Paid
2432,2432,2424.0,6138419,2024-05-05,6638.89,,Paid
2433,2433,2425.0,47758957,2025-11-02,,274.38,Paid
2434,2434,2426.0,5243984,2025-08-31,11870.47,11342.06,Paid
2435,2435,2427.0,52736082,2023-09-08,383.88,358.03,Paid
2436,2436,2428.0,76629196,2025-09-15,659.13,88.98,Partially Paid
2437,2437,2429.0,66200381,2024-08-22,2377.89,,Paid
2438,2438,2430.0,69893948,2025-03-25,4793.03,4462.5,Paid
2439,2439,2431.0,21477593,2024-06-10,446.56,,Paid
2440,2440,2432.0,12334949,2023-03-01,29132.28,27769.66,Paid
2441,2441,2433.0,35277331,2024-04-24,341.43,318.91,Paid
2442,2442,2434.0,47758957,2024-08-17,454.21,422.18,Paid
2443,2443,2435.0,74476075,2024-09-01,5030.17,0.0,Denied
2444,2444,2436.0,33391524,2025-01-29,,2186.78,Partially Paid
2445,2445,2437.0,35277331,2023-08-16,344.91,,Paid
2446,2446,,8409724,2023-06-01,,634.44,Paid
2447,2447,2439.0,86937698,2024-09-04,,,Paid
2448,2448,2440.0,83560890,2025-05-21,3078.77,,Partially Paid
2449,2449,2441.0,58820915,2024-03-21,326.33,310.1,Paid
2450,2450,2442.0,74476075,2024-05-18,,,Denied
2451,2451,,262606,2023-01-24,7122.56,6976.5,Paid
2452,2452,2444.0,37909130,2023-04-07,179.64,177.15,Paid
2453,2453,2445.0,95044104,2023-07-03,521.0,,Paid
2454,2454,2446.0,25875482,2024-10-14,196.37,177.13,Paid
2455,2455,2447.0,69599038,2023-06-13,281.39,0.0,Denied
2456,2456,2448.0,34679155,2023-10-03,276.21,251.94,Paid
2457,2457,2449.0,34679155,2024-11-02,339.22,237.08,Partially Paid
2458,2458,2450.0,35277331,2024-09-05,124.26,116.81,Paid
2459,2459,2451.0,58820915,2025-10-13,118.71,108.5,Paid
2460,2460,2452.0,44144684,2025-04-01,,23005.4,Paid
2461,2461,2453.0,69893948,2024-10-20,7808.34,0.0,Denied
2462,2462,2454.0,84940684,2025-07-11,28298.07,26414.3,Paid
2463,2463,2455.0,8409724,2024-01-16,317.8,57.52,Partially Paid
2464,2464,2456.0,3898775,2023-03-29,5348.19,3945.41,Partially Paid
2465,2465,,60618268,2025-05-13,498.45,469.03,Paid
2466,2466,,12334949,2023-06-18,18219.88,16523.04,Paid
2467,2467,2459.0,69893948,2025-08-03,,7596.21,Paid
2468,2468,2460.0,32867785,2025-04-18,6660.24,,Paid
2469,2469,2461.0,35277331,2023-01-03,97.38,,Denied
2470,2470,2462.0,69599038,2025-05-14,1247.7,886.68,Partially Paid
2471,2471,2463.0,84940684,2023-08-26,23510.4,22551.12,Paid
2472,2472,,3898775,2023-04-02,3463.43,3357.86,Paid
2473,2473,2465.0,69893948,2024-07-23,7520.18,7343.65,Paid
2474,2474,2466.0,69893948,2024-11-04,4393.57,856.96,Partially Paid
2475,2475,2467.0,86937698,2023-02-13,5206.07,4973.25,Paid
2476,2476,,66200381,2023-03-13,1784.14,0.0,Denied
2477,2477,2469.0,25875482,2025-06-26,538.92,512.62,Paid
2478,2478,2470.0,6138419,2025-07-09,308.61,284.93,Paid
2479,2479,,95376350,2024-12-15,1705.41,,Partially Paid
2480,2480,2472.0,34679155,2024-12-15,142.58,128.89,Paid
2481,2481,2473.0,60618268,2023-06-24,313.38,,Paid
2482,2482,,60618268,2023-05-16,29.45,27.96,Paid
2483,2483,2474.0,60618268,2025-01-30,498.96,476.55,Paid
2484,2484,2475.0,51422190,2024-09-25,84.58,77.34,Paid
2485,2485,2476.0,69893948,2025-08-30,1377.98,1275.43,Paid
2486,2486,2477.0,35867643,2025-10-12,6767.46,1555.61,Partially Paid
2487,2487,2478.0,51422190,2023-12-20,196.73,193.35,Paid
2488,2488,2479.0,25875482,2025-06-02,124.41,112.59,Paid
2489,2489,2480.0,12334949,2023-04-25,37698.75,34061.38,Paid
2490,2490,2481.0,51422190,2023-10-05,,70.13,Paid
2491,2491,2482.0,3898775,2024-10-03,434.2,401.35,Paid
2492,2492,2483.0,35643704,2023-02-23,403.29,,Paid
2493,2493,2484.0,22394905,2023-12-18,1449.93,1383.31,Paid
2494,2494,2485.0,84940684,2023-06-04,,25653.66,Paid
2495,2495,2486.0,25875482,2025-04-14,644.26,0.0,Denied
2496,2496,2487.0,262606,2025-08-28,,6241.83,Paid
2497,2497,2488.0,2888077,2024-09-09,2486.46,1819.28,Partially Paid
2498,2498,2489.0,37909130,2023-02-01,100.42,,Paid
2499,2499,2490.0,25875482,2024-07-10,278.82,183.6,Partially Paid
2500,2500,2491.0,41734324,2024-03-02,104.42,100.51,Paid
2501,2501,2492.0,51422190,2025-04-17,77.62,76.21,Paid
2502,2502,2493.0,41734324,2024-12-07,125.8,120.01,Paid
2503,2503,2494.0,12334949,2023-08-15,16188.42,0.0,Denied
2504,2504,,60618268,2024-08-07,371.6,267.34,Partially Paid
2505,2505,2496.0,74476075,2025-05-12,1189.83,1189.73,Paid
2506,2506,2497.0,37909130,2024-06-14,58.27,55.0,Paid
2507,2507,2498.0,69599038,2025-10-01,2474.29,473.68,Partially Paid
2508,2508,2499.0,41734324,2024-02-17,65.03,0.0,Denied
2509,2509,2500.0,83560890,2024-07-24,3333.93,3090.69,Paid
2510,2510,2501.0,69599038,2025-04-20,2684.78,2456.05,Paid
2511,2511,2502.0,12334949,2025-10-03,29021.17,28632.92,Paid
2512,2512,2503.0,69893948,2024-03-22,215.43,205.7,Paid
2513,2513,,34679155,2025-07-17,133.75,120.44,Paid
2514,2514,2505.0,76629196,2023-07-04,140.99,138.15,Paid
2515,2515,2506.0,60618268,2025-02-26,,267.7,Paid
2516,2516,,35277331,2025-07-30,309.0,290.1,Paid
2517,2517,2508.0,12334949,2025-05-20,21801.01,20154.91,Paid
2518,2518,2509.0,95376350,2025-11-20,,2229.55,Paid
2519,2519,2510.0,47758957,2023-06-18,466.19,423.54,Paid
2520,2520,2511.0,20816724,2024-06-14,297.29,284.61,Paid
2521,2521,2512.0,86937698,2023-01-25,733.63,716.22,Paid
2522,2522,2513.0,95044104,2025-02-07,757.59,700.8,Paid
2523,2523,2514.0,8409724,2023-04-20,121.62,112.71,Paid
2524,2524,2515.0,5243984,2023-07-07,29105.14,26595.62,Paid
2525,2525,2516.0,662337,2023-01-03,1364.48,,Partially Paid
2526,2526,2517.0,44144684,2024-10-27,36669.21,35897.94,Paid
2527,2527,2518.0,70604284,2023-11-24,763.28,,Paid
2528,2528,2519.0,47758957,2023-07-13,496.4,453.68,Paid
2529,2529,2520.0,60618268,2023-05-23,321.6,,Partially Paid
2530,2530,2521.0,12334949,2023-08-23,35917.93,34487.01,Paid
2531,2531,2522.0,37909130,2023-04-21,79.84,76.03,Paid
2532,2532,2523.0,60618268,2024-02-15,,479.09,Paid
2533,2533,2524.0,35643704,2024-06-25,474.32,427.43,Paid
2534,2534,,35277331,2024-10-01,183.64,181.35,Paid
2535,2535,2526.0,37909130,2024-03-24,,,Paid
2536,2536,2527.0,86820499,2023-01-15,3054.42,2992.89,Paid
2537,2537,2528.0,22394905,2024-06-15,2032.05,1914.57,Paid
2538,2538,2529.0,30048293,2024-10-12,31490.18,28738.62,Paid
2539,2539,2530.0,12334949,2023-01-08,22828.58,13526.27,Partially Paid
2540,2540,2531.0,3898775,2023-11-09,,6241.26,Paid
2541,2541,,33391524,2025-06-24,4182.97,2731.79,Partially Paid
2542,2542,2533.0,84940684,2023-05-04,27368.92,,Paid
2543,2543,2534.0,58738053,2025-09-16,39769.76,0.0,Denied
2544,2544,2535.0,20816724,2024-09-21,90.24,89.15,Paid
2545,2545,2536.0,95044104,2023-06-27,,297.48,Paid
2546,2546,2537.0,70604284,2023-02-05,777.42,721.17,Paid
2547,2547,2538.0,86937698,2023-07-27,,5307.86,Paid
2548,2548,2539.0,83560890,2025-05-28,1554.31,1504.13,Paid
2549,2549,2540.0,35643704,2023-05-13,273.55,268.12,Paid
2550,2550,2541.0,60618268,2024-12-12,426.44,339.05,Partially Paid
2551,2551,,51422190,2024-09-28,118.63,107.74,Paid
2552,2552,,34679155,2023-04-15,158.83,151.33,Paid
2553,2553,2544.0,95376350,2023-07-25,5765.53,5480.27,Paid
2554,2554,2545.0,86820499,2024-02-17,,1001.75,Paid
2555,2555,2546.0,52736082,2023-01-28,,89.67,Partially Paid
2556,2556,2547.0,60618268,2023-07-22,303.05,292.51,Paid
2557,2557,,51422190,2023-11-15,316.2,0.0,Denied
2558,2558,2549.0,25875482,2024-08-06,684.05,671.84,Paid
2559,2559,2550.0,35643704,2023-06-07,,109.67,Paid
2560,2560,2551.0,62378778,2025-06-27,441.94,403.83,Paid
2561,2561,2552.0,35643704,2025-08-16,73.74,69.51,Paid
2562,2562,2553.0,22394905,2023-09-23,7171.31,,Paid
2563,2563,2554.0,84940684,2024-02-10,,2818.44,Partially Paid
2564,2564,,58820915,2024-01-08,403.17,390.02,Paid
2565,2565,2556.0,60618268,2023-03-06,27.07,26.17,Paid
2566,2566,2557.0,91900027,2025-03-20,773.01,,Paid
2567,2567,2558.0,60618268,2025-02-22,284.71,80.2,Partially Paid
2568,2568,2559.0,74476075,2023-05-16,3608.06,3335.98,Paid
2569,2569,2560.0,84734972,2023-07-03,2710.46,2666.75,Paid
2570,2570,,44144684,2025-09-10,37471.03,35087.79,Paid
2571,2571,2562.0,60618268,2023-08-19,317.6,160.24,Partially Paid
2572,2572,2563.0,60618268,2024-03-27,31.32,28.52,Paid
2573,2573,2564.0,32867785,2024-10-09,6893.58,6273.8,Paid
2574,2574,2565.0,662337,2025-03-05,5646.63,5530.42,Paid
2575,2575,2566.0,6138419,2024-04-21,2616.89,2356.02,Paid
2576,2576,2567.0,22394905,2025-10-18,3480.77,3186.81,Paid
2577,2577,2568.0,51422190,2024-05-20,243.13,237.41,Paid
2578,2578,2569.0,86820499,2025-10-06,,,Paid
2579,2579,2570.0,33391524,2024-11-30,3025.79,2981.64,Paid
2580,2580,2571.0,86820499,2023-11-26,1971.25,1804.39,Paid
2581,2581,2572.0,84940684,2024-07-27,19799.8,18099.68,Paid
2582,2582,2573.0,95044104,2024-02-21,,87.45,Paid
2583,2583,2574.0,86937698,2024-04-15,3953.0,3643.29,Paid
2584,2584,2575.0,44144684,2023-02-02,32171.08,9894.37,Partially Paid
2585,2585,2576.0,69893948,2025-07-29,5439.41,4983.59,Paid
2586,2586,2577.0,83560890,2025-04-04,5891.34,1355.92,Partially Paid
2587,2587,2578.0,60618268,2024-05-28,85.33,84.41,Paid
2588,2588,2579.0,41734324,2024-11-23,39.15,38.84,Paid
2589,2589,2580.0,8409724,2023-09-14,213.42,,Paid
2590,2590,2581.0,74476075,2024-06-23,4232.7,,Denied
2591,2591,2582.0,35643704,2024-11-16,394.48,365.28,Paid
2592,2592,,51422190,2023-10-24,,210.42,Paid
2593,2593,2584.0,84734972,2023-01-19,2651.31,2581.81,Paid
2594,2594,2585.0,51422190,2025-08-06,224.93,208.17,Paid
2595,2595,2586.0,86937698,2024-05-09,6683.15,6113.19,Paid
2596,2596,2587.0,52736082,2025-07-21,596.48,578.95,Paid
2597,2597,,74476075,2023-08-06,6140.3,4182.11,Partially Paid
2598,2598,2589.0,58820915,2023-08-07,223.01,207.28,Paid
2599,2599,2590.0,35867643,2025-04-07,4701.57,4407.63,Paid
2600,2600,2591.0,6138419,2024-02-29,4759.21,1099.5,Partially Paid
2601,2601,2592.0,12334949,2023-01-29,8347.94,0.0,Denied
2602,2602,2593.0,35643704,2023-06-08,49.06,48.41,Paid
2603,2603,2594.0,32867785,2024-03-18,,6439.13,Paid
2604,2604,2595.0,74476075,2023-01-23,7542.63,6937.93,Paid
2605,2605,2596.0,78623435,2024-07-26,181.86,165.73,Paid
2606,2606,2597.0,70604284,2025-06-06,784.17,,Partially Paid
2607,2607,2598.0,69893948,2024-10-27,2228.85,2083.93,Paid
2608,2608,2599.0,33391524,2024-04-05,1192.32,1191.28,Paid
2609,2609,2600.0,84734972,2023-08-30,6613.52,6383.51,Paid
2610,2610,2601.0,35277331,2023-05-02,93.9,88.45,Paid
2611,2611,2602.0,60618268,2023-12-07,285.42,284.77,Paid
2612,2612,2603.0,60618268,2025-02-04,31.23,29.69,Paid
2613,2613,2604.0,70604284,2025-01-14,615.15,,Partially Paid
2614,2614,2605.0,69599038,2023-12-18,4841.17,4730.62,Paid
2615,2615,,34679155,2023-03-08,147.82,146.55,Paid
2616,2616,2607.0,95376350,2024-05-21,1809.06,1658.51,Paid
2617,2617,2608.0,60618268,2024-11-09,185.15,0.0,Denied
2618,2618,2609.0,95376350,2024-08-03,2762.77,2734.44,Paid
2619,2619,2610.0,3898775,2024-08-06,5622.11,5168.77,Paid
2620,2620,2611.0,78623435,2025-03-18,371.7,339.45,Paid
2621,2621,,83560890,2024-04-17,910.2,593.51,Partially Paid
2622,2622,2612.0,86937698,2025-06-28,6284.59,5903.0,Paid
2623,2623,,74476075,2025-10-13,3331.61,3151.63,Paid
2624,2624,2614.0,44144684,2025-02-25,11378.83,10546.13,Paid
2625,2625,2615.0,52736082,2023-07-20,489.47,462.37,Paid
2626,2626,2616.0,37909130,2023-09-20,380.45,111.03,Partially Paid
2627,2627,,32867785,2024-05-30,,635.42,Partially Paid
2628,2628,2618.0,58738053,2024-04-13,5925.74,5426.99,Paid
2629,2629,2619.0,91900027,2024-01-27,174.66,163.37,Paid
2630,2630,2620.0,20816724,2023-07-12,253.18,231.4,Paid
2631,2631,2621.0,69599038,2025-11-25,6840.55,6560.96,Paid
2632,2632,,5243984,2025-02-05,29234.84,26695.19,Paid
2633,2633,2623.0,20816724,2024-10-20,575.31,524.08,Paid
2634,2634,2624.0,69893948,2025-09-16,4042.58,3894.64,Paid
2635,2635,2625.0,66200381,2025-05-30,2963.46,,Paid
2636,2636,2626.0,78623435,2024-08-16,386.01,381.51,Paid
2637,2637,2627.0,41734324,2024-01-29,126.14,125.8,Paid
2638,2638,2628.0,12334949,2023-10-04,19158.58,18659.8,Paid
2639,2639,2629.0,58820915,2023-12-11,193.96,136.47,Partially Paid
2640,2640,,44144684,2025-03-13,10907.06,10016.57,Paid
2641,2641,,34679155,2024-12-23,305.27,,Paid
2642,2642,2632.0,662337,2023-12-19,4509.27,4401.26,Paid
2643,2643,2633.0,52736082,2023-11-29,234.26,217.57,Paid
2644,2644,2634.0,69599038,2025-05-05,3276.47,1344.56,Partially Paid
2645,2645,2635.0,12334949,2023-04-18,38700.56,,Paid
2646,2646,2636.0,22394905,2023-02-08,5793.98,5243.5,Paid
2647,2647,,34679155,2023-12-30,97.06,,Paid
2648,2648,,58738053,2023-04-06,19695.52,18767.62,Paid
2649,2649,2639.0,60618268,2024-07-29,212.11,132.33,Partially Paid
2650,2650,2640.0,60618268,2025-03-11,155.06,150.61,Paid
2651,2651,2641.0,60618268,2025-08-06,103.26,93.86,Paid
2652,2652,2642.0,3898775,2024-02-26,7867.7,5118.34,Partially Paid
2653,2653,,37909130,2024-06-14,149.09,140.67,Paid
2654,2654,2643.0,34679155,2024-12-15,146.61,26.6,Partially Paid
2655,2655,2644.0,51422190,2025-01-11,216.81,215.04,Paid
2656,2656,2645.0,83560890,2024-08-21,1244.35,,Denied
2657,2657,2646.0,33391524,2024-11-02,6895.11,6585.16,Paid
2658,2658,2647.0,37909130,2024-01-22,,99.77,Paid
2659,2659,2648.0,20816724,2024-06-30,,596.95,Paid
2660,2660,2649.0,86820499,2024-02-07,4107.67,3801.87,Paid
2661,2661,2650.0,37909130,2025-01-27,310.88,303.45,Paid
2662,2662,2651.0,69893948,2023-12-21,1743.31,1692.07,Paid
2663,2663,2652.0,5243984,2024-11-25,12949.78,6967.95,Partially Paid
2664,2664,2653.0,2888077,2023-07-07,,3027.89,Paid
2665,2665,,35277331,2025-09-03,236.77,223.21,Paid
2666,2666,2655.0,84940684,2023-07-12,15276.0,15209.07,Paid
2667,2667,2656.0,41734324,2025-02-07,21.53,21.19,Paid
2668,2668,2657.0,51422190,2025-08-15,95.98,60.32,Partially Paid
2669,2669,2658.0,84734972,2025-01-23,5341.15,,Partially Paid
2670,2670,2659.0,74476075,2023-03-10,7519.38,7124.9,Paid
2671,2671,2660.0,37909130,2024-09-22,,161.23,Paid
2672,2672,2661.0,84940684,2025-04-23,31351.46,29274.3,Paid
2673,2673,2662.0,51422190,2025-05-20,257.25,,Paid
2674,2674,2663.0,58820915,2025-04-08,246.08,180.46,Partially Paid
2675,2675,2664.0,37909130,2025-08-31,,360.67,Paid
2676,2676,2665.0,86820499,2025-06-01,2766.96,2581.43,Paid
2677,2677,,86820499,2025-04-29,1793.93,1644.88,Paid
2678,2678,2667.0,60618268,2024-10-22,,,Partially Paid
2679,2679,2668.0,51422190,2023-05-01,141.83,,Partially Paid
2680,2680,2669.0,78623435,2023-03-02,192.5,189.4,Paid
2681,2681,2670.0,52736082,2025-08-29,193.74,98.22,Partially Paid
2682,2682,2671.0,60618268,2023-11-24,255.46,240.61,Paid
2683,2683,2672.0,84734972,2025-08-07,,898.35,Paid
2684,2684,,35277331,2023-12-18,191.83,173.23,Paid
2685,2685,,74476075,2024-10-31,2559.4,0.0,Denied
2686,2686,,22394905,2025-05-07,3707.2,0.0,Denied
2687,2687,2676.0,60618268,2025-06-18,111.13,111.09,Paid
2688,2688,2677.0,69893948,2025-11-15,5991.49,5863.48,Paid
2689,2689,2678.0,86820499,2025-08-12,5852.5,5543.18,Paid
2690,2690,2679.0,58738053,2024-03-30,28723.03,27703.94,Paid
2691,2691,2680.0,22394905,2023-10-18,7229.77,,Paid
2692,2692,,37909130,2023-08-23,,0.0,Denied
2693,2693,2681.0,58738053,2023-04-09,12125.55,11567.07,Paid
2694,2694,2682.0,66200381,2023-12-06,4884.98,4481.41,Paid
2695,2695,,33391524,2023-03-03,5352.0,4895.64,Paid
2696,2696,2684.0,35867643,2024-07-18,892.78,803.7,Paid
2697,2697,,74476075,2023-08-14,1537.63,1444.13,Paid
2698,2698,2686.0,662337,2024-05-06,5074.22,4889.32,Paid
2699,2699,2687.0,47758957,2024-07-28,149.28,143.23,Paid
2700,2700,2688.0,83560890,2025-09-19,5419.94,4883.88,Paid
2701,2701,2689.0,44144684,2024-09-02,,2675.14,Partially Paid
2702,2702,2690.0,52736082,2024-04-01,393.9,361.7,Paid
2703,2703,2691.0,86937698,2024-05-26,4958.35,4685.08,Paid
2704,2704,2692.0,6138419,2024-10-13,1237.07,1198.68,Paid
2705,2705,2693.0,22394905,2024-06-07,4109.61,3917.6,Paid
2706,2706,2694.0,34679155,2023-02-03,389.81,264.66,Partially Paid
2707,2707,2695.0,25875482,2023-10-28,139.14,69.43,Partially Paid
2708,2708,2696.0,41734324,2025-04-21,31.32,28.59,Paid
2709,2709,2697.0,2888077,2025-04-15,2412.89,2261.56,Paid
2710,2710,2698.0,60618268,2023-10-04,379.28,0.0,Denied
2711,2711,,3898775,2025-04-21,4596.67,4313.44,Paid
2712,2712,2700.0,35277331,2025-04-15,111.92,40.72,Partially Paid
2713,2713,,69893948,2024-05-22,1879.62,1829.77,Paid
2714,2714,2702.0,12334949,2025-07-12,26382.03,25804.23,Paid
2715,2715,2703.0,51422190,2023-12-20,,0.0,Denied
2716,2716,2704.0,86937698,2024-11-01,,1618.39,Paid
2717,2717,2705.0,58738053,2023-03-02,5154.67,4792.55,Paid
2718,2718,,37909130,2023-05-18,384.8,371.41,Paid
2719,2719,,66200381,2023-05-25,1898.27,1747.19,Paid
2720,2720,2708.0,35867643,2025-08-20,1232.68,1175.99,Paid
2721,2721,2709.0,84940684,2023-10-05,15389.8,14806.66,Paid
2722,2722,2710.0,51422190,2024-04-20,60.84,0.0,Denied
2723,2723,2711.0,35643704,2024-06-18,288.18,262.97,Paid
2724,2724,2712.0,78623435,2023-09-27,357.77,345.57,Paid
2725,2725,2713.0,74476075,2025-04-16,3390.51,0.0,Denied
2726,2726,2714.0,60618268,2024-08-17,427.8,395.63,Paid
2727,2727,2715.0,35643704,2024-10-13,128.26,117.92,Paid
2728,2728,,35643704,2025-10-13,255.29,234.09,Paid
2729,2729,,69893948,2025-05-08,872.06,842.69,Paid
2730,2730,2718.0,47758957,2023-05-26,,279.09,Paid
2731,2731,2719.0,69893948,2024-08-24,6843.92,6738.95,Paid
2732,2732,2720.0,2888077,2025-10-07,3563.76,3549.07,Paid
2733,2733,2721.0,91900027,2023-05-15,742.25,433.68,Partially Paid
2734,2734,2722.0,60618268,2023-05-27,397.49,,Paid
2735,2735,2723.0,33391524,2024-12-11,811.96,746.4,Paid
2736,2736,2724.0,2888077,2024-12-26,4169.29,3979.42,Paid
2737,2737,2725.0,262606,2025-07-14,2232.46,2147.44,Paid
2738,2738,2726.0,86937698,2023-04-07,,534.24,Partially Paid
2739,2739,2727.0,86937698,2024-09-29,2687.68,2563.93,Paid
2740,2740,2728.0,51422190,2023-11-03,112.37,13.14,Partially Paid
2741,2741,2729.0,3898775,2023-03-23,2060.67,,Paid
2742,2742,,84940684,2025-06-29,23696.24,22254.9,Paid
2743,2743,2731.0,262606,2024-08-01,5597.98,5153.86,Paid
2744,2744,2732.0,3898775,2023-09-28,1760.68,0.0,Denied
2745,2745,2733.0,30048293,2025-11-04,36500.09,35917.66,Paid
2746,2746,2734.0,60618268,2025-09-16,496.35,455.06,Paid
2747,2747,,3898775,2024-07-31,6952.09,6395.71,Paid
2748,2748,2736.0,662337,2024-11-17,4389.49,4196.74,Paid
2749,2749,,51422190,2023-09-02,,80.39,Paid
2750,2750,2738.0,69893948,2023-10-28,341.1,337.86,Paid
2751,2751,2739.0,58738053,2024-07-24,15369.31,15305.65,Paid
2752,2752,2740.0,52736082,2024-02-07,109.95,102.14,Paid
2753,2753,2741.0,41734324,2024-07-11,68.97,45.71,Partially Paid
2754,2754,2742.0,35867643,2024-10-31,5684.36,5640.5,Paid
2755,2755,2743.0,25875482,2023-05-31,604.9,552.26,Paid
2756,2756,2744.0,41734324,2024-03-18,136.96,123.93,Paid
2757,2757,2745.0,66200381,2024-05-03,,3242.27,Paid
2758,2758,2746.0,662337,2023-09-05,,258.11,Paid
2759,2759,2747.0,5243984,2023-03-01,10010.68,9618.57,Paid
2760,2760,2748.0,35277331,2025-01-29,248.95,233.18,Paid
2761,2761,2749.0,52736082,2023-03-27,,82.19,Paid
2762,2762,2750.0,35277331,2024-08-27,,261.1,Paid
2763,2763,,74476075,2024-07-30,5609.19,1444.87,Partially Paid
2764,2764,2752.0,35277331,2023-09-05,301.43,,Paid
2765,2765,2753.0,12334949,2024-11-07,18934.79,18682.87,Paid
2766,2766,2754.0,63154872,2023-04-18,2656.2,2393.79,Paid
2767,2767,2755.0,60618268,2024-09-26,280.05,252.34,Paid
2768,2768,2756.0,69893948,2025-04-11,325.08,318.57,Paid
2769,2769,2757.0,37909130,2025-02-05,384.21,348.4,Paid
2770,2770,2758.0,69599038,2025-05-16,4076.99,3841.85,Paid
2771,2771,2759.0,60618268,2023-09-22,106.04,97.65,Paid
2772,2772,2760.0,95044104,2025-02-07,776.47,727.19,Paid
2773,2773,2761.0,78623435,2023-04-22,161.76,154.85,Paid
2774,2774,2762.0,34679155,2025-03-25,202.15,188.01,Paid
2775,2775,2763.0,86937698,2023-09-10,4519.09,4212.82,Paid
2776,2776,2764.0,35277331,2025-03-21,241.43,233.87,Paid
2777,2777,2765.0,83560890,2025-08-28,4847.48,4491.36,Paid
2778,2778,2766.0,41734324,2023-12-02,13.57,12.88,Paid
2779,2779,,22394905,2025-09-08,1859.07,1712.27,Paid
2780,2780,2767.0,8409724,2023-10-01,291.62,286.24,Paid
2781,2781,2768.0,60618268,2024-06-12,99.36,91.78,Paid
2782,2782,2769.0,37909130,2023-10-16,66.36,,Paid
2783,2783,2770.0,262606,2025-05-16,5011.41,4910.37,Paid
2784,2784,2771.0,63154872,2025-10-10,,5092.94,Paid
2785,2785,2772.0,262606,2023-06-22,2760.39,2578.78,Paid
2786,2786,2773.0,35867643,2025-06-12,4633.47,4202.3,Paid
2787,2787,2774.0,41734324,2024-08-05,147.86,135.36,Paid
2788,2788,2775.0,91900027,2023-09-20,419.57,386.77,Paid
2789,2789,2776.0,25875482,2025-03-26,,333.02,Paid
2790,2790,2777.0,69893948,2024-05-02,3151.93,3030.38,Paid
2791,2791,2778.0,86820499,2024-08-12,861.55,,Partially Paid
2792,2792,2779.0,41734324,2024-07-07,12.59,,Paid
2793,2793,2780.0,33391524,2023-10-10,3095.75,2133.9,Partially Paid
2794,2794,2781.0,84940684,2024-05-16,29730.6,28268.91,Paid
2795,2795,,35643704,2024-06-21,474.01,440.01,Paid
2796,2796,2783.0,74476075,2024-03-03,1015.0,,Partially Paid
2797,2797,2784.0,35867643,2023-06-08,2209.96,1003.9,Partially Paid
2798,2798,2785.0,37909130,2024-10-04,,53.33,Paid
2799,2799,2786.0,12334949,2024-08-30,,11598.81,Paid
2800,2800,2787.0,35643704,2023-11-18,364.93,362.54,Paid
2801,2801,2788.0,3898775,2024-08-13,4586.6,4243.28,Paid
2802,2802,2789.0,5243984,2025-06-13,30945.94,0.0,Denied
2803,2803,2790.0,58738053,2024-09-14,37866.64,37210.45,Paid
2804,2804,2791.0,37909130,2025-10-03,,68.86,Paid
2805,2805,2792.0,83560890,2025-09-16,535.29,533.82,Paid
2806,2806,2793.0,51422190,2023-06-07,395.61,384.66,Paid
2807,2807,2794.0,84940684,2024-07-09,18699.53,17436.5,Paid
2808,2808,2795.0,25875482,2025-03-03,194.6,179.84,Paid
2809,2809,2796.0,3898775,2023-11-12,1770.38,239.86,Partially Paid
2810,2810,2797.0,58738053,2025-02-25,19027.16,17921.1,Paid
2811,2811,,74476075,2025-04-12,7618.45,7363.62,Paid
2812,2812,2799.0,95044104,2025-10-07,314.05,0.0,Denied
2813,2813,2800.0,22394905,2023-01-15,607.96,567.69,Paid
2814,2814,2801.0,25875482,2023-04-28,,,Paid
2815,2815,2802.0,69893948,2024-09-11,2228.09,2136.45,Paid
2816,2816,2803.0,37909130,2024-02-17,235.25,187.89,Partially Paid
2817,2817,2804.0,78623435,2025-08-20,353.54,334.19,Paid
2818,2818,2805.0,6138419,2024-09-02,6517.14,,Paid
2819,2819,2806.0,37909130,2023-04-10,239.2,220.62,Paid
2820,2820,2807.0,60618268,2023-01-25,,272.22,Paid
2821,2821,2808.0,35277331,2025-09-24,97.23,97.13,Paid
2822,2822,2809.0,60618268,2024-07-07,272.78,270.44,Paid
2823,2823,2810.0,41734324,2025-10-04,51.88,51.8,Paid
2824,2824,2811.0,70604284,2024-05-29,,283.9,Partially Paid
2825,2825,2812.0,41734324,2023-12-12,110.41,100.99,Paid
2826,2826,,52736082,2023-10-14,299.09,294.35,Paid
2827,2827,2814.0,6138419,2023-03-25,1973.39,1862.88,Paid
2828,2828,2815.0,91900027,2025-01-12,507.25,0.0,Denied
2829,2829,2816.0,35277331,2024-07-01,397.7,386.63,Paid
2830,2830,2817.0,62378778,2024-10-17,640.03,601.4,Paid
2831,2831,2818.0,91900027,2024-03-26,176.24,21.46,Partially Paid
2832,2832,2819.0,60618268,2024-07-27,99.56,94.39,Paid
2833,2833,2820.0,25875482,2023-01-06,337.96,324.12,Paid
2834,2834,,78623435,2023-07-04,214.06,198.97,Paid
2835,2835,2822.0,58738053,2024-10-01,19501.18,19181.31,Paid
2836,2836,2823.0,86937698,2023-10-23,1916.5,1811.15,Paid
2837,2837,2824.0,69599038,2025-08-23,,4968.5,Paid
2838,2838,2825.0,86937698,2025-07-06,633.9,187.89,Partially Paid
2839,2839,2826.0,60618268,2023-05-25,321.02,304.85,Paid
2840,2840,2827.0,74476075,2023-03-23,6775.34,6411.35,Paid
2841,2841,2828.0,25875482,2023-04-29,468.37,445.42,Paid
2842,2842,2829.0,34679155,2025-11-01,142.25,133.87,Paid
2843,2843,,21477593,2025-03-27,,54.56,Paid
2844,2844,2831.0,25875482,2023-02-27,524.03,476.25,Paid
2845,2845,2832.0,21477593,2025-03-03,426.72,72.03,Partially Paid
2846,2846,2833.0,74476075,2023-01-15,,7164.34,Paid
2847,2847,2834.0,83560890,2023-09-28,1472.79,1412.33,Paid
2848,2848,2835.0,95376350,2024-04-03,2344.23,,Paid
2849,2849,2836.0,51422190,2023-04-05,134.91,127.09,Paid
2850,2850,2837.0,60618268,2024-04-06,498.34,466.16,Paid
2851,2851,2838.0,3898775,2023-07-27,6174.35,3462.21,Partially Paid
2852,2852,2839.0,37909130,2024-10-13,,71.44,Partially Paid
2853,2853,2840.0,69893948,2025-11-23,2336.02,664.33,Partially Paid
2854,2854,2841.0,8409724,2023-08-03,778.89,,Paid
2855,2855,2842.0,51422190,2023-11-09,377.67,0.0,Denied
2856,2856,2843.0,35867643,2025-06-28,1087.88,1021.9,Paid
2857,2857,2844.0,34679155,2025-07-11,266.27,262.91,Paid
2858,2858,2845.0,47758957,2025-01-01,224.65,211.44,Paid
2859,2859,2846.0,25875482,2025-05-16,594.22,,Paid
2860,2860,2847.0,47758957,2024-10-15,,237.93,Paid
2861,2861,2848.0,22394905,2025-01-19,3733.45,1945.1,Partially Paid
2862,2862,2849.0,37909130,2025-03-16,386.61,356.01,Paid
2863,2863,2850.0,86820499,2025-01-24,7389.78,7125.62,Paid
2864,2864,2851.0,66200381,2025-02-02,737.99,718.72,Paid
2865,2865,,47758957,2025-08-13,456.98,447.6,Paid
2866,2866,2853.0,34679155,2024-12-08,310.05,295.94,Paid
2867,2867,2854.0,95376350,2023-08-24,3512.62,3279.62,Paid
2868,2868,2855.0,37909130,2025-04-08,247.59,,Paid
2869,2869,2856.0,25875482,2024-07-14,550.73,544.64,Paid
2870,2870,2857.0,35643704,2025-07-10,158.14,144.36,Paid
2871,2871,2858.0,69599038,2024-02-17,6211.07,5684.1,Paid
2872,2872,,30048293,2025-02-26,,28432.45,Paid
2873,2873,,60618268,2025-02-12,,492.82,Paid
2874,2874,2861.0,3898775,2024-05-07,2367.5,,Partially Paid
2875,2875,2862.0,25875482,2024-03-26,,227.35,Paid
2876,2876,2863.0,78623435,2024-03-28,361.89,348.04,Paid
2877,2877,2864.0,86820499,2023-05-28,2753.7,2554.35,Paid
2878,2878,2865.0,58820915,2023-12-03,121.42,113.53,Paid
2879,2879,2866.0,25875482,2025-06-08,711.26,697.68,Paid
2880,2880,,37909130,2023-09-20,182.86,175.26,Paid
2881,2881,2868.0,41734324,2024-11-16,59.84,57.68,Paid
2882,2882,2869.0,8409724,2023-07-09,273.97,252.5,Paid
2883,2883,,33391524,2024-12-04,,640.58,Paid
2884,2884,2871.0,60618268,2025-03-28,,248.69,Paid
2885,2885,2872.0,37909130,2024-04-23,73.14,21.44,Partially Paid
2886,2886,2873.0,86820499,2024-02-10,1360.77,1260.17,Paid
2887,2887,2874.0,41734324,2024-03-13,18.89,2.0,Partially Paid
2888,2888,2875.0,25875482,2025-10-11,537.97,511.82,Paid
2889,2889,2876.0,95376350,2023-04-16,666.24,,Paid
2890,2890,2877.0,78623435,2024-10-26,82.23,75.89,Paid
2891,2891,2878.0,69893948,2023-01-31,3989.9,,Paid
2892,2892,2879.0,78623435,2024-10-17,198.14,193.4,Paid
2893,2893,2880.0,37909130,2023-10-20,352.3,,Partially Paid
2894,2894,2881.0,12334949,2024-06-23,11272.2,10158.77,Paid
2895,2895,2882.0,58738053,2025-10-25,20110.8,19400.95,Paid
2896,2896,2883.0,8409724,2023-10-10,176.15,160.22,Paid
2897,2897,,95376350,2023-07-31,2657.29,2587.81,Paid
2898,2898,2885.0,6138419,2025-05-19,7164.12,6977.99,Paid
2899,2899,2886.0,51422190,2023-03-18,61.03,60.23,Paid
2900,2900,2887.0,21477593,2025-02-12,87.12,86.78,Paid
2901,2901,2888.0,662337,2024-06-08,4366.64,4181.44,Paid
2902,2902,2889.0,21477593,2025-11-24,201.84,0.0,Denied
2903,2903,2890.0,5243984,2024-11-18,34134.13,31687.77,Paid
2904,2904,2891.0,58738053,2024-09-03,32038.03,30252.61,Paid
2905,2905,2892.0,35277331,2025-05-29,117.66,,Paid
2906,2906,2893.0,58820915,2024-05-11,152.83,147.28,Paid
2907,2907,2894.0,91900027,2024-12-30,353.57,330.04,Paid
2908,2908,2895.0,41734324,2025-01-29,123.97,112.4,Paid
2909,2909,2896.0,35867643,2025-01-27,6342.77,2902.63,Partially Paid
2910,2910,2897.0,74476075,2025-01-26,1909.57,1829.67,Paid
2911,2911,2898.0,2888077,2025-03-17,3587.56,3312.51,Paid
2912,2912,,37909130,2023-09-18,316.66,159.47,Partially Paid
2913,2913,2900.0,41734324,2025-03-06,79.14,73.58,Paid
2914,2914,2901.0,58820915,2025-05-06,476.43,454.85,Paid
2915,2915,2902.0,69599038,2025-04-21,4478.52,4222.87,Paid
2916,2916,2903.0,62378778,2023-10-29,272.03,262.21,Paid
2917,2917,2904.0,41734324,2025-10-21,21.66,21.19,Paid
2918,2918,,95376350,2023-02-17,4077.4,3722.99,Paid
2919,2919,,12334949,2023-07-15,14585.44,14314.91,Paid
2920,2920,2907.0,52736082,2024-03-01,138.37,0.0,Denied
2921,2921,2908.0,34679155,2025-06-24,188.9,175.26,Paid
2922,2922,2909.0,66200381,2025-03-06,6771.09,6602.25,Paid
2923,2923,2910.0,34679155,2025-07-31,98.54,0.0,Denied
2924,2924,2911.0,60618268,2024-06-21,262.7,262.53,Paid
2925,2925,2912.0,6138419,2024-08-21,4623.82,4351.01,Paid
2926,2926,2913.0,6138419,2024-03-23,2763.37,2496.11,Paid
2927,2927,,63154872,2023-02-26,1085.99,1004.2,Paid
2928,2928,2915.0,41734324,2024-02-03,41.7,38.66,Paid
2929,2929,2916.0,35643704,2024-02-25,,469.51,Paid
2930,2930,2917.0,33391524,2023-07-01,5881.29,0.0,Denied
2931,2931,,44144684,2024-05-29,36804.84,34598.23,Paid
2932,2932,2919.0,12334949,2023-02-21,6664.62,6597.28,Paid
2933,2933,2920.0,69893948,2025-05-04,6855.08,2625.08,Partially Paid
2934,2934,2921.0,52736082,2023-03-23,234.84,233.78,Paid
2935,2935,2922.0,37909130,2024-09-11,243.73,194.37,Partially Paid
2936,2936,2923.0,6138419,2025-09-06,4610.7,4373.55,Paid
2937,2937,2924.0,52736082,2023-06-13,,288.7,Paid
2938,2938,2925.0,62378778,2023-07-20,487.23,479.8,Paid
2939,2939,2926.0,35277331,2023-01-09,,0.0,Denied
2940,2940,2927.0,662337,2025-07-29,6838.46,6248.11,Paid
2941,2941,2928.0,8409724,2024-03-12,,739.23,Paid
2942,2942,2929.0,69893948,2023-05-27,2062.97,321.38,Partially Paid
2943,2943,2930.0,84734972,2023-09-08,6303.17,0.0,Denied
2944,2944,2931.0,35277331,2024-08-04,356.94,329.72,Paid
2945,2945,2932.0,95044104,2025-06-06,774.36,702.07,Paid
2946,2946,,60618268,2023-12-26,383.68,357.28,Paid
2947,2947,2934.0,78623435,2025-09-23,302.23,293.39,Paid
2948,2948,,91900027,2025-05-22,342.82,328.09,Paid
2949,2949,,74476075,2024-11-28,3574.95,3454.62,Paid
2950,2950,2937.0,91900027,2024-08-29,714.88,163.68,Partially Paid
2951,2951,2938.0,37909130,2025-01-10,,179.94,Paid
2952,2952,2939.0,6138419,2024-08-25,,6399.72,Paid
2953,2953,2940.0,35277331,2025-05-12,351.4,343.93,Paid
2954,2954,2941.0,8409724,2023-01-08,776.31,0.0,Denied
2955,2955,2942.0,84734972,2023-07-25,,3593.82,Paid
2956,2956,2943.0,70604284,2023-09-07,313.38,66.73,Partially Paid
2957,2957,2944.0,21477593,2023-11-14,156.28,148.01,Paid
2958,2958,2945.0,83560890,2024-08-31,385.31,348.28,Paid
2959,2959,2946.0,51422190,2025-02-02,361.47,329.5,Paid
2960,2960,2947.0,69599038,2024-02-02,2685.74,2536.14,Paid
2961,2961,2948.0,35277331,2023-09-26,373.24,370.61,Paid
2962,2962,2949.0,84940684,2025-09-29,24478.36,,Paid
2963,2963,,60618268,2023-05-30,31.39,30.2,Paid
2964,2964,2951.0,84734972,2023-09-16,6335.82,6276.51,Paid
2965,2965,2952.0,35277331,2024-08-12,,292.7,Paid
2966,2966,2953.0,95376350,2024-04-02,376.07,,Paid
2967,2967,2954.0,95376350,2023-08-25,5407.55,5312.33,Paid
2968,2968,2955.0,84734972,2025-04-04,4850.84,4760.77,Paid
2969,2969,2956.0,33391524,2024-09-18,5643.41,5507.72,Paid
2970,2970,2957.0,47758957,2025-05-30,291.89,271.4,Paid
2971,2971,2958.0,25875482,2023-01-31,332.95,312.59,Paid
2972,2972,2959.0,30048293,2025-01-30,20541.83,19307.42,Paid
2973,2973,2960.0,262606,2025-05-06,5378.28,,Paid
2974,2974,2961.0,34679155,2025-11-14,148.12,139.21,Paid
2975,2975,2962.0,60618268,2024-07-05,164.62,156.37,Paid
2976,2976,,12334949,2024-07-31,28635.92,26175.63,Paid
2977,2977,2964.0,69893948,2023-03-07,2336.47,2132.27,Paid
2978,2978,2965.0,21477593,2023-08-10,177.26,,Paid
2979,2979,2966.0,12334949,2025-02-14,,,Paid
2980,2980,2967.0,22394905,2023-10-23,5040.54,4838.81,Paid
2981,2981,2968.0,74476075,2024-10-21,5192.28,,Partially Paid
2982,2982,,12334949,2025-06-10,,10922.16,Partially Paid
2983,2983,2970.0,37909130,2023-11-18,260.08,30.82,Partially Paid
2984,2984,2971.0,22394905,2023-09-02,,2754.31,Paid
2985,2985,2972.0,91900027,2025-03-22,,,Paid
2986,2986,2973.0,37909130,2023-11-18,225.04,220.09,Paid
2987,2987,2974.0,35867643,2023-07-15,5437.11,5206.82,Paid
2988,2988,,3898775,2025-09-24,,779.97,Paid
2989,2989,2976.0,60618268,2025-05-31,67.74,66.67,Paid
2990,2990,2977.0,51422190,2023-05-12,229.94,229.25,Paid
2991,2991,2978.0,58820915,2023-10-20,128.91,,Paid
2992,2992,2979.0,76629196,2023-06-19,771.78,730.78,Paid
2993,2993,2980.0,37909130,2024-08-12,343.25,335.78,Paid
2994,2994,2981.0,83560890,2024-02-06,4130.54,3760.61,Paid
2995,2995,2982.0,62378778,2025-05-11,,545.37,Paid
2996,2996,2983.0,60618268,2023-09-14,,31.26,Paid
2997,2997,2984.0,58820915,2023-05-03,,91.74,Paid
2998,2998,2985.0,86937698,2023-02-19,3213.78,,Partially Paid
2999,2999,2986.0,58738053,2025-09-22,9308.65,,Paid
3000,3000,2987.0,37909130,2025-11-15,178.67,169.7,Paid
3001,3001,2988.0,41734324,2024-01-30,13.02,,Paid
3002,3002,,30048293,2023-11-01,35579.55,32281.86,Paid
3003,3003,2990.0,52736082,2025-02-17,334.99,334.02,Paid
3004,3004,2991.0,35643704,2025-10-14,218.11,215.54,Paid
3005,3005,2992.0,32867785,2023-03-26,935.13,904.02,Paid
3006,3006,2993.0,25875482,2025-05-26,,,Paid
3007,3007,2994.0,62378778,2025-09-26,187.31,186.24,Paid
3008,3008,,60618268,2025-01-18,342.87,334.35,Paid
3009,3009,,74476075,2025-11-13,2489.34,2281.4,Paid
3010,3010,2997.0,76629196,2023-02-14,280.12,260.93,Paid
3011,3011,2998.0,63154872,2024-10-31,3188.0,2235.18,Partially Paid
3012,3012,2999.0,69599038,2023-09-16,6055.41,3619.16,Partially Paid
3013,3013,3000.0,95376350,2023-02-14,4988.33,4597.0,Paid
3014,3014,3001.0,84734972,2023-08-14,2549.06,1426.76,Partially Paid
3015,3015,3002.0,86820499,2025-10-07,3799.46,,Denied
3016,3016,3003.0,86820499,2025-08-07,6892.16,6283.04,Paid
3017,3017,,25875482,2024-02-21,222.63,203.35,Paid
3018,3018,3005.0,91900027,2024-05-12,194.8,192.48,Paid
3019,3019,3006.0,34679155,2024-10-10,72.41,31.99,Partially Paid
3020,3020,3007.0,37909130,2023-10-15,347.05,231.0,Partially Paid
3021,3021,3008.0,51422190,2023-11-07,,0.0,Denied
3022,3022,3009.0,662337,2024-08-21,4126.36,,Paid
3023,3023,,33391524,2024-02-24,7944.24,7824.37,Paid
3024,3024,3011.0,41734324,2025-04-10,79.83,72.53,Paid
3025,3025,3012.0,83560890,2024-08-08,,2787.93,Partially Paid
3026,3026,3013.0,66200381,2024-07-27,,832.02,Partially Paid
3027,3027,3014.0,62378778,2024-03-16,330.65,257.37,Partially Paid
3028,3028,3015.0,262606,2025-03-12,1055.85,1045.25,Paid
3029,3029,,52736082,2025-11-09,482.81,470.03,Paid
3030,3030,3017.0,63154872,2023-05-06,2321.13,2183.18,Paid
3031,3031,3018.0,12334949,2024-01-27,23285.42,,Paid
3032,3032,,21477593,2025-11-01,,42.38,Paid
3033,3033,3020.0,41734324,2025-02-20,,48.67,Paid
3034,3034,3021.0,58820915,2023-03-18,94.29,93.46,Paid
3035,3035,3022.0,22394905,2024-02-23,3973.12,,Paid
3036,3036,3023.0,84940684,2025-05-15,8948.8,8474.53,Paid
3037,3037,3024.0,58820915,2024-02-18,338.72,307.07,Paid
3038,3038,3025.0,74476075,2024-02-29,3124.41,3013.06,Paid
3039,3039,3026.0,37909130,2023-11-04,240.9,239.74,Paid
3040,3040,3027.0,78623435,2023-12-01,148.8,143.73,Paid
3041,3041,3028.0,37909130,2024-11-17,245.85,229.38,Paid
3042,3042,3029.0,60618268,2024-03-02,22.06,5.33,Partially Paid
3043,3043,3030.0,47758957,2025-08-04,105.81,,Paid
3044,3044,3031.0,95376350,2023-05-06,1483.93,1412.38,Paid
3045,3045,3032.0,84734972,2025-08-14,,0.0,Denied
3046,3046,3033.0,37909130,2023-09-14,360.1,197.06,Partially Paid
3047,3047,3034.0,69599038,2025-09-17,6388.19,,Paid
3048,3048,3035.0,66200381,2023-10-15,2688.51,2548.9,Paid
3049,3049,3036.0,44144684,2023-01-18,20490.49,18591.4,Paid
3050,3050,3037.0,35277331,2024-08-27,286.3,283.11,Paid
3051,3051,3038.0,12334949,2025-08-19,,8228.01,Paid
3052,3052,3039.0,8409724,2025-08-30,131.25,126.13,Paid
3053,3053,3040.0,63154872,2025-04-12,2508.77,2439.38,Paid
3054,3054,,37909130,2024-06-28,,,Paid
3055,3055,3041.0,34679155,2025-02-16,288.75,282.41,Paid
3056,3056,3042.0,66200381,2023-06-05,6129.86,5899.23,Paid
3057,3057,3043.0,47758957,2025-09-06,342.45,334.31,Paid
3058,3058,,32867785,2023-06-19,7281.41,7095.9,Paid
3059,3059,3045.0,34679155,2025-05-08,53.12,,Paid
3060,3060,3046.0,60618268,2025-08-17,,450.44,Paid
3061,3061,3047.0,25875482,2024-02-28,318.62,165.71,Partially Paid
3062,3062,3048.0,69893948,2023-07-06,6581.98,6562.43,Paid
3063,3063,3049.0,37909130,2024-05-06,334.31,307.82,Paid
3064,3064,3050.0,60618268,2025-05-16,195.14,178.4,Paid
3065,3065,3051.0,12334949,2023-12-07,39597.54,36146.76,Paid
3066,3066,3052.0,12334949,2023-02-12,24113.65,,Paid
3067,3067,3053.0,3898775,2023-02-19,,4202.68,Paid
3068,3068,3054.0,78623435,2023-04-27,357.69,329.01,Paid
3069,3069,3055.0,22394905,2025-02-20,4866.53,4816.29,Paid
3070,3070,3056.0,69599038,2023-04-18,4305.32,3975.88,Paid
3071,3071,3057.0,12334949,2023-04-02,11072.16,,Paid
3072,3072,3058.0,60618268,2024-01-04,320.0,311.67,Paid
3073,3073,3059.0,3898775,2025-05-04,3512.64,3308.02,Paid
3074,3074,3060.0,37909130,2023-06-18,99.12,95.5,Paid
3075,3075,3061.0,66200381,2024-09-12,6282.52,4944.19,Partially Paid
3076,3076,3062.0,33391524,2023-05-31,7949.36,1286.16,Partially Paid
3077,3077,3063.0,41734324,2023-01-18,130.68,129.76,Paid
3078,3078,3064.0,12334949,2023-07-13,24519.48,0.0,Denied
3079,3079,3065.0,25875482,2025-08-29,799.02,747.56,Paid
3080,3080,,52736082,2025-05-24,409.2,186.74,Partially Paid
3081,3081,3067.0,34679155,2024-03-19,193.21,184.41,Paid
3082,3082,3068.0,58820915,2023-11-27,240.75,230.93,Paid
3083,3083,3069.0,58738053,2025-11-20,5391.76,4957.57,Paid
3084,3084,3070.0,86937698,2023-12-13,,866.12,Partially Paid
3085,3085,3071.0,21477593,2024-10-13,291.49,271.77,Paid
3086,3086,3072.0,63154872,2025-10-12,3165.42,3114.33,Paid
3087,3087,3073.0,37909130,2023-03-02,,,Partially Paid
3088,3088,3074.0,84734972,2024-11-06,3966.2,3796.31,Paid
3089,3089,3075.0,69893948,2025-03-22,2937.17,2799.97,Paid
3090,3090,3076.0,37909130,2025-05-27,63.78,22.5,Partially Paid
3091,3091,,78623435,2024-07-06,258.03,245.72,Paid
3092,3092,3078.0,25875482,2025-08-06,794.31,,Paid
3093,3093,3079.0,78623435,2023-11-04,168.96,162.94,Paid
3094,3094,3080.0,35643704,2023-12-17,294.38,0.0,Denied
3095,3095,3081.0,60618268,2024-01-07,97.78,,Partially Paid
3096,3096,3082.0,41734324,2025-02-26,,32.81,Paid
3097,3097,3083.0,2888077,2024-06-19,6326.87,3516.76,Partially Paid
3098,3098,3084.0,35643704,2025-07-13,194.47,190.44,Paid
3099,3099,,35643704,2025-10-10,444.38,435.79,Paid
3100,3100,3086.0,32867785,2025-01-22,7230.07,,Paid
3101,3101,3087.0,35643704,2024-03-02,193.71,192.54,Paid
3102,3102,3088.0,21477593,2025-02-18,,261.83,Partially Paid
3103,3103,3089.0,95044104,2024-07-02,430.01,212.04,Partially Paid
3104,3104,3090.0,34679155,2025-05-28,270.49,184.61,Partially Paid
3105,3105,3091.0,52736082,2024-10-03,230.25,222.49,Paid
3106,3106,,32867785,2025-11-06,7228.52,6620.65,Paid
3107,3107,3093.0,2888077,2024-05-30,2545.98,,Partially Paid
3108,3108,3094.0,35867643,2024-09-17,2689.19,2687.72,Paid
3109,3109,3095.0,47758957,2025-08-07,99.29,13.48,Partially Paid
3110,3110,3096.0,51422190,2024-02-06,248.5,,Paid
3111,3111,3097.0,69893948,2024-10-06,2303.2,787.12,Partially Paid
3112,3112,3098.0,58738053,2025-05-13,9819.75,9182.61,Paid
3113,3113,3099.0,37909130,2024-09-06,397.36,364.97,Paid
3114,3114,3100.0,25875482,2023-10-13,731.64,714.94,Paid
3115,3115,3101.0,6138419,2024-11-08,1667.11,1012.63,Partially Paid
3116,3116,3102.0,52736082,2023-03-01,256.08,97.51,Partially Paid
3117,3117,3103.0,35277331,2025-06-08,344.17,316.06,Paid
3118,3118,3104.0,30048293,2025-10-12,12820.56,12455.06,Paid
3119,3119,3105.0,60618268,2024-06-15,323.32,292.31,Paid
3120,3120,3106.0,52736082,2025-09-03,549.17,187.16,Partially Paid
3121,3121,3107.0,30048293,2023-03-06,,35369.14,Paid
3122,3122,3108.0,37909130,2024-05-27,184.84,0.0,Denied
3123,3123,3109.0,662337,2025-02-06,7713.92,7530.71,Paid
3124,3124,3110.0,69893948,2023-12-22,6075.41,5624.33,Paid
3125,3125,3111.0,78623435,2025-03-14,105.92,105.21,Paid
3126,3126,3112.0,95044104,2024-05-07,,48.59,Partially Paid
3127,3127,3113.0,34679155,2023-05-02,158.77,148.13,Paid
3128,3128,,37909130,2025-06-21,129.65,98.97,Partially Paid
3129,3129,3115.0,78623435,2023-03-20,,,Paid
3130,3130,3116.0,3898775,2024-05-11,3325.76,3278.87,Paid
3131,3131,3117.0,83560890,2023-08-08,1628.64,1524.7,Paid
3132,3132,3118.0,2888077,2023-05-11,1059.55,1016.16,Paid
3133,3133,3119.0,30048293,2024-02-20,27641.39,27317.8,Paid
3134,3134,3120.0,12334949,2023-11-18,28256.54,26797.5,Paid
3135,3135,3121.0,47758957,2023-08-23,475.39,0.0,Denied
3136,3136,,35277331,2023-05-12,368.4,337.52,Paid
3137,3137,3123.0,69893948,2023-06-20,6000.39,5693.87,Paid
3138,3138,3124.0,22394905,2025-03-24,4624.16,4310.76,Paid
3139,3139,3125.0,21477593,2023-08-22,,373.97,Paid
3140,3140,3126.0,60618268,2024-12-10,428.21,421.38,Paid
3141,3141,3127.0,262606,2024-07-15,2678.81,2675.65,Paid
3142,3142,3128.0,25875482,2024-05-14,470.35,424.92,Paid
3143,3143,3129.0,20816724,2023-04-24,177.58,166.92,Paid
3144,3144,3130.0,84940684,2024-07-11,5297.81,3454.57,Partially Paid
3145,3145,3131.0,86937698,2024-09-01,5078.38,4938.01,Paid
3146,3146,3132.0,52736082,2023-04-02,106.64,101.84,Paid
3147,3147,3133.0,25875482,2023-07-25,232.76,210.88,Paid
3148,3148,3134.0,12334949,2023-12-13,17658.17,15948.02,Paid
3149,3149,3135.0,21477593,2023-09-06,367.36,338.79,Paid
3150,3150,3136.0,47758957,2025-09-07,495.37,475.57,Paid
3151,3151,3137.0,35643704,2025-09-22,225.64,204.04,Paid
3152,3152,3138.0,58820915,2023-04-14,483.93,203.12,Partially Paid
3153,3153,3139.0,35643704,2024-10-18,70.02,63.06,Paid
3154,3154,3140.0,34679155,2023-06-14,267.78,83.75,Partially Paid
3155,3155,3141.0,69893948,2023-10-18,5011.32,,Paid
3156,3156,3142.0,86820499,2023-06-10,2043.35,1978.85,Paid
3157,3157,3143.0,60618268,2025-04-30,,101.99,Partially Paid
3158,3158,3144.0,86937698,2025-02-20,7404.6,6826.12,Paid
3159,3159,3145.0,262606,2023-07-21,1725.66,806.45,Partially Paid
3160,3160,3146.0,84734972,2024-03-21,5561.65,,Partially Paid
3161,3161,3147.0,74476075,2024-08-31,6342.18,1415.17,Partially Paid
3162,3162,3148.0,63154872,2023-08-15,758.62,741.86,Paid
3163,3163,3149.0,91900027,2024-01-16,271.64,260.8,Paid
3164,3164,3150.0,70604284,2025-09-08,70.41,65.57,Paid
3165,3165,3151.0,84940684,2024-03-19,18209.16,18138.67,Paid
3166,3166,3152.0,69599038,2024-04-11,3332.2,3279.86,Paid
3167,3167,3153.0,95044104,2023-08-21,545.99,542.44,Paid
3168,3168,,60618268,2023-03-31,455.76,444.04,Paid
3169,3169,3155.0,3898775,2023-12-15,1200.6,1138.15,Paid
3170,3170,,62378778,2025-03-31,539.0,235.18,Partially Paid
3171,3171,3157.0,30048293,2024-05-31,,31700.44,Paid
3172,3172,3158.0,58820915,2023-10-04,71.1,,Paid
3173,3173,3159.0,25875482,2025-11-24,,575.25,Paid
3174,3174,3160.0,21477593,2025-06-05,56.95,55.82,Paid
3175,3175,3161.0,35277331,2024-02-14,340.18,321.84,Paid
3176,3176,3162.0,95044104,2025-04-28,127.52,122.53,Paid
3177,3177,3163.0,86820499,2023-07-01,4676.88,2188.26,Partially Paid
3178,3178,3164.0,262606,2023-04-07,1087.86,1068.64,Paid
3179,3179,,70604284,2024-01-22,646.51,,Paid
3180,3180,3166.0,34679155,2023-09-04,330.82,313.29,Paid
3181,3181,3167.0,37909130,2024-09-27,291.24,,Partially Paid
3182,3182,3168.0,62378778,2025-11-22,,590.76,Paid
3183,3183,3169.0,60618268,2023-09-11,93.51,74.76,Partially Paid
3184,3184,3170.0,86820499,2024-12-01,1025.56,152.62,Partially Paid
3185,3185,3171.0,47758957,2024-06-04,419.39,305.58,Partially Paid
3186,3186,3172.0,60618268,2025-04-11,409.33,,Paid
3187,3187,3173.0,51422190,2023-07-20,338.69,,Paid
3188,3188,3174.0,44144684,2023-04-18,26108.77,25513.0,Paid
3189,3189,3175.0,35643704,2023-04-05,332.29,321.05,Paid
3190,3190,3176.0,91900027,2023-10-05,522.23,63.96,Partially Paid
3191,3191,3177.0,76629196,2025-08-01,412.59,379.1,Paid
3192,3192,3178.0,66200381,2024-02-27,1883.18,1731.04,Paid
3193,3193,,86937698,2023-09-05,3934.81,3656.91,Paid
3194,3194,3180.0,25875482,2023-12-18,534.75,,Paid
3195,3195,3181.0,21477593,2023-05-06,217.66,49.93,Partially Paid
3196,3196,,662337,2023-07-12,7154.17,7004.58,Paid
3197,3197,3183.0,51422190,2024-07-08,104.36,0.0,Denied
3198,3198,3184.0,69893948,2023-01-15,5642.11,5309.99,Paid
3199,3199,3185.0,41734324,2023-05-14,147.18,136.49,Paid
3200,3200,3186.0,3898775,2023-05-14,7198.59,6709.03,Paid
3201,3201,3187.0,69599038,2023-04-25,4166.85,1541.24,Partially Paid
3202,3202,3188.0,78623435,2023-02-25,,256.33,Paid
3203,3203,3189.0,2888077,2023-03-14,5146.55,4879.08,Paid
3204,3204,3190.0,63154872,2023-12-21,6247.87,5769.11,Paid
3205,3205,3191.0,70604284,2024-01-28,506.62,,Paid
3206,3206,3192.0,37909130,2023-11-01,152.92,147.92,Paid
3207,3207,3193.0,78623435,2025-11-25,,220.4,Paid
3208,3208,3194.0,37909130,2025-02-19,,,Paid
3209,3209,3195.0,35643704,2023-12-26,156.45,143.57,Paid
3210,3210,3196.0,3898775,2024-07-04,1792.78,206.52,Partially Paid
3211,3211,3197.0,35643704,2025-02-03,312.21,,Partially Paid
3212,3212,3198.0,6138419,2025-05-14,,2314.17,Paid
3213,3213,3199.0,44144684,2023-09-13,33089.87,29795.87,Paid
3214,3214,3200.0,58820915,2024-03-10,468.59,0.0,Denied
3215,3215,3201.0,37909130,2025-05-30,207.49,198.76,Paid
3216,3216,3202.0,74476075,2023-02-15,7003.02,2824.05,Partially Paid
3217,3217,3203.0,37909130,2023-06-18,78.28,0.0,Denied
3218,3218,3204.0,41734324,2023-07-30,57.14,53.47,Paid
3219,3219,,41734324,2023-06-06,,85.51,Paid
3220,3220,3206.0,74476075,2024-01-06,1794.4,1788.96,Paid
3221,3221,3207.0,60618268,2025-11-25,177.28,140.86,Partially Paid
3222,3222,3208.0,35867643,2025-04-17,3386.52,3315.74,Paid
3223,3223,,37909130,2024-06-25,365.43,147.72,Partially Paid
3224,3224,3210.0,60618268,2024-11-09,404.74,403.08,Paid
3225,3225,3211.0,66200381,2024-10-24,6996.09,0.0,Denied
3226,3226,3212.0,58820915,2025-11-19,,467.27,Paid
3227,3227,3213.0,37909130,2025-04-13,350.81,199.9,Partially Paid
3228,3228,3214.0,34679155,2023-06-23,57.61,56.25,Paid
3229,3229,3215.0,91900027,2023-06-22,775.13,713.77,Paid
3230,3230,3216.0,37909130,2023-10-29,367.29,,Partially Paid
3231,3231,3217.0,74476075,2024-03-18,3220.87,2915.4,Paid
3232,3232,,83560890,2024-07-30,1425.45,1340.35,Paid
3233,3233,3219.0,37909130,2023-08-03,238.03,217.81,Paid
3234,3234,3220.0,662337,2025-09-03,,5220.32,Paid
3235,3235,3221.0,35277331,2024-07-27,353.24,349.22,Paid
3236,3236,3222.0,25875482,2024-05-16,757.4,705.38,Paid
3237,3237,3223.0,78623435,2025-09-27,334.8,,Paid
3238,3238,3224.0,58820915,2024-08-07,422.87,386.43,Paid
3239,3239,3225.0,33391524,2024-06-03,7049.79,5453.8,Partially Paid
3240,3240,3226.0,51422190,2025-08-31,,135.87,Paid
3241,3241,3227.0,69893948,2025-06-30,,2664.46,Paid
3242,3242,3228.0,58820915,2023-05-02,,287.73,Paid
3243,3243,,51422190,2025-04-17,180.41,171.5,Paid
3244,3244,3230.0,41734324,2024-05-15,83.55,0.0,Denied
3245,3245,3231.0,69893948,2024-12-01,7639.88,5389.5,Partially Paid
3246,3246,3232.0,25875482,2023-01-28,696.28,659.13,Paid
3247,3247,3233.0,76629196,2024-09-22,488.69,457.5,Paid
3248,3248,3234.0,41734324,2025-10-24,89.48,87.99,Paid
3249,3249,3235.0,37909130,2025-10-25,125.26,,Denied
3250,3250,3236.0,41734324,2025-08-21,72.81,33.31,Partially Paid
3251,3251,3237.0,60618268,2025-08-03,,359.65,Paid
3252,3252,3238.0,25875482,2023-02-02,605.28,567.08,Paid
3253,3253,3239.0,60618268,2023-05-19,152.59,,Paid
3254,3254,3240.0,69893948,2025-10-13,3497.94,3154.21,Paid
3255,3255,3241.0,70604284,2025-05-14,181.05,167.53,Paid
3256,3256,3242.0,35277331,2025-03-06,181.63,169.05,Paid
3257,3257,3243.0,37909130,2024-06-02,,195.03,Paid
3258,3258,3244.0,84940684,2023-01-06,11579.22,,Paid
3259,3259,3245.0,66200381,2024-04-07,,5819.65,Paid
3260,3260,3246.0,70604284,2025-04-27,282.57,126.54,Partially Paid
3261,3261,3247.0,37909130,2025-01-20,76.72,69.11,Paid
3262,3262,3248.0,84940684,2024-10-13,,21835.07,Paid
3263,3263,3249.0,58820915,2024-11-02,184.99,177.96,Paid
3264,3264,3250.0,60618268,2023-12-16,486.14,,Paid
3265,3265,3251.0,2888077,2025-02-10,3793.58,3481.68,Paid
3266,3266,3252.0,69893948,2024-09-29,4353.45,0.0,Denied
3267,3267,3253.0,34679155,2023-04-24,397.46,,Denied
3268,3268,3254.0,51422190,2024-06-14,94.5,92.77,Paid
3269,3269,3255.0,58820915,2025-01-27,295.63,273.23,Paid
3270,3270,3256.0,20816724,2023-12-22,97.49,92.34,Paid
3271,3271,,95376350,2025-04-02,887.34,828.1,Paid
3272,3272,3258.0,30048293,2024-10-18,12821.0,12575.44,Paid
3273,3273,3259.0,35643704,2023-07-24,448.98,443.95,Paid
3274,3274,3260.0,44144684,2024-10-16,,,Paid
3275,3275,3261.0,22394905,2023-09-03,6308.07,5793.18,Paid
3276,3276,3262.0,86820499,2024-06-30,2861.7,2663.32,Paid
3277,3277,3263.0,34679155,2023-02-16,196.77,190.76,Paid
3278,3278,3264.0,84734972,2023-07-11,334.7,241.56,Partially Paid
3279,3279,3265.0,74476075,2025-04-08,4377.27,4159.92,Paid
3280,3280,3266.0,37909130,2024-12-29,374.75,361.65,Paid
3281,3281,3267.0,70604284,2023-10-27,72.86,,Paid
3282,3282,3268.0,83560890,2024-04-16,,547.19,Partially Paid
3283,3283,3269.0,69893948,2025-07-22,,533.58,Paid
3284,3284,3270.0,62378778,2024-11-26,511.76,473.59,Paid
3285,3285,3271.0,62378778,2024-12-17,116.28,115.13,Paid
3286,3286,3272.0,37909130,2023-10-29,369.73,0.0,Denied
3287,3287,3273.0,69893948,2023-02-28,1553.32,0.0,Denied
3288,3288,3274.0,37909130,2024-09-07,,358.61,Paid
3289,3289,,37909130,2023-03-27,301.31,297.41,Paid
3290,3290,3276.0,91900027,2024-02-23,76.46,25.27,Partially Paid
3291,3291,3277.0,58820915,2025-10-04,274.8,112.66,Partially Paid
3292,3292,3278.0,35643704,2024-05-01,55.55,55.32,Paid
3293,3293,3279.0,91900027,2023-02-17,713.54,0.0,Denied
3294,3294,3280.0,66200381,2025-09-14,,6514.69,Paid
3295,3295,3281.0,62378778,2025-11-08,62.51,61.01,Paid
3296,3296,3282.0,51422190,2024-05-18,246.04,0.0,Denied
3297,3297,3283.0,3898775,2024-06-15,3784.89,,Paid
3298,3298,3284.0,37909130,2024-05-05,255.98,197.14,Partially Paid
3299,3299,3285.0,35277331,2024-11-09,305.05,296.82,Paid
3300,3300,3286.0,35867643,2025-11-24,3351.29,3266.91,Paid
3301,3301,,70604284,2023-12-08,325.67,314.68,Paid
3302,3302,3288.0,41734324,2023-01-04,116.42,107.32,Paid
3303,3303,3289.0,3898775,2025-11-19,2874.21,2672.45,Paid
3304,3304,,37909130,2025-10-25,56.47,0.0,Denied
3305,3305,3291.0,8409724,2024-07-04,600.55,590.4,Paid
3306,3306,3292.0,69893948,2024-02-15,833.06,824.5,Paid
3307,3307,3293.0,70604284,2025-09-27,255.9,,Paid
3308,3308,3294.0,20816724,2025-03-01,562.93,0.0,Denied
3309,3309,3295.0,25875482,2023-08-30,642.43,605.45,Paid
3310,3310,3296.0,35867643,2024-10-13,761.14,733.84,Paid
3311,3311,3297.0,25875482,2025-05-24,,226.22,Paid
3312,3312,3298.0,69599038,2024-01-12,,661.42,Paid
3313,3313,3299.0,60618268,2025-08-31,333.06,330.46,Paid
3314,3314,3300.0,20816724,2024-03-16,278.98,255.75,Paid
3315,3315,,69893948,2024-06-04,3599.97,3583.74,Paid
3316,3316,,62378778,2024-09-06,465.16,458.38,Paid
3317,3317,3302.0,37909130,2025-03-28,190.09,173.06,Paid
3318,3318,3303.0,63154872,2024-12-07,2111.38,1983.21,Paid
3319,3319,3304.0,91900027,2023-10-10,,393.68,Paid
3320,3320,3305.0,58738053,2023-05-09,8747.99,8494.82,Paid
3321,3321,3306.0,37909130,2025-10-23,177.55,177.21,Paid
3322,3322,,8409724,2024-05-18,695.67,,Paid
3323,3323,3308.0,12334949,2025-03-02,11383.76,11318.18,Paid
3324,3324,3309.0,8409724,2024-08-13,611.29,584.47,Paid
3325,3325,3310.0,5243984,2023-07-24,26250.25,24893.83,Paid
3326,3326,3311.0,84734972,2024-09-04,948.62,,Paid
3327,3327,3312.0,60618268,2023-12-31,,249.24,Paid
3328,3328,3313.0,60618268,2025-06-30,228.5,212.94,Paid
3329,3329,3314.0,52736082,2024-06-23,536.48,517.09,Paid
3330,3330,3315.0,58820915,2025-08-22,335.48,330.78,Paid
3331,3331,3316.0,76629196,2024-06-28,625.76,86.13,Partially Paid
3332,3332,,58820915,2023-08-19,185.97,176.0,Paid
3333,3333,3318.0,35277331,2023-09-10,382.41,361.85,Paid
3334,3334,3319.0,34679155,2024-05-07,282.12,158.41,Partially Paid
3335,3335,3320.0,69893948,2025-08-17,7703.01,7128.8,Paid
3336,3336,,62378778,2024-09-24,121.42,119.91,Paid
3337,3337,3322.0,63154872,2023-11-07,2054.74,1924.62,Paid
3338,3338,3323.0,58820915,2024-12-05,253.27,249.04,Paid
3339,3339,3324.0,91900027,2025-04-04,83.23,61.34,Partially Paid
3340,3340,3325.0,58820915,2025-04-20,100.47,97.82,Paid
3341,3341,3326.0,37909130,2023-07-28,138.07,110.17,Partially Paid
3342,3342,3327.0,30048293,2025-09-28,30212.75,,Partially Paid
3343,3343,3328.0,84940684,2024-11-27,39814.29,,Paid
3344,3344,3329.0,30048293,2023-09-09,21151.78,20780.87,Paid
3345,3345,3330.0,37909130,2023-03-05,280.67,255.55,Paid
3346,3346,3331.0,78623435,2023-03-10,221.11,212.21,Paid
3347,3347,3332.0,34679155,2023-08-13,312.24,306.32,Paid
3348,3348,,25875482,2025-05-18,383.88,359.04,Paid
3349,3349,3334.0,52736082,2025-01-23,709.39,420.14,Partially Paid
3350,3350,3335.0,60618268,2023-09-30,276.31,,Paid
3351,3351,3336.0,12334949,2024-02-02,,24281.77,Paid
3352,3352,3337.0,44144684,2024-09-26,39145.32,36816.91,Paid
3353,3353,3338.0,37909130,2025-04-27,204.57,,Partially Paid
3354,3354,3339.0,63154872,2023-04-16,7330.55,6764.87,Paid
3355,3355,3340.0,63154872,2023-11-11,3240.69,2973.04,Paid
3356,3356,3341.0,30048293,2024-04-30,,34905.07,Paid
3357,3357,3342.0,70604284,2025-11-03,697.99,658.15,Paid
3358,3358,3343.0,12334949,2024-02-06,,30465.8,Paid
3359,3359,3344.0,95376350,2023-06-19,7401.53,7245.89,Paid
3360,3360,3345.0,51422190,2025-03-18,391.86,,Paid
3361,3361,3346.0,84734972,2024-03-15,1610.74,1500.73,Paid
3362,3362,3347.0,35867643,2024-12-02,865.56,817.97,Paid
3363,3363,3348.0,35277331,2023-07-25,291.51,,Paid
3364,3364,3349.0,60618268,2024-07-26,433.74,,Denied
3365,3365,3350.0,58820915,2023-06-02,145.3,133.65,Paid
3366,3366,3351.0,25875482,2023-08-16,188.44,173.5,Paid
3367,3367,,86937698,2025-03-19,7377.05,6995.59,Paid
3368,3368,,5243984,2025-06-10,8794.26,8596.81,Paid
3369,3369,3354.0,34679155,2025-09-16,197.37,194.18,Paid
3370,3370,3355.0,58820915,2023-03-27,155.33,,Paid
3371,3371,3356.0,69599038,2024-03-31,548.79,312.76,Partially Paid
3372,3372,3357.0,58820915,2024-06-09,315.08,287.01,Paid
3373,3373,3358.0,86820499,2023-02-11,3217.85,2114.96,Partially Paid
3374,3374,3359.0,12334949,2023-02-01,13031.38,12789.45,Paid
3375,3375,3360.0,3898775,2023-09-10,4508.03,4225.72,Paid
3376,3376,3361.0,95376350,2025-03-12,3823.47,3547.14,Paid
3377,3377,3362.0,21477593,2024-05-24,326.06,297.97,Paid
3378,3378,3363.0,3898775,2023-10-15,,1517.69,Paid
3379,3379,3364.0,5243984,2024-07-19,23003.97,22642.91,Paid
3380,3380,3365.0,47758957,2024-04-17,382.88,89.78,Partially Paid
3381,3381,,34679155,2024-10-30,347.95,,Paid
3382,3382,3367.0,32867785,2023-09-08,402.79,365.79,Paid
3383,3383,3368.0,62378778,2024-05-15,,179.91,Paid
3384,3384,3369.0,51422190,2024-11-25,332.81,139.0,Partially Paid
3385,3385,3370.0,8409724,2023-02-24,194.18,184.48,Paid
3386,3386,3371.0,60618268,2024-06-03,456.84,411.38,Paid
3387,3387,3372.0,95376350,2024-10-18,1828.9,1748.18,Paid
3388,3388,3373.0,41734324,2025-07-25,75.07,74.0,Paid
3389,3389,3374.0,69893948,2025-07-20,,5055.45,Paid
3390,3390,,21477593,2023-04-02,129.27,123.84,Paid
3391,3391,3376.0,33391524,2024-11-13,7316.79,0.0,Denied
3392,3392,3377.0,69893948,2024-09-10,4434.19,3109.03,Partially Paid
3393,3393,3378.0,60618268,2023-08-28,279.87,0.0,Denied
3394,3394,3379.0,86937698,2023-11-29,3972.46,3884.85,Paid
3395,3395,3380.0,3898775,2025-09-04,3425.74,,Paid
3396,3396,3381.0,32867785,2024-09-20,7072.68,6841.84,Paid
3397,3397,3382.0,60618268,2025-07-22,92.82,88.89,Paid
3398,3398,3383.0,69893948,2024-02-21,4723.77,4373.18,Paid
3399,3399,,37909130,2023-01-24,,,Paid
3400,3400,,37909130,2023-05-19,126.47,,Paid
3401,3401,3386.0,44144684,2025-06-21,36162.97,,Paid
3402,3402,3387.0,37909130,2025-04-12,100.51,95.17,Paid
3403,3403,3388.0,5243984,2023-05-23,28452.8,28300.16,Paid
3404,3404,3389.0,86820499,2025-05-09,1544.65,1395.2,Paid
3405,3405,3390.0,58738053,2024-05-10,6816.0,,Paid
3406,3406,,86820499,2023-02-26,6709.24,0.0,Denied
3407,3407,3392.0,91900027,2023-01-05,349.12,318.76,Paid
3408,3408,,60618268,2023-10-15,307.42,,Paid
3409,3409,3394.0,662337,2025-02-22,6919.59,6595.1,Paid
3410,3410,3395.0,70604284,2024-05-17,129.98,0.0,Denied
3411,3411,3396.0,35277331,2023-10-21,235.29,217.59,Paid
3412,3412,3397.0,25875482,2025-01-17,299.77,286.49,Paid
3413,3413,3398.0,69893948,2025-03-23,413.82,381.9,Paid
3414,3414,3399.0,662337,2025-09-11,466.62,249.64,Partially Paid
3415,3415,3400.0,63154872,2023-09-27,4411.58,4201.8,Paid
3416,3416,3401.0,44144684,2024-02-20,,31384.03,Paid
3417,3417,3402.0,22394905,2023-12-22,4694.96,4655.39,Paid
3418,3418,3403.0,30048293,2024-04-25,11814.43,11290.71,Paid
3419,3419,3404.0,6138419,2023-03-26,1594.62,1489.13,Paid
3420,3420,,58738053,2023-01-08,7879.42,2778.26,Partially Paid
3421,3421,3406.0,34679155,2025-10-17,266.83,258.72,Paid
3422,3422,3407.0,3898775,2023-09-27,7020.68,6837.95,Paid
3423,3423,3408.0,66200381,2025-07-05,2172.33,1966.13,Paid
3424,3424,3409.0,91900027,2024-08-21,601.21,0.0,Denied
3425,3425,3410.0,83560890,2025-11-05,5723.61,5287.42,Paid
3426,3426,3411.0,66200381,2025-05-22,,538.91,Paid
3427,3427,3412.0,91900027,2025-04-01,414.07,400.14,Paid
3428,3428,3413.0,8409724,2023-01-15,121.74,110.87,Paid
3429,3429,3414.0,58820915,2023-09-28,,30.22,Paid
3430,3430,3415.0,3898775,2024-12-23,1185.36,1084.53,Paid
3431,3431,3416.0,30048293,2024-02-09,,,Paid
3432,3432,3417.0,52736082,2024-10-22,657.92,647.55,Paid
3433,3433,3418.0,95044104,2025-08-13,300.69,0.0,Denied
3434,3434,3419.0,84734972,2024-01-11,2532.41,1718.77,Partially Paid
3435,3435,3420.0,74476075,2023-06-13,4233.63,4103.7,Paid
3436,3436,3421.0,47758957,2025-07-09,133.1,53.77,Partially Paid
3437,3437,3422.0,37909130,2024-08-31,116.94,112.61,Paid
3438,3438,3423.0,35867643,2025-10-11,1485.37,0.0,Denied
3439,3439,3424.0,3898775,2024-09-21,1937.84,1875.12,Paid
3440,3440,3425.0,66200381,2023-04-07,6150.61,6106.38,Paid
3441,3441,3426.0,41734324,2025-05-07,144.54,140.51,Paid
3442,3442,3427.0,69893948,2025-09-16,1978.83,1837.93,Paid
3443,3443,3428.0,69599038,2023-09-15,3054.55,3030.98,Paid
3444,3444,3429.0,37909130,2023-06-23,,296.12,Paid
3445,3445,3430.0,58738053,2025-08-13,13460.44,0.0,Denied
3446,3446,3431.0,66200381,2025-03-22,2623.77,2490.31,Paid
3447,3447,3432.0,8409724,2023-01-24,525.6,479.66,Paid
3448,3448,3433.0,66200381,2024-07-12,3697.33,3385.98,Paid
3449,3449,3434.0,52736082,2025-05-04,563.29,246.11,Partially Paid
3450,3450,3435.0,58820915,2024-05-25,434.26,398.16,Paid
3451,3451,3436.0,51422190,2025-08-10,305.01,284.4,Paid
3452,3452,3437.0,22394905,2023-02-02,4682.26,,Paid
3453,3453,3438.0,41734324,2024-09-30,52.15,49.48,Paid
3454,3454,3439.0,41734324,2024-08-04,34.65,32.57,Paid
3455,3455,3440.0,3898775,2025-06-05,3654.42,3604.38,Paid
3456,3456,3441.0,69599038,2025-03-30,4782.36,4712.38,Paid
3457,3457,3442.0,60618268,2025-11-17,245.03,,Paid
3458,3458,3443.0,20816724,2023-07-21,718.95,714.22,Paid
3459,3459,3444.0,62378778,2023-04-14,,,Paid
3460,3460,3445.0,22394905,2023-02-14,,4725.6,Paid
3461,3461,3446.0,25875482,2023-04-02,293.15,265.25,Paid
3462,3462,3447.0,262606,2025-09-25,5727.87,5359.28,Paid
3463,3463,3448.0,25875482,2023-04-18,255.04,,Paid
3464,3464,3449.0,25875482,2023-06-11,495.3,486.04,Paid
3465,3465,3450.0,25875482,2025-09-22,628.02,,Paid
3466,3466,3451.0,51422190,2023-02-13,172.25,167.59,Paid
3467,3467,3452.0,2888077,2025-08-21,1058.59,1043.59,Paid
3468,3468,3453.0,63154872,2025-06-04,6420.83,6109.38,Paid
3469,3469,3454.0,58738053,2025-05-31,9211.36,9068.93,Paid
3470,3470,3455.0,25875482,2025-06-04,228.08,225.21,Paid
3471,3471,3456.0,47758957,2023-03-27,158.8,152.56,Paid
3472,3472,3457.0,84734972,2025-07-01,3792.52,3485.27,Paid
3473,3473,3458.0,3898775,2023-03-28,6012.27,5476.76,Paid
3474,3474,3459.0,37909130,2023-07-16,347.35,333.45,Paid
3475,3475,3460.0,35867643,2023-07-21,,4079.94,Paid
3476,3476,3461.0,84734972,2023-08-22,3379.53,3280.75,Paid
3477,3477,3462.0,74476075,2025-05-11,7461.52,6976.91,Paid
3478,3478,3463.0,78623435,2023-11-25,183.07,165.39,Paid
3479,3479,3464.0,91900027,2023-01-04,593.0,0.0,Denied
3480,3480,3465.0,6138419,2025-07-05,1403.83,1293.04,Paid
3481,3481,3466.0,70604284,2023-02-28,769.57,751.77,Paid
3482,3482,3467.0,95044104,2025-01-30,127.43,127.14,Paid
3483,3483,3468.0,3898775,2025-03-04,3950.29,3928.1,Paid
3484,3484,3469.0,8409724,2025-02-02,101.28,98.88,Paid
3485,3485,3470.0,69893948,2023-04-04,2938.54,2752.07,Paid
3486,3486,3471.0,74476075,2025-10-28,580.75,548.16,Paid
3487,3487,,69599038,2024-12-09,3542.47,3264.01,Paid
3488,3488,3473.0,32867785,2023-02-07,5480.65,5203.95,Paid
3489,3489,3474.0,33391524,2023-08-09,3095.18,2994.06,Paid
3490,3490,3475.0,95376350,2023-10-11,7640.7,0.0,Denied
3491,3491,3476.0,12334949,2024-12-01,15352.56,0.0,Denied
3492,3492,3477.0,262606,2024-03-03,4630.62,,Paid
3493,3493,3478.0,47758957,2025-02-12,66.75,61.42,Paid
3494,3494,3479.0,30048293,2023-02-26,6046.8,5577.21,Paid
3495,3495,3480.0,74476075,2023-02-06,4035.41,0.0,Denied
3496,3496,3481.0,63154872,2025-04-25,,2584.89,Paid
3497,3497,3482.0,12334949,2025-01-05,8492.16,,Paid
3498,3498,3483.0,66200381,2025-04-07,,586.77,Paid
3499,3499,3484.0,78623435,2025-02-01,183.78,181.08,Paid
3500,3500,3485.0,262606,2023-03-31,6643.31,6322.16,Paid
3501,3501,3486.0,66200381,2024-11-20,741.71,670.76,Paid
3502,3502,,37909130,2025-09-26,234.52,217.53,Paid
3503,3503,3488.0,78623435,2025-05-02,,74.2,Paid
3504,3504,3489.0,60618268,2024-09-12,165.41,151.52,Paid
3505,3505,3490.0,51422190,2025-03-15,116.99,115.45,Paid
3506,3506,,69599038,2024-04-08,7555.57,5364.77,Partially Paid
3507,3507,3492.0,95376350,2023-09-07,7376.68,3857.99,Partially Paid
3508,3508,3493.0,52736082,2023-06-24,68.38,66.89,Paid
3509,3509,3494.0,52736082,2023-07-28,660.94,350.92,Partially Paid
3510,3510,3495.0,70604284,2023-10-20,716.29,673.97,Paid
3511,3511,3496.0,37909130,2024-06-20,77.47,75.58,Paid
3512,3512,3497.0,58738053,2023-08-01,15921.77,0.0,Denied
3513,3513,3498.0,60618268,2023-11-17,171.13,168.97,Paid
3514,3514,3499.0,22394905,2025-01-09,3429.75,3181.06,Paid
3515,3515,3500.0,60618268,2023-07-24,162.04,68.24,Partially Paid
3516,3516,3501.0,25875482,2024-12-25,622.2,579.56,Paid
3517,3517,3502.0,51422190,2025-08-25,259.88,108.76,Partially Paid
3518,3518,3503.0,84940684,2024-06-27,14039.49,13496.78,Paid
3519,3519,3504.0,60618268,2023-08-07,359.85,358.76,Paid
3520,3520,3505.0,12334949,2024-09-07,7478.29,836.41,Partially Paid
3521,3521,3506.0,20816724,2024-04-23,755.23,721.74,Paid
3522,3522,3507.0,2888077,2023-06-29,5546.47,5006.67,Paid
3523,3523,3508.0,69893948,2023-12-06,,2546.66,Paid
3524,3524,3509.0,32867785,2025-03-30,3818.26,3650.8,Paid
3525,3525,3510.0,76629196,2024-07-10,,,Paid
3526,3526,3511.0,34679155,2025-07-22,329.28,298.72,Paid
3527,3527,,95044104,2025-09-11,284.9,147.25,Partially Paid
3528,3528,3513.0,66200381,2023-07-31,1063.05,435.47,Partially Paid
3529,3529,3514.0,63154872,2023-02-18,1527.73,1418.74,Paid
3530,3530,3515.0,662337,2025-05-16,,3409.26,Paid
3531,3531,3516.0,51422190,2025-02-05,379.04,,Paid
3532,3532,3517.0,32867785,2024-04-24,3009.51,2147.3,Partially Paid
3533,3533,3518.0,69893948,2024-01-04,3200.87,,Paid
3534,3534,3519.0,63154872,2025-09-05,5251.24,4780.61,Paid
3535,3535,3520.0,12334949,2025-05-25,29306.47,27860.39,Paid
3536,3536,3521.0,51422190,2024-12-15,,322.83,Paid
3537,3537,3522.0,41734324,2025-03-05,87.48,81.01,Paid
3538,3538,3523.0,262606,2024-02-16,6370.04,2784.49,Partially Paid
3539,3539,3524.0,2888077,2025-01-18,3037.93,2879.26,Paid
3540,3540,3525.0,47758957,2023-08-31,442.8,,Paid
3541,3541,3526.0,37909130,2024-01-20,377.06,349.27,Paid
3542,3542,3527.0,30048293,2025-07-06,5545.14,0.0,Denied
3543,3543,3528.0,35643704,2024-05-01,140.26,135.99,Paid
3544,3544,3529.0,51422190,2023-11-06,176.74,173.8,Paid
3545,3545,3530.0,51422190,2025-03-08,394.72,381.57,Paid
3546,3546,3531.0,37909130,2024-10-31,198.45,195.4,Paid
3547,3547,3532.0,74476075,2025-11-19,,0.0,Denied
3548,3548,3533.0,52736082,2025-11-14,154.95,147.68,Paid
3549,3549,3534.0,2888077,2023-04-15,6160.46,6092.48,Paid
3550,3550,3535.0,86937698,2023-05-31,678.62,646.67,Paid
3551,3551,3536.0,25875482,2024-05-16,521.1,515.94,Paid
3552,3552,3537.0,8409724,2023-10-11,144.83,144.7,Paid
3553,3553,3538.0,35277331,2023-06-17,234.19,0.0,Denied
3554,3554,3539.0,95044104,2023-03-01,,,Paid
3555,3555,3540.0,91900027,2024-10-10,734.8,666.18,Paid
3556,3556,3541.0,60618268,2023-10-29,,116.21,Paid
3557,3557,3542.0,662337,2023-11-02,7106.99,6682.22,Paid
3558,3558,3543.0,25875482,2024-05-07,395.82,389.71,Paid
3559,3559,3544.0,51422190,2024-10-03,114.75,112.01,Paid
3560,3560,,63154872,2025-05-29,6180.6,5831.4,Paid
3561,3561,3546.0,74476075,2024-09-25,6308.6,5706.97,Paid
3562,3562,3547.0,58820915,2024-10-18,289.73,,Paid
3563,3563,3548.0,70604284,2025-03-06,573.95,544.19,Paid
3564,3564,3549.0,12334949,2023-07-20,29083.34,28297.32,Paid
3565,3565,3550.0,84734972,2025-04-24,1592.9,1496.82,Paid
3566,3566,3551.0,5243984,2024-08-31,7536.11,1677.89,Partially Paid
3567,3567,3552.0,60618268,2025-09-29,244.84,231.51,Paid
3568,3568,3553.0,47758957,2024-10-08,386.55,,Paid
3569,3569,3554.0,69893948,2023-05-31,702.25,701.38,Paid
3570,3570,3555.0,84940684,2023-10-31,38645.53,37304.28,Paid
3571,3571,3556.0,35643704,2024-08-20,370.54,341.19,Paid
3572,3572,,60618268,2023-03-07,376.7,344.54,Paid
3573,3573,3558.0,47758957,2023-10-13,,263.0,Paid
3574,3574,3559.0,21477593,2024-02-20,59.95,55.33,Paid
3575,3575,3560.0,3898775,2024-12-15,1364.9,1246.66,Paid
3576,3576,3561.0,47758957,2024-08-27,86.11,84.64,Paid
3577,3577,,66200381,2025-05-30,6143.85,,Paid
3578,3578,3563.0,25875482,2024-12-24,299.01,269.69,Paid
3579,3579,3564.0,8409724,2024-09-13,566.48,550.05,Paid
3580,3580,3565.0,95376350,2023-01-27,,1735.79,Paid
3581,3581,3566.0,69599038,2024-04-17,222.0,126.27,Partially Paid
3582,3582,3567.0,3898775,2025-07-24,2780.97,2534.78,Paid
3583,3583,3568.0,70604284,2023-03-03,698.35,657.53,Paid
3584,3584,3569.0,44144684,2025-02-28,34265.19,33155.21,Paid
3585,3585,3570.0,5243984,2025-02-04,14745.69,14661.44,Paid
3586,3586,3571.0,35867643,2025-08-08,233.42,216.79,Paid
3587,3587,3572.0,95044104,2025-09-30,355.41,353.47,Paid
3588,3588,3573.0,62378778,2023-07-16,139.26,136.73,Paid
3589,3589,3574.0,51422190,2023-07-22,305.78,278.94,Paid
3590,3590,3575.0,41734324,2023-11-30,28.64,13.94,Partially Paid
3591,3591,3576.0,66200381,2025-07-22,,,Paid
3592,3592,3577.0,91900027,2025-10-14,796.29,743.72,Paid
3593,3593,3578.0,83560890,2023-06-28,871.71,,Paid
3594,3594,3579.0,3898775,2025-08-06,3673.51,3503.91,Paid
3595,3595,,44144684,2024-07-19,23603.35,21804.68,Paid
3596,3596,3581.0,41734324,2025-11-05,10.98,10.4,Paid
3597,3597,,30048293,2023-09-26,11233.18,0.0,Denied
3598,3598,3583.0,62378778,2025-01-16,497.19,463.68,Paid
3599,3599,3584.0,74476075,2025-10-12,4876.76,0.0,Denied
3600,3600,3585.0,86820499,2024-04-02,,319.98,Paid
3601,3601,3586.0,58820915,2024-10-27,,352.78,Paid
3602,3602,,91900027,2025-08-09,733.67,715.81,Paid
3603,3603,3588.0,34679155,2023-08-27,321.81,312.46,Paid
3604,3604,3589.0,33391524,2024-07-11,3776.35,3425.28,Paid
3605,3605,3590.0,35277331,2024-07-29,186.65,170.17,Paid
3606,3606,3591.0,86820499,2023-09-17,3839.03,3811.78,Paid
3607,3607,3592.0,95044104,2024-03-08,440.65,420.42,Paid
3608,3608,3593.0,35867643,2025-11-14,3293.2,3143.72,Paid
3609,3609,3594.0,35277331,2025-03-21,293.84,291.18,Paid
3610,3610,3595.0,12334949,2024-08-05,26541.68,,Denied
3611,3611,3596.0,69893948,2024-09-26,2361.41,307.57,Partially Paid
3612,3612,3597.0,69893948,2023-10-05,3207.69,2997.06,Paid
3613,3613,,86820499,2023-08-12,5577.08,5465.72,Paid
3614,3614,3599.0,51422190,2024-03-04,372.32,370.64,Paid
3615,3615,3600.0,262606,2025-05-28,3038.22,1261.8,Partially Paid
3616,3616,3601.0,21477593,2023-05-28,201.64,201.56,Paid
3617,3617,3602.0,41734324,2024-03-07,17.95,17.36,Paid
3618,3618,3603.0,3898775,2024-10-09,5329.19,4797.66,Paid
3619,3619,3604.0,3898775,2024-02-09,5780.87,5366.1,Paid
3620,3620,3605.0,34679155,2024-11-27,95.46,92.43,Paid
3621,3621,3606.0,47758957,2025-03-15,171.23,,Paid
3622,3622,3607.0,41734324,2023-11-16,46.75,42.96,Paid
3623,3623,3608.0,34679155,2024-08-21,198.36,196.1,Paid
3624,3624,,662337,2025-07-13,7896.22,,Paid
3625,3625,3610.0,41734324,2023-05-31,37.24,,Denied
3626,3626,3611.0,25875482,2024-07-15,649.49,115.49,Partially Paid
3627,3627,3612.0,5243984,2023-07-10,38479.32,37236.44,Paid
3628,3628,3613.0,20816724,2025-04-09,127.53,125.86,Paid
3629,3629,,662337,2025-03-01,,2432.58,Paid
3630,3630,3615.0,74476075,2025-01-27,2725.97,,Denied
3631,3631,3616.0,34679155,2024-11-12,200.05,189.79,Paid
3632,3632,3617.0,35867643,2025-09-26,3397.55,0.0,Denied
3633,3633,3618.0,34679155,2023-03-01,231.84,227.78,Paid
3634,3634,3619.0,2888077,2025-05-18,7140.38,6557.54,Paid
3635,3635,3620.0,69599038,2024-11-21,5476.97,5180.07,Paid
3636,3636,3621.0,262606,2023-02-18,7357.96,6872.89,Paid
3637,3637,3622.0,62378778,2024-03-03,239.64,,Paid
3638,3638,3623.0,58820915,2024-01-09,369.5,339.7,Paid
3639,3639,3624.0,62378778,2023-05-29,605.47,600.62,Paid
3640,3640,3625.0,21477593,2023-02-20,250.58,248.57,Paid
3641,3641,3626.0,37909130,2023-10-25,228.82,216.11,Paid
3642,3642,3627.0,35867643,2024-08-08,,4906.07,Paid
3643,3643,3628.0,58820915,2023-05-08,212.11,205.6,Paid
3644,3644,,662337,2025-05-13,7813.11,,Paid
3645,3645,3630.0,51422190,2024-10-25,,43.52,Partially Paid
3646,3646,3631.0,62378778,2025-05-23,714.59,0.0,Denied
3647,3647,3632.0,8409724,2023-12-29,,306.88,Paid
3648,3648,,60618268,2024-06-18,,25.96,Paid
3649,3649,,63154872,2023-04-19,7953.26,7877.61,Paid
3650,3650,3635.0,35277331,2023-11-14,189.61,182.0,Paid
3651,3651,3636.0,83560890,2025-02-12,1691.51,1522.58,Paid
3652,3652,3637.0,69599038,2025-05-18,459.55,446.56,Paid
3653,3653,3638.0,69599038,2025-02-13,2583.79,,Paid
3654,3654,3639.0,69893948,2024-01-26,7201.02,,Partially Paid
3655,3655,3640.0,51422190,2025-02-03,285.29,280.68,Paid
3656,3656,,6138419,2024-06-19,4538.08,4085.53,Paid
3657,3657,3642.0,262606,2025-09-22,7003.34,6422.45,Paid
3658,3658,3643.0,58820915,2025-08-23,416.96,384.69,Paid
3659,3659,3644.0,8409724,2025-02-15,,386.33,Paid
3660,3660,3645.0,84734972,2023-07-07,472.9,353.54,Partially Paid
3661,3661,3646.0,12334949,2025-10-13,24434.36,23766.11,Paid
3662,3662,3647.0,37909130,2025-08-27,107.22,103.22,Paid
3663,3663,3648.0,95376350,2025-08-21,,2922.11,Paid
3664,3664,3649.0,41734324,2024-04-16,131.54,126.21,Paid
3665,3665,3650.0,35867643,2024-12-10,1380.51,,Paid
3666,3666,3651.0,60618268,2023-06-20,214.14,209.4,Paid
3667,3667,,78623435,2023-07-10,365.16,0.0,Denied
3668,3668,3653.0,58738053,2024-04-15,35393.94,23266.38,Partially Paid
3669,3669,3654.0,84734972,2025-07-05,3158.7,3056.38,Paid
3670,3670,3655.0,58820915,2024-10-17,184.88,181.34,Paid
3671,3671,,25875482,2024-09-02,511.53,486.42,Paid
3672,3672,3657.0,25875482,2023-04-30,208.58,70.12,Partially Paid
3673,3673,3658.0,25875482,2025-06-28,241.62,,Paid
3674,3674,3659.0,25875482,2024-10-11,159.02,152.52,Paid
3675,3675,3660.0,52736082,2025-01-31,650.51,,Partially Paid
3676,3676,3661.0,12334949,2024-10-20,25875.9,3970.97,Partially Paid
3677,3677,3662.0,25875482,2024-03-05,89.24,86.77,Paid
3678,3678,3663.0,662337,2023-01-18,7045.16,6450.69,Paid
3679,3679,3664.0,95044104,2023-10-02,56.49,17.37,Partially Paid
3680,3680,3665.0,3898775,2023-07-28,5802.44,5259.47,Paid
3681,3681,3666.0,91900027,2024-07-27,385.14,357.98,Paid
3682,3682,,22394905,2024-05-31,5521.1,,Denied
3683,3683,3668.0,662337,2024-01-11,4092.48,4014.18,Paid
3684,3684,3669.0,70604284,2025-05-17,384.51,0.0,Denied
3685,3685,,44144684,2025-07-20,25638.81,,Paid
3686,3686,3671.0,30048293,2024-06-12,35921.72,35801.3,Paid
3687,3687,3672.0,83560890,2023-10-06,4387.85,4252.67,Paid
3688,3688,3673.0,25875482,2024-11-03,,748.41,Paid
3689,3689,3674.0,86937698,2024-03-03,2159.11,995.68,Partially Paid
3690,3690,3675.0,62378778,2024-08-09,640.72,592.18,Paid
3691,3691,3676.0,33391524,2025-01-07,3394.8,662.91,Partially Paid
3692,3692,,3898775,2025-08-11,420.14,403.89,Paid
3693,3693,3678.0,37909130,2025-02-14,62.29,58.86,Paid
3694,3694,3679.0,58820915,2023-12-27,408.04,245.16,Partially Paid
3695,3695,3680.0,86937698,2024-08-05,2526.36,875.39,Partially Paid
3696,3696,3681.0,20816724,2023-09-24,519.16,503.51,Paid
3697,3697,,35277331,2023-04-08,367.16,342.15,Paid
3698,3698,3683.0,74476075,2025-11-17,3330.45,3141.62,Paid
3699,3699,3684.0,60618268,2023-12-27,182.52,167.4,Paid
3700,3700,,70604284,2024-07-12,342.58,179.51,Partially Paid
3701,3701,3686.0,32867785,2024-08-09,3702.26,3389.09,Paid
3702,3702,3687.0,95376350,2025-07-31,911.13,898.82,Paid
3703,3703,3688.0,662337,2025-06-04,7568.23,7553.22,Paid
3704,3704,3689.0,86820499,2025-03-08,,0.0,Denied
3705,3705,,60618268,2025-02-14,491.15,449.38,Paid
3706,3706,3690.0,2888077,2025-06-15,7765.6,,Denied
3707,3707,3691.0,62378778,2024-03-30,249.47,244.81,Paid
3708,3708,3692.0,37909130,2023-12-22,117.51,115.85,Paid
3709,3709,3693.0,12334949,2023-04-25,13914.13,,Paid
3710,3710,3694.0,37909130,2024-03-27,310.91,283.75,Paid
3711,3711,3695.0,41734324,2024-10-01,109.29,,Partially Paid
3712,3712,3696.0,22394905,2024-04-01,7852.61,5690.48,Partially Paid
3713,3713,3697.0,60618268,2025-05-01,248.8,245.16,Paid
3714,3714,,69893948,2025-03-29,6981.67,6651.89,Paid
3715,3715,3699.0,25875482,2025-11-20,553.4,344.38,Partially Paid
3716,3716,,60618268,2024-01-01,319.33,309.42,Paid
3717,3717,3701.0,91900027,2025-08-10,738.51,665.44,Paid
3718,3718,3702.0,35867643,2024-06-20,7532.13,7225.44,Paid
3719,3719,3703.0,35277331,2025-09-26,194.4,186.52,Paid
3720,3720,3704.0,51422190,2024-04-06,350.81,333.68,Paid
3721,3721,3705.0,52736082,2023-07-06,700.36,668.44,Paid
3722,3722,3706.0,37909130,2024-10-18,,361.82,Paid
3723,3723,,662337,2025-01-19,6585.15,6111.15,Paid
3724,3724,3708.0,37909130,2025-07-10,221.85,,Paid
3725,3725,,30048293,2025-01-23,21193.8,12026.42,Partially Paid
3726,3726,3710.0,35643704,2024-12-03,313.57,293.75,Paid
3727,3727,3711.0,3898775,2023-10-02,4592.53,4336.78,Paid
3728,3728,3712.0,37909130,2023-06-02,245.7,244.28,Paid
3729,3729,3713.0,63154872,2023-10-21,,6154.22,Paid
3730,3730,3714.0,262606,2023-07-17,7014.6,6811.01,Paid
3731,3731,,60618268,2024-08-27,361.06,327.12,Paid
3732,3732,3716.0,58738053,2025-08-27,,26753.37,Paid
3733,3733,,8409724,2023-10-17,275.14,270.26,Paid
3734,3734,3718.0,58820915,2023-12-12,374.16,373.83,Paid
3735,3735,3719.0,86820499,2025-06-12,2021.7,1980.11,Paid
3736,3736,3720.0,95376350,2023-03-21,3021.24,650.58,Partially Paid
3737,3737,3721.0,60618268,2023-02-25,155.51,81.71,Partially Paid
3738,3738,3722.0,95044104,2023-11-12,293.69,266.86,Paid
3739,3739,3723.0,83560890,2024-09-11,4497.88,4152.99,Paid
3740,3740,3724.0,35867643,2025-06-04,5596.86,2234.62,Partially Paid
3741,3741,3725.0,70604284,2023-09-21,136.98,,Paid
3742,3742,,6138419,2025-10-26,851.95,,Paid
3743,3743,3727.0,84940684,2023-04-14,24462.03,23756.07,Paid
3744,3744,3728.0,35867643,2023-11-20,1668.4,292.61,Partially Paid
3745,3745,3729.0,69599038,2024-01-29,2703.28,0.0,Denied
3746,3746,3730.0,262606,2025-06-01,7071.81,6710.48,Paid
3747,3747,3731.0,60618268,2025-09-18,60.84,15.35,Partially Paid
3748,3748,3732.0,78623435,2024-08-18,62.52,7.57,Partially Paid
3749,3749,3733.0,6138419,2024-05-24,2324.96,1196.67,Partially Paid
3750,3750,3734.0,95044104,2025-08-30,627.46,616.57,Paid
3751,3751,3735.0,2888077,2025-01-03,5718.39,5233.48,Paid
3752,3752,3736.0,47758957,2023-08-29,209.3,,Partially Paid
3753,3753,3737.0,662337,2024-10-08,6210.24,5862.15,Paid
3754,3754,3738.0,21477593,2025-02-15,432.66,407.76,Paid
3755,3755,3739.0,84940684,2024-07-29,19090.78,18780.17,Paid
3756,3756,,35867643,2024-05-22,1901.96,1717.33,Paid
3757,3757,3741.0,66200381,2023-02-24,4723.98,689.66,Partially Paid
3758,3758,3742.0,35277331,2024-03-18,,101.8,Partially Paid
3759,3759,3743.0,51422190,2024-08-23,149.86,145.27,Paid
3760,3760,3744.0,58738053,2025-08-16,16726.88,16460.47,Paid
3761,3761,3745.0,60618268,2023-10-17,349.23,326.1,Paid
3762,3762,3746.0,35867643,2024-03-09,5037.61,4824.07,Paid
3763,3763,3747.0,60618268,2023-12-05,393.58,373.73,Paid
3764,3764,3748.0,58738053,2024-01-30,10087.95,9096.3,Paid
3765,3765,,35277331,2025-01-15,231.61,229.26,Paid
3766,3766,3750.0,2888077,2023-07-21,3264.58,2966.96,Paid
3767,3767,3751.0,51422190,2024-12-07,361.59,342.82,Paid
3768,3768,3752.0,69599038,2023-01-10,4200.39,4106.41,Paid
3769,3769,,69893948,2023-08-19,5712.52,5542.89,Paid
3770,3770,3754.0,25875482,2023-07-28,280.19,,Partially Paid
3771,3771,3755.0,30048293,2025-03-29,31198.05,29116.66,Paid
3772,3772,3756.0,60618268,2024-06-12,104.22,103.91,Paid
3773,3773,3757.0,63154872,2025-10-20,3726.2,0.0,Denied
3774,3774,3758.0,20816724,2024-10-06,260.61,249.32,Paid
3775,3775,,35277331,2023-01-15,347.93,346.37,Paid
3776,3776,3760.0,5243984,2025-02-09,32995.16,30576.8,Paid
3777,3777,3761.0,58738053,2024-03-01,18670.26,17802.24,Paid
3778,3778,3762.0,37909130,2023-02-13,392.94,363.81,Paid
3779,3779,3763.0,5243984,2023-03-09,24025.85,22612.8,Paid
3780,3780,3764.0,8409724,2024-05-07,,237.14,Paid
3781,3781,,60618268,2025-08-07,36.28,,Paid
3782,3782,3766.0,84734972,2024-11-17,,6902.18,Paid
3783,3783,3767.0,84734972,2025-05-26,4693.41,,Paid
3784,3784,,60618268,2025-06-10,82.61,78.48,Paid
3785,3785,3769.0,25875482,2025-07-04,,194.97,Paid
3786,3786,3770.0,34679155,2024-04-24,159.57,150.14,Paid
3787,3787,3771.0,51422190,2024-07-24,368.31,349.39,Paid
3788,3788,3772.0,37909130,2023-04-19,81.67,,Paid
3789,3789,3773.0,37909130,2024-11-22,206.97,0.0,Denied
3790,3790,3774.0,6138419,2024-09-09,4563.61,4527.56,Paid
3791,3791,3775.0,8409724,2024-10-03,585.22,572.77,Paid
3792,3792,3776.0,58738053,2025-08-24,29952.96,16800.75,Partially Paid
3793,3793,3777.0,58738053,2025-04-29,35984.11,34678.66,Paid
3794,3794,3778.0,95044104,2023-09-24,712.65,,Paid
3795,3795,3779.0,25875482,2024-07-22,104.74,94.29,Paid
3796,3796,3780.0,69599038,2024-09-07,7477.59,7015.34,Paid
3797,3797,3781.0,37909130,2024-05-08,71.12,66.59,Paid
3798,3798,3782.0,60618268,2024-03-11,480.62,273.65,Partially Paid
3799,3799,3783.0,8409724,2025-09-15,777.87,,Paid
3800,3800,3784.0,25875482,2023-09-05,,481.0,Paid
3801,3801,3785.0,262606,2023-03-05,4494.69,4119.83,Paid
3802,3802,3786.0,95044104,2025-04-17,,495.51,Paid
3803,3803,3787.0,69893948,2024-03-16,,6239.83,Paid
3804,3804,3788.0,25875482,2023-10-01,781.32,703.28,Paid
3805,3805,3789.0,60618268,2023-01-20,419.34,412.75,Paid
3806,3806,3790.0,60618268,2023-05-05,273.31,266.02,Paid
3807,3807,3791.0,3898775,2023-12-03,485.36,318.46,Partially Paid
3808,3808,3792.0,69599038,2024-04-25,2329.11,2132.2,Paid
3809,3809,,95044104,2025-04-18,750.4,,Paid
3810,3810,3794.0,41734324,2024-11-27,65.3,,Paid
3811,3811,3795.0,30048293,2025-11-10,10605.59,10603.4,Paid
3812,3812,3796.0,60618268,2023-03-24,,103.23,Paid
3813,3813,3797.0,6138419,2025-03-24,4969.36,0.0,Denied
3814,3814,3798.0,37909130,2024-06-07,,,Denied
3815,3815,,41734324,2023-03-09,149.87,146.5,Paid
3816,3816,3800.0,86937698,2024-04-10,2813.09,2628.22,Paid
3817,3817,3801.0,262606,2025-01-23,1152.94,1101.98,Paid
3818,3818,,2888077,2023-05-07,5816.95,5722.88,Paid
3819,3819,3802.0,25875482,2024-03-03,,180.54,Paid
3820,3820,3803.0,70604284,2025-03-30,169.51,0.0,Denied
3821,3821,3804.0,662337,2025-10-15,5458.52,5322.56,Paid
3822,3822,3805.0,34679155,2025-08-23,338.59,328.92,Paid
3823,3823,3806.0,52736082,2023-10-19,541.24,535.62,Paid
3824,3824,3807.0,262606,2024-01-27,,1955.08,Paid
3825,3825,3808.0,22394905,2023-09-19,3008.37,2872.22,Paid
3826,3826,3809.0,62378778,2025-01-31,614.56,560.09,Paid
3827,3827,3810.0,12334949,2025-03-01,,5367.0,Partially Paid
3828,3828,,84940684,2025-01-22,22131.37,21670.04,Paid
3829,3829,3812.0,84734972,2023-03-03,2721.03,2620.14,Paid
3830,3830,3813.0,70604284,2025-05-27,441.8,,Paid
3831,3831,3814.0,95376350,2023-03-19,1923.4,1906.12,Paid
3832,3832,3815.0,3898775,2024-03-21,5486.21,5141.84,Paid
3833,3833,3816.0,5243984,2025-05-11,38738.32,25008.07,Partially Paid
3834,3834,3817.0,62378778,2025-06-08,707.71,674.02,Paid
3835,3835,,37909130,2025-10-09,196.14,,Paid
3836,3836,,69893948,2023-07-02,7146.5,6809.0,Paid
3837,3837,3820.0,78623435,2023-12-12,103.45,,Paid
3838,3838,3821.0,30048293,2024-02-26,25046.63,0.0,Denied
3839,3839,3822.0,51422190,2024-08-14,52.53,,Paid
3840,3840,3823.0,34679155,2024-02-11,76.07,72.19,Paid
3841,3841,3824.0,662337,2023-02-02,5365.06,5335.5,Paid
3842,3842,3825.0,35277331,2024-12-19,307.54,290.97,Paid
3843,3843,3826.0,62378778,2025-10-31,389.01,,Paid
3844,3844,3827.0,5243984,2023-09-11,6168.48,5890.11,Paid
3845,3845,3828.0,44144684,2025-06-24,12275.54,2553.02,Partially Paid
3846,3846,3829.0,37909130,2024-02-09,282.57,271.66,Paid
3847,3847,3830.0,84734972,2023-02-17,4875.87,4836.11,Paid
3848,3848,,25875482,2023-08-09,60.86,57.76,Paid
3849,3849,3832.0,20816724,2024-09-06,241.21,222.24,Paid
3850,3850,3833.0,95376350,2024-10-28,,0.0,Denied
3851,3851,,37909130,2023-06-29,,238.69,Paid
3852,3852,3835.0,70604284,2025-10-26,227.29,210.14,Paid
3853,3853,,51422190,2025-11-06,,146.11,Paid
3854,3854,3837.0,52736082,2023-04-03,433.63,415.92,Paid
3855,3855,3838.0,60618268,2024-06-27,466.56,460.72,Paid
3856,3856,3839.0,63154872,2023-12-29,7974.62,,Paid
3857,3857,3840.0,60618268,2025-07-14,50.48,45.66,Paid
3858,3858,3841.0,3898775,2025-02-20,3531.9,1805.45,Partially Paid
3859,3859,3842.0,3898775,2024-07-19,3784.54,3626.66,Paid
3860,3860,,34679155,2024-11-23,65.5,63.71,Paid
3861,3861,3844.0,76629196,2025-04-17,582.62,,Paid
3862,3862,3845.0,37909130,2024-10-04,232.4,214.2,Paid
3863,3863,3846.0,83560890,2023-01-03,782.42,,Paid
3864,3864,3847.0,47758957,2024-11-24,396.99,388.65,Paid
3865,3865,3848.0,34679155,2023-05-21,114.53,107.13,Paid
3866,3866,3849.0,74476075,2023-04-23,3201.18,,Partially Paid
3867,3867,3850.0,35867643,2024-01-24,7324.11,7121.98,Paid
3868,3868,3851.0,37909130,2023-07-14,285.15,273.55,Paid
3869,3869,3852.0,86937698,2025-10-05,,720.07,Paid
3870,3870,3853.0,37909130,2023-11-30,312.92,0.0,Denied
3871,3871,3854.0,37909130,2025-05-15,79.31,0.0,Denied
3872,3872,3855.0,78623435,2024-07-26,,229.99,Paid
3873,3873,3856.0,12334949,2025-09-05,35547.37,35294.69,Paid
3874,3874,3857.0,35277331,2023-11-13,300.72,,Paid
3875,3875,,33391524,2025-04-28,6354.15,6176.75,Paid
3876,3876,,12334949,2025-01-28,38011.74,36074.61,Paid
3877,3877,3859.0,6138419,2023-04-09,6685.41,6071.6,Paid
3878,3878,3860.0,95376350,2024-03-29,1726.2,,Paid
3879,3879,3861.0,35643704,2025-05-28,398.25,389.92,Paid
3880,3880,3862.0,12334949,2023-08-04,34603.65,20510.45,Partially Paid
3881,3881,3863.0,95376350,2023-04-10,7741.71,7233.68,Paid
3882,3882,3864.0,41734324,2025-05-14,10.82,10.59,Paid
3883,3883,3865.0,83560890,2024-06-02,1679.63,646.57,Partially Paid
3884,3884,3866.0,58738053,2025-10-20,36746.29,36027.69,Paid
3885,3885,3867.0,58738053,2024-07-28,24811.37,24365.33,Paid
3886,3886,3868.0,35277331,2025-10-24,62.16,36.34,Partially Paid
3887,3887,3869.0,32867785,2024-03-27,5537.2,5489.89,Paid
3888,3888,3870.0,30048293,2023-10-18,26293.6,24466.32,Paid
3889,3889,3871.0,22394905,2025-06-01,1597.3,913.88,Partially Paid
3890,3890,3872.0,3898775,2023-06-25,7049.47,,Partially Paid
3891,3891,3873.0,51422190,2025-10-11,98.64,,Denied
3892,3892,3874.0,74476075,2024-10-17,4743.11,4727.02,Paid
3893,3893,3875.0,51422190,2023-06-23,92.34,84.37,Paid
3894,3894,3876.0,76629196,2024-09-23,497.57,488.01,Paid
3895,3895,3877.0,37909130,2025-09-16,277.66,260.16,Paid
3896,3896,3878.0,60618268,2023-04-02,95.91,64.77,Partially Paid
3897,3897,3879.0,2888077,2024-10-22,1354.08,,Paid
3898,3898,3880.0,62378778,2023-01-02,440.75,419.7,Paid
3899,3899,3881.0,74476075,2024-01-04,1042.4,,Denied
3900,3900,3882.0,25875482,2024-04-11,297.84,273.67,Paid
3901,3901,3883.0,69599038,2023-02-04,2769.22,0.0,Denied
3902,3902,3884.0,37909130,2023-09-17,303.96,,Paid
3903,3903,3885.0,262606,2024-07-08,7348.05,1898.4,Partially Paid
3904,3904,3886.0,60618268,2024-07-29,433.82,,Partially Paid
3905,3905,3887.0,35277331,2025-08-11,356.58,,Paid
3906,3906,3888.0,95376350,2023-07-17,7438.17,7089.25,Paid
3907,3907,3889.0,22394905,2025-11-24,830.32,748.57,Paid
3908,3908,3890.0,6138419,2024-09-28,1468.47,1467.5,Paid
3909,3909,3891.0,76629196,2024-03-20,559.46,530.0,Paid
3910,3910,3892.0,86937698,2025-05-04,1863.01,1770.28,Paid
3911,3911,3893.0,12334949,2023-11-02,16009.85,14706.13,Paid
3912,3912,,86937698,2024-01-18,4517.6,4510.78,Paid
3913,3913,3895.0,84940684,2024-01-18,22877.45,20605.98,Paid
3914,3914,3896.0,12334949,2025-02-14,29800.7,28430.87,Paid
3915,3915,3897.0,60618268,2025-07-03,57.93,52.46,Paid
3916,3916,3898.0,44144684,2025-03-09,24440.59,22247.59,Paid
3917,3917,3899.0,41734324,2025-09-11,127.8,127.04,Paid
3918,3918,3900.0,60618268,2023-09-07,27.31,25.34,Paid
3919,3919,3901.0,86937698,2025-02-21,7464.71,7062.63,Paid
3920,3920,3902.0,41734324,2025-09-07,,23.19,Paid
3921,3921,3903.0,34679155,2025-07-12,,,Paid
3922,3922,,74476075,2024-09-11,1965.04,1886.37,Paid
3923,3923,3904.0,86937698,2025-04-26,5089.81,4847.28,Paid
3924,3924,3905.0,37909130,2023-04-20,381.81,0.0,Denied
3925,3925,,86820499,2025-10-19,4934.63,4656.86,Paid
3926,3926,3907.0,37909130,2023-04-03,383.4,349.57,Paid
3927,3927,3908.0,51422190,2024-06-24,244.86,99.73,Partially Paid
3928,3928,3909.0,35277331,2024-03-23,329.14,306.42,Paid
3929,3929,,69893948,2025-07-29,340.39,320.35,Paid
3930,3930,3911.0,84734972,2025-02-12,7706.37,7594.48,Paid
3931,3931,3912.0,78623435,2023-09-18,92.32,22.97,Partially Paid
3932,3932,,74476075,2024-06-19,6147.95,5693.88,Paid
3933,3933,3914.0,41734324,2024-09-05,111.07,106.47,Paid
3934,3934,3915.0,35643704,2025-04-03,212.43,,Denied
3935,3935,3916.0,69893948,2023-07-13,1617.29,1603.4,Paid
3936,3936,3917.0,86820499,2023-07-07,1077.23,,Paid
3937,3937,3918.0,63154872,2024-01-07,,701.46,Partially Paid
3938,3938,3919.0,35867643,2024-09-20,4561.07,4207.83,Paid
3939,3939,3920.0,51422190,2023-06-20,291.25,279.0,Paid
3940,3940,3921.0,70604284,2024-06-12,,166.42,Paid
3941,3941,3922.0,83560890,2024-02-01,5475.62,5243.56,Paid
3942,3942,3923.0,5243984,2025-10-05,21668.43,19955.76,Paid
3943,3943,3924.0,86937698,2023-07-02,3987.1,0.0,Denied
3944,3944,,47758957,2023-02-18,,471.13,Paid
3945,3945,3926.0,3898775,2024-01-29,1763.78,1707.26,Paid
3946,3946,,63154872,2023-03-09,933.02,896.61,Paid
3947,3947,3928.0,95044104,2024-08-02,187.57,187.04,Paid
3948,3948,3929.0,8409724,2023-01-27,115.27,53.85,Partially Paid
3949,3949,3930.0,25875482,2025-07-31,578.03,568.74,Paid
3950,3950,3931.0,69599038,2023-02-24,3175.08,3039.28,Paid
3951,3951,3932.0,32867785,2023-03-16,4755.46,,Paid
3952,3952,3933.0,69599038,2024-09-17,1945.02,1821.28,Paid
3953,3953,3934.0,8409724,2024-06-30,733.38,694.44,Paid
3954,3954,,95044104,2024-02-05,,71.59,Partially Paid
3955,3955,3935.0,37909130,2023-07-16,341.74,,Paid
3956,3956,,74476075,2025-05-18,4162.22,3975.68,Paid
3957,3957,3937.0,76629196,2023-05-09,76.2,71.19,Paid
3958,3958,,76629196,2025-02-14,789.73,776.3,Paid
3959,3959,3938.0,86937698,2025-04-21,2335.69,317.05,Partially Paid
3960,3960,,84734972,2025-05-18,7103.16,6641.92,Paid
3961,3961,3940.0,37909130,2025-06-29,279.54,,Paid
3962,3962,3941.0,70604284,2024-12-25,681.47,181.97,Partially Paid
3963,3963,3942.0,58820915,2023-09-23,141.53,130.79,Paid
3964,3964,3943.0,41734324,2024-07-12,105.09,101.0,Paid
3965,3965,3944.0,37909130,2024-11-12,357.14,350.17,Paid
3966,3966,3945.0,51422190,2025-09-14,233.74,222.8,Paid
3967,3967,3946.0,41734324,2024-01-22,36.11,,Paid
3968,3968,3947.0,63154872,2024-07-20,6529.09,6020.74,Paid
3969,3969,3948.0,66200381,2023-06-28,,2763.0,Paid
3970,3970,3949.0,5243984,2024-10-05,8617.59,6167.18,Partially Paid
3971,3971,3950.0,60618268,2025-07-14,,297.4,Paid
3972,3972,3951.0,25875482,2024-06-29,568.74,0.0,Denied
3973,3973,,34679155,2024-03-23,347.77,,Denied
3974,3974,,60618268,2025-08-29,146.94,134.4,Paid
3975,3975,,262606,2023-05-23,616.3,565.7,Paid
3976,3976,,51422190,2023-08-14,288.72,263.17,Paid
3977,3977,3955.0,60618268,2025-09-01,291.58,277.54,Paid
3978,3978,3956.0,47758957,2024-06-23,140.77,58.14,Partially Paid
3979,3979,3957.0,35643704,2024-03-06,430.41,422.17,Paid
3980,3980,3958.0,63154872,2025-04-19,447.29,403.86,Paid
3981,3981,3959.0,91900027,2025-08-21,95.35,,Paid
3982,3982,3960.0,58738053,2025-03-28,37285.42,18605.04,Partially Paid
3983,3983,3961.0,58738053,2024-09-01,38598.37,37580.99,Paid
3984,3984,3962.0,69599038,2025-10-22,3677.98,3565.22,Paid
3985,3985,3963.0,58738053,2025-04-08,34575.78,34183.16,Paid
3986,3986,3964.0,44144684,2024-02-24,,29436.4,Paid
3987,3987,3965.0,12334949,2024-04-11,13900.68,4808.08,Partially Paid
3988,3988,3966.0,662337,2023-01-15,6970.22,3723.03,Partially Paid
3989,3989,3967.0,33391524,2024-01-23,1117.94,1103.31,Paid
3990,3990,3968.0,37909130,2024-05-18,308.77,293.1,Paid
3991,3991,,86937698,2024-06-18,,3861.32,Partially Paid
3992,3992,,86937698,2024-02-14,7967.62,0.0,Denied
3993,3993,,83560890,2023-01-11,5099.5,1061.51,Partially Paid
3994,3994,3972.0,83560890,2023-03-19,5413.81,5196.24,Paid
3995,3995,3973.0,58820915,2023-12-05,456.92,455.29,Paid
3996,3996,3974.0,8409724,2023-03-02,380.13,346.58,Paid
3997,3997,,63154872,2024-01-04,5524.42,5062.22,Paid
3998,3998,3976.0,262606,2025-01-01,1877.01,1862.25,Paid
3999,3999,3977.0,58738053,2023-10-14,29492.42,28586.61,Paid
4000,4000,3978.0,84734972,2024-09-08,4321.09,4188.48,Paid
4001,4001,3979.0,21477593,2024-08-31,274.73,253.23,Paid
4002,4002,3980.0,2888077,2025-07-04,7102.82,6765.75,Paid
4003,4003,3981.0,35277331,2024-04-29,234.19,230.87,Paid
4004,4004,3982.0,41734324,2025-11-21,,122.28,Paid
4005,4005,3983.0,662337,2025-10-30,2877.7,1023.28,Partially Paid
4006,4006,3984.0,60618268,2023-06-12,181.54,164.13,Paid
4007,4007,3985.0,12334949,2024-11-03,34573.81,,Paid
4008,4008,,69893948,2024-08-25,4197.49,4088.12,Paid
4009,4009,3987.0,91900027,2024-06-06,266.08,240.56,Paid
4010,4010,3988.0,60618268,2025-01-09,186.4,180.77,Paid
4011,4011,3989.0,62378778,2023-06-09,694.1,,Paid
4012,4012,3990.0,25875482,2025-07-04,625.73,594.23,Paid
4013,4013,3991.0,63154872,2025-01-27,2414.2,2203.25,Paid
4014,4014,3992.0,30048293,2024-05-23,21888.46,,Paid
4015,4015,3993.0,58820915,2025-01-15,307.93,302.76,Paid
4016,4016,3994.0,63154872,2025-06-12,3525.7,3371.85,Paid
4017,4017,3995.0,33391524,2024-11-06,3039.31,3009.41,Paid
4018,4018,3996.0,52736082,2023-02-12,331.7,303.67,Paid
4019,4019,3997.0,51422190,2025-01-08,119.07,110.53,Paid
4020,4020,3998.0,41734324,2024-07-19,24.45,13.35,Partially Paid
4021,4021,3999.0,83560890,2024-11-19,3422.97,1188.57,Partially Paid
4022,4022,,60618268,2024-01-19,479.95,458.75,Paid
4023,4023,4001.0,34679155,2025-04-29,195.17,191.66,Paid
4024,4024,,37909130,2023-07-07,60.49,58.78,Paid
4025,4025,4003.0,35643704,2024-11-06,,,Paid
4026,4026,4004.0,83560890,2024-04-19,1493.79,1476.94,Paid
4027,4027,,25875482,2023-03-15,442.63,0.0,Denied
4028,4028,4006.0,8409724,2023-03-10,326.42,158.74,Partially Paid
4029,4029,4007.0,62378778,2023-12-21,82.78,74.9,Paid
4030,4030,4008.0,95376350,2025-06-06,2095.35,1924.57,Paid
4031,4031,4009.0,25875482,2025-07-05,439.07,0.0,Denied
4032,4032,,34679155,2024-08-31,149.16,,Denied
4033,4033,,37909130,2025-06-04,191.46,177.54,Paid
4034,4034,4012.0,37909130,2025-11-15,294.78,,Paid
4035,4035,,60618268,2025-04-25,167.34,46.92,Partially Paid
4036,4036,4014.0,95376350,2025-06-08,,3297.93,Paid
4037,4037,4015.0,44144684,2025-08-29,20526.94,5970.02,Partially Paid
4038,4038,4016.0,37909130,2024-09-18,376.29,369.35,Paid
4039,4039,4017.0,5243984,2024-05-25,8214.8,8057.15,Paid
4040,4040,4018.0,2888077,2024-07-25,279.85,262.47,Paid
4041,4041,4019.0,662337,2024-07-03,6172.24,,Paid
4042,4042,,74476075,2024-01-08,6750.3,6609.0,Paid
4043,4043,4021.0,52736082,2024-06-29,337.78,310.28,Paid
4044,4044,4022.0,66200381,2024-07-06,615.22,597.52,Paid
4045,4045,4023.0,62378778,2024-10-31,421.83,418.8,Paid
4046,4046,4024.0,35277331,2025-07-09,281.91,272.5,Paid
4047,4047,4025.0,33391524,2023-01-05,622.07,,Paid
4048,4048,4026.0,35277331,2025-05-19,141.4,135.77,Paid
4049,4049,4027.0,5243984,2025-08-14,6274.73,5807.49,Paid
4050,4050,4028.0,34679155,2023-12-30,64.81,,Paid
4051,4051,4029.0,95044104,2025-01-25,152.97,138.94,Paid
4052,4052,4030.0,69599038,2024-11-27,3389.01,3129.9,Paid
4053,4053,4031.0,2888077,2023-06-29,5082.08,,Denied
4054,4054,,25875482,2025-09-01,724.28,723.93,Paid
4055,4055,4033.0,662337,2024-07-25,1205.08,,Paid
4056,4056,4034.0,60618268,2023-06-08,373.61,337.67,Paid
4057,4057,4035.0,95376350,2024-12-16,3781.2,2438.7,Partially Paid
4058,4058,4036.0,32867785,2023-02-12,2803.27,2528.25,Paid
4059,4059,4037.0,37909130,2023-08-20,330.62,327.43,Paid
4060,4060,4038.0,76629196,2025-09-18,409.35,,Partially Paid
4061,4061,4039.0,20816724,2023-11-10,722.84,0.0,Denied
4062,4062,4040.0,41734324,2024-11-25,122.5,115.88,Paid
4063,4063,4041.0,74476075,2023-03-31,2410.66,2200.03,Paid
4064,4064,4042.0,74476075,2025-05-20,3407.62,,Paid
4065,4065,4043.0,58738053,2024-12-29,16891.34,16490.74,Paid
4066,4066,4044.0,58820915,2025-05-12,239.31,,Paid
4067,4067,4045.0,5243984,2023-10-22,,18839.02,Paid
4068,4068,4046.0,37909130,2025-09-25,64.58,60.18,Paid
4069,4069,4047.0,86820499,2023-07-07,6825.26,6612.42,Paid
4070,4070,4048.0,37909130,2024-01-20,251.02,243.4,Paid
4071,4071,4049.0,22394905,2024-07-31,5925.79,5907.02,Paid
4072,4072,4050.0,44144684,2024-08-30,11592.09,6890.16,Partially Paid
4073,4073,4051.0,83560890,2024-06-26,,2418.66,Paid
4074,4074,4052.0,84734972,2023-03-12,2575.78,1433.97,Partially Paid
4075,4075,4053.0,69893948,2023-03-09,6276.65,6029.85,Paid
4076,4076,,52736082,2024-04-04,785.39,725.55,Paid
4077,4077,4055.0,12334949,2024-02-01,21291.18,2172.31,Partially Paid
4078,4078,4056.0,35643704,2024-04-22,236.4,227.88,Paid
4079,4079,4057.0,22394905,2025-06-21,679.6,230.18,Partially Paid
4080,4080,4058.0,69599038,2024-03-10,7379.32,7058.61,Paid
4081,4081,4059.0,30048293,2025-02-05,18323.88,,Paid
4082,4082,4060.0,86937698,2025-10-07,7624.35,7387.55,Paid
4083,4083,4061.0,3898775,2024-12-11,,2986.67,Partially Paid
4084,4084,4062.0,69893948,2023-05-31,,3963.04,Paid
4085,4085,4063.0,30048293,2024-06-11,30293.89,,Paid
4086,4086,4064.0,69893948,2024-11-15,4653.28,0.0,Denied
4087,4087,4065.0,69893948,2025-01-25,252.31,231.62,Paid
4088,4088,4066.0,69893948,2025-05-21,1348.2,0.0,Denied
4089,4089,,20816724,2025-04-21,69.55,69.08,Paid
4090,4090,4068.0,74476075,2023-09-06,4576.68,4514.95,Paid
4091,4091,4069.0,74476075,2025-06-11,6739.81,6111.66,Paid
4092,4092,4070.0,95044104,2023-05-18,540.26,533.36,Paid
4093,4093,4071.0,58738053,2023-02-19,17065.4,9690.23,Partially Paid
4094,4094,4072.0,84940684,2023-04-12,7961.94,7535.3,Paid
4095,4095,4073.0,60618268,2023-08-04,290.32,280.33,Paid
4096,4096,4074.0,58820915,2025-07-09,117.09,,Paid
4097,4097,4075.0,74476075,2023-12-09,1364.51,1339.4,Paid
4098,4098,4076.0,69599038,2025-07-30,6417.23,6277.61,Paid
4099,4099,4077.0,47758957,2023-08-05,223.72,,Paid
4100,4100,,35867643,2023-09-05,4497.77,4268.41,Paid
4101,4101,4079.0,60618268,2025-10-19,236.54,233.31,Paid
4102,4102,4080.0,2888077,2024-04-26,3108.18,2980.82,Paid
4103,4103,4081.0,41734324,2023-06-14,95.63,89.7,Paid
4104,4104,4082.0,25875482,2025-02-20,,597.5,Paid
4105,4105,4083.0,60618268,2025-01-26,,129.69,Paid
4106,4106,,12334949,2023-03-23,16232.79,14824.77,Paid
4107,4107,4084.0,33391524,2023-12-31,3503.5,,Paid
4108,4108,4085.0,3898775,2025-09-10,4132.61,,Paid
4109,4109,,35867643,2024-08-17,6018.87,5555.87,Paid
4110,4110,,35277331,2023-06-19,204.17,192.56,Paid
4111,4111,,37909130,2025-06-18,180.73,174.38,Paid
4112,4112,4089.0,8409724,2025-09-15,635.73,601.32,Paid
4113,4113,4090.0,52736082,2024-03-09,276.36,258.39,Paid
4114,4114,4091.0,78623435,2023-03-06,349.97,348.87,Paid
4115,4115,4092.0,86820499,2024-01-21,3168.17,2969.58,Paid
4116,4116,4093.0,58820915,2024-06-09,,107.8,Paid
4117,4117,4094.0,2888077,2024-10-07,2731.2,2665.38,Paid
4118,4118,4095.0,37909130,2024-06-28,330.65,,Paid
4119,4119,4096.0,35277331,2025-08-28,141.15,,Paid
4120,4120,4097.0,37909130,2023-05-26,226.73,120.27,Partially Paid
4121,4121,4098.0,34679155,2024-05-17,179.4,0.0,Denied
4122,4122,4099.0,35867643,2023-06-08,985.81,936.47,Paid
4123,4123,4100.0,12334949,2023-07-09,35472.73,10656.17,Partially Paid
4124,4124,4101.0,51422190,2024-10-24,149.34,0.0,Denied
4125,4125,4102.0,52736082,2024-11-30,581.79,311.89,Partially Paid
4126,4126,4103.0,74476075,2023-01-09,4023.49,2516.79,Partially Paid
4127,4127,4104.0,47758957,2025-02-23,458.27,302.92,Partially Paid
4128,4128,4105.0,91900027,2023-04-14,362.84,99.74,Partially Paid
4129,4129,4106.0,22394905,2023-08-10,,2950.35,Paid
4130,4130,4107.0,95376350,2023-12-05,2470.31,2306.76,Paid
4131,4131,4108.0,95376350,2024-11-22,3601.76,,Paid
4132,4132,4109.0,58820915,2025-06-09,208.19,187.63,Paid
4133,4133,4110.0,70604284,2024-11-04,728.59,719.79,Paid
4134,4134,4111.0,95376350,2025-08-27,4480.67,4347.99,Paid
4135,4135,4112.0,5243984,2023-12-15,7997.55,7290.68,Paid
4136,4136,4113.0,37909130,2024-07-07,226.32,210.12,Paid
4137,4137,4114.0,60618268,2025-03-23,452.61,433.62,Paid
4138,4138,4115.0,44144684,2023-01-12,36701.77,,Partially Paid
4139,4139,4116.0,60618268,2023-11-08,44.79,24.75,Partially Paid
4140,4140,4117.0,30048293,2025-03-11,19113.59,,Paid
4141,4141,4118.0,69599038,2023-09-13,2128.89,2104.82,Paid
4142,4142,,95044104,2024-10-01,767.44,734.96,Paid
4143,4143,4120.0,34679155,2023-02-22,,328.35,Paid
4144,4144,4121.0,32867785,2025-04-04,6664.81,6112.18,Paid
4145,4145,4122.0,20816724,2023-09-14,160.66,156.4,Paid
4146,4146,4123.0,95044104,2023-06-17,522.3,0.0,Denied
4147,4147,4124.0,37909130,2024-06-02,105.62,99.72,Paid
4148,4148,4125.0,60618268,2024-09-28,390.92,380.43,Paid
4149,4149,4126.0,35643704,2025-03-20,456.78,455.47,Paid
4150,4150,4127.0,37909130,2025-07-08,277.6,257.95,Paid
4151,4151,4128.0,41734324,2025-01-28,129.63,125.39,Paid
4152,4152,4129.0,86937698,2023-10-09,2888.39,2699.59,Paid
4153,4153,4130.0,69599038,2024-02-29,4829.52,4754.18,Paid
4154,4154,4131.0,34679155,2024-03-25,244.44,233.47,Paid
4155,4155,4132.0,25875482,2025-07-29,461.96,416.75,Paid
4156,4156,4133.0,5243984,2024-12-22,36632.55,35352.02,Paid
4157,4157,4134.0,34679155,2024-04-26,74.77,70.48,Paid
4158,4158,4135.0,37909130,2024-05-25,159.36,144.33,Paid
4159,4159,4136.0,35277331,2025-10-12,217.82,208.21,Paid
4160,4160,4137.0,2888077,2025-03-29,1742.99,1634.56,Paid
4161,4161,4138.0,69893948,2024-05-01,4465.31,4164.06,Paid
4162,4162,4139.0,58820915,2024-07-26,375.13,344.04,Paid
4163,4163,4140.0,12334949,2024-01-22,29779.37,28624.92,Paid
4164,4164,4141.0,58820915,2024-12-26,72.67,72.12,Paid
4165,4165,4142.0,51422190,2024-12-02,87.54,86.32,Paid
4166,4166,4143.0,37909130,2023-01-21,379.97,343.13,Paid
4167,4167,4144.0,69599038,2023-10-16,,2023.17,Paid
4168,4168,4145.0,41734324,2023-03-22,149.03,148.37,Paid
4169,4169,4146.0,37909130,2023-10-14,,,Paid
4170,4170,4147.0,69893948,2024-10-17,7043.14,0.0,Denied
4171,4171,4148.0,37909130,2025-05-16,135.46,98.05,Partially Paid
4172,4172,4149.0,35277331,2024-05-03,396.69,357.66,Paid
4173,4173,4150.0,37909130,2024-11-15,323.51,,Paid
4174,4174,4151.0,34679155,2023-07-15,228.3,,Paid
4175,4175,,91900027,2023-03-18,738.27,701.42,Paid
4176,4176,4153.0,37909130,2023-06-28,206.71,191.45,Paid
4177,4177,4154.0,32867785,2025-07-01,5203.93,4779.14,Paid
4178,4178,4155.0,3898775,2023-01-23,1835.07,1655.34,Paid
4179,4179,4156.0,6138419,2024-03-12,5849.05,5340.01,Paid
4180,4180,4157.0,6138419,2023-02-12,2494.98,2261.86,Paid
4181,4181,4158.0,60618268,2025-01-20,180.3,172.57,Paid
4182,4182,4159.0,6138419,2023-09-19,5496.32,5143.09,Paid
4183,4183,4160.0,35277331,2023-06-07,298.77,155.34,Partially Paid
4184,4184,4161.0,58820915,2025-10-02,223.29,221.46,Paid
4185,4185,4162.0,34679155,2023-09-21,326.44,296.54,Paid
4186,4186,4163.0,78623435,2023-03-27,147.21,133.06,Paid
4187,4187,4164.0,41734324,2025-10-23,67.38,66.23,Paid
4188,4188,4165.0,44144684,2023-03-04,22452.09,0.0,Denied
4189,4189,4166.0,58820915,2024-05-22,320.66,110.14,Partially Paid
4190,4190,4167.0,3898775,2024-01-30,7275.95,7264.64,Paid
4191,4191,4168.0,35643704,2023-03-09,193.61,180.17,Paid
4192,4192,4169.0,47758957,2023-06-16,343.65,310.35,Paid
4193,4193,4170.0,91900027,2025-07-23,56.32,0.0,Denied
4194,4194,4171.0,41734324,2024-02-08,74.21,68.17,Paid
4195,4195,4172.0,30048293,2024-03-24,28581.94,28401.79,Paid
4196,4196,4173.0,95376350,2025-04-26,3757.05,3570.45,Paid
4197,4197,4174.0,74476075,2023-08-05,,5555.03,Paid
4198,4198,4175.0,662337,2023-02-14,6198.42,5885.08,Paid
4199,4199,4176.0,662337,2025-04-04,1024.07,990.14,Paid
4200,4200,4177.0,74476075,2024-09-28,4505.22,,Paid
4201,4201,4178.0,84940684,2023-09-16,,31767.11,Paid
4202,4202,4179.0,12334949,2025-04-28,21450.66,19339.21,Paid
4203,4203,4180.0,74476075,2024-04-17,2089.06,2042.38,Paid
4204,4204,4181.0,84734972,2025-08-07,2105.34,1974.01,Paid
4205,4205,,30048293,2025-09-15,28004.4,27475.92,Paid
4206,4206,4183.0,21477593,2024-06-18,403.09,402.39,Paid
4207,4207,4184.0,91900027,2023-10-20,245.84,52.26,Partially Paid
4208,4208,,12334949,2023-08-04,37518.19,33988.43,Paid
4209,4209,4186.0,63154872,2024-05-21,853.16,798.33,Paid
4210,4210,4187.0,95044104,2023-12-07,397.79,393.71,Paid
4211,4211,4188.0,60618268,2025-07-31,149.99,137.31,Paid
4212,4212,,30048293,2024-11-08,12349.47,,Paid
4213,4213,,22394905,2024-06-12,1051.92,1008.99,Paid
4214,4214,4191.0,262606,2025-09-28,999.19,964.18,Paid
4215,4215,4192.0,25875482,2023-12-28,106.54,98.71,Paid
4216,4216,4193.0,44144684,2025-01-18,33570.58,32461.99,Paid
4217,4217,4194.0,44144684,2023-08-11,38716.22,37804.25,Paid
4218,4218,4195.0,70604284,2024-07-17,,633.86,Paid
4219,4219,4196.0,32867785,2023-09-18,5814.73,5268.16,Paid
4220,4220,4197.0,34679155,2023-03-06,114.04,104.86,Paid
4221,4221,,58820915,2023-04-25,352.96,0.0,Denied
4222,4222,4199.0,76629196,2025-11-06,,435.16,Paid
4223,4223,4200.0,84734972,2023-06-30,4770.09,2582.13,Partially Paid
4224,4224,4201.0,35867643,2023-09-27,2993.4,2903.97,Paid
4225,4225,,86937698,2025-03-10,2263.44,2044.77,Paid
4226,4226,,58820915,2023-01-18,205.54,195.49,Paid
4227,4227,4204.0,662337,2025-07-25,3040.4,2799.57,Paid
4228,4228,4205.0,35643704,2024-12-21,453.54,,Partially Paid
4229,4229,4206.0,84940684,2023-02-15,36008.35,34091.94,Paid
4230,4230,4207.0,86937698,2025-06-10,539.48,488.79,Paid
4231,4231,4208.0,66200381,2025-08-17,442.44,415.77,Paid
4232,4232,4209.0,58738053,2025-09-03,15382.71,14450.89,Paid
4233,4233,4210.0,58738053,2024-08-31,13628.38,12958.57,Paid
4234,4234,,86937698,2025-01-02,1411.29,563.34,Partially Paid
4235,4235,4212.0,60618268,2024-06-21,181.34,94.87,Partially Paid
4236,4236,4213.0,30048293,2025-11-04,35654.63,34674.61,Paid
4237,4237,4214.0,37909130,2025-06-18,305.27,278.79,Paid
4238,4238,4215.0,60618268,2023-11-27,122.37,0.0,Denied
4239,4239,4216.0,69893948,2025-03-04,998.42,980.02,Paid
4240,4240,4217.0,76629196,2024-07-23,,576.25,Paid
4241,4241,4218.0,34679155,2025-10-30,77.81,70.15,Paid
4242,4242,4219.0,35277331,2023-11-28,63.25,58.77,Paid
4243,4243,4220.0,86937698,2023-10-04,,0.0,Denied
4244,4244,4221.0,2888077,2024-02-27,5074.61,4701.62,Paid
4245,4245,4222.0,34679155,2024-02-01,305.99,288.87,Paid
4246,4246,4223.0,69599038,2024-01-19,822.53,,Denied
4247,4247,4224.0,3898775,2025-09-29,3639.98,3369.7,Paid
4248,4248,4225.0,58820915,2025-02-22,486.2,165.45,Partially Paid
4249,4249,4226.0,2888077,2024-05-24,,981.42,Paid
4250,4250,4227.0,35277331,2025-01-10,68.11,67.03,Paid
4251,4251,4228.0,35277331,2023-08-04,393.84,393.4,Paid
4252,4252,,86937698,2024-11-27,603.04,0.0,Denied
4253,4253,4230.0,41734324,2023-02-24,83.57,,Paid
4254,4254,4231.0,95376350,2023-02-26,4574.05,4155.7,Paid
4255,4255,4232.0,37909130,2024-07-25,,,Paid
4256,4256,4233.0,70604284,2024-04-25,207.28,138.36,Partially Paid
4257,4257,4234.0,41734324,2025-07-01,120.54,110.5,Paid
4258,4258,4235.0,21477593,2023-04-27,401.3,,Partially Paid
4259,4259,4236.0,2888077,2023-12-13,7647.0,6975.41,Paid
4260,4260,4237.0,3898775,2025-05-16,,3929.03,Paid
4261,4261,4238.0,91900027,2023-01-11,490.78,446.46,Paid
4262,4262,4239.0,84734972,2023-12-27,7229.8,6956.53,Paid
4263,4263,,25875482,2024-11-25,128.29,38.7,Partially Paid
4264,4264,4241.0,41734324,2024-07-07,117.16,105.98,Paid
4265,4265,4242.0,35867643,2025-03-01,2234.16,2076.85,Paid
4266,4266,,60618268,2025-05-21,396.37,237.98,Partially Paid
4267,4267,4244.0,3898775,2025-05-09,4596.39,4534.29,Paid
4268,4268,4245.0,35643704,2023-06-04,479.71,450.7,Paid
4269,4269,,44144684,2024-08-16,38236.61,,Paid
4270,4270,4247.0,95044104,2025-07-19,404.53,370.55,Paid
4271,4271,4248.0,6138419,2024-12-30,5471.15,5470.24,Paid
4272,4272,4249.0,74476075,2023-01-30,2309.18,2087.33,Paid
4273,4273,4250.0,662337,2025-07-04,3111.51,699.79,Partially Paid
4274,4274,4251.0,86937698,2023-04-13,6702.7,6662.8,Paid
4275,4275,4252.0,21477593,2025-08-19,477.36,0.0,Denied
4276,4276,,41734324,2024-01-14,148.46,137.31,Paid
4277,4277,,37909130,2024-12-15,325.69,300.75,Paid
4278,4278,4253.0,69893948,2023-02-10,253.88,246.87,Paid
4279,4279,4254.0,21477593,2024-03-11,215.49,208.98,Paid
4280,4280,4255.0,21477593,2023-05-30,,0.0,Denied
4281,4281,,60618268,2025-11-21,175.13,167.01,Paid
4282,4282,4257.0,51422190,2025-10-17,330.44,298.22,Paid
4283,4283,4258.0,58820915,2024-05-05,138.81,138.71,Paid
4284,4284,4259.0,8409724,2024-09-24,718.8,674.77,Paid
4285,4285,4260.0,12334949,2024-05-03,22630.69,21355.82,Paid
4286,4286,,662337,2024-09-08,6693.1,6194.44,Paid
4287,4287,4262.0,74476075,2023-11-02,,2342.26,Paid
4288,4288,4263.0,37909130,2024-04-23,269.72,262.32,Paid
4289,4289,4264.0,37909130,2023-12-19,,72.5,Paid
4290,4290,4265.0,41734324,2023-11-23,27.17,24.52,Paid
4291,4291,4266.0,35277331,2023-01-14,151.31,143.92,Paid
4292,4292,4267.0,12334949,2023-05-26,17718.25,,Partially Paid
4293,4293,4268.0,8409724,2024-08-30,286.74,282.09,Paid
4294,4294,4269.0,66200381,2025-01-28,3633.34,,Paid
4295,4295,4270.0,44144684,2025-08-28,30185.18,29766.6,Paid
4296,4296,4271.0,95044104,2023-09-15,56.32,55.92,Paid
4297,4297,4272.0,35277331,2024-01-14,74.71,69.39,Paid
4298,4298,4273.0,12334949,2025-09-25,,37068.37,Paid
4299,4299,4274.0,58820915,2025-01-10,352.32,,Paid
4300,4300,4275.0,8409724,2025-06-03,638.84,,Paid
4301,4301,4276.0,74476075,2024-02-19,4756.42,,Paid
4302,4302,4277.0,86820499,2024-01-24,7998.63,2138.4,Partially Paid
4303,4303,4278.0,35277331,2025-11-07,,132.82,Paid
4304,4304,4279.0,33391524,2023-10-01,5632.93,5390.44,Paid
4305,4305,4280.0,3898775,2025-07-25,7503.94,7284.46,Paid
4306,4306,4281.0,34679155,2024-02-14,,275.49,Paid
4307,4307,4282.0,47758957,2025-06-03,487.22,,Paid
4308,4308,4283.0,25875482,2024-05-27,101.22,100.44,Paid
4309,4309,4284.0,12334949,2023-09-09,26000.2,25982.48,Paid
4310,4310,4285.0,69893948,2024-09-19,5143.8,5117.56,Paid
4311,4311,4286.0,74476075,2024-08-04,1271.63,1190.49,Paid
4312,4312,4287.0,262606,2025-06-08,3954.81,3799.07,Paid
4313,4313,4288.0,62378778,2025-10-09,,597.74,Paid
4314,4314,4289.0,8409724,2023-01-19,,0.0,Denied
4315,4315,4290.0,35867643,2025-01-18,5168.15,4978.95,Paid
4316,4316,4291.0,8409724,2024-07-08,362.8,,Paid
4317,4317,4292.0,70604284,2024-03-10,789.06,751.34,Paid
4318,4318,4293.0,35643704,2024-10-23,,,Paid
4319,4319,,83560890,2024-10-03,5677.52,5409.0,Paid
4320,4320,4295.0,58820915,2023-05-06,87.75,81.59,Paid
4321,4321,4296.0,41734324,2024-03-10,113.25,104.01,Paid
4322,4322,4297.0,20816724,2025-08-11,68.33,61.52,Paid
4323,4323,4298.0,37909130,2025-08-16,219.48,201.35,Paid
4324,4324,4299.0,2888077,2025-09-28,3902.78,3703.55,Paid
4325,4325,4300.0,60618268,2025-06-15,81.09,80.66,Paid
4326,4326,4301.0,44144684,2024-08-13,21385.35,21191.04,Paid
4327,4327,4302.0,41734324,2024-03-20,121.81,120.23,Paid
4328,4328,4303.0,44144684,2023-05-22,17101.1,0.0,Denied
4329,4329,4304.0,37909130,2024-05-26,249.29,236.14,Paid
4330,4330,,34679155,2025-08-27,116.13,114.18,Paid
4331,4331,4306.0,25875482,2023-03-30,215.79,125.6,Partially Paid
4332,4332,4307.0,95376350,2024-05-11,4625.4,1482.63,Partially Paid
4333,4333,4308.0,95376350,2023-07-03,,3481.17,Paid
4334,4334,4309.0,37909130,2023-07-01,,64.95,Paid
4335,4335,4310.0,60618268,2024-06-30,159.25,145.88,Paid
4336,4336,4311.0,3898775,2023-01-16,,4690.43,Paid
4337,4337,4312.0,35277331,2023-11-18,211.64,203.75,Paid
4338,4338,4313.0,34679155,2023-08-06,69.73,,Partially Paid
4339,4339,4314.0,34679155,2023-03-30,364.83,336.07,Paid
4340,4340,,5243984,2025-09-01,37613.95,11230.79,Partially Paid
4341,4341,4316.0,70604284,2024-09-24,772.95,714.31,Paid
4342,4342,4317.0,30048293,2024-01-12,29910.83,10396.85,Partially Paid
4343,4343,4318.0,70604284,2024-11-15,272.51,250.73,Paid
4344,4344,4319.0,51422190,2023-05-20,336.17,306.19,Paid
4345,4345,4320.0,35867643,2025-01-09,7322.33,,Paid
4346,4346,4321.0,66200381,2024-03-24,3692.09,3390.2,Paid
4347,4347,4322.0,58820915,2023-06-30,24.18,24.11,Paid
4348,4348,4323.0,6138419,2024-12-24,3943.67,3694.54,Paid
4349,4349,4324.0,22394905,2025-03-23,3423.06,,Paid
4350,4350,,51422190,2025-08-24,66.18,64.79,Paid
4351,4351,4326.0,262606,2023-02-03,5035.48,4853.38,Paid
4352,4352,4327.0,35277331,2023-11-09,,97.71,Paid
4353,4353,4328.0,60618268,2024-06-17,32.28,18.52,Partially Paid
4354,4354,4329.0,41734324,2025-08-16,85.39,85.38,Paid
4355,4355,4330.0,3898775,2023-02-19,,0.0,Denied
4356,4356,4331.0,69599038,2025-02-11,4939.02,4554.75,Paid
4357,4357,4332.0,37909130,2024-03-06,231.31,228.51,Paid
4358,4358,4333.0,25875482,2024-11-17,484.46,466.69,Paid
4359,4359,4334.0,69599038,2025-02-17,4611.41,1141.33,Partially Paid
4360,4360,4335.0,69893948,2025-09-26,2111.37,0.0,Denied
4361,4361,4336.0,58820915,2023-12-06,247.32,239.46,Paid
4362,4362,4337.0,25875482,2024-06-02,528.53,414.74,Partially Paid
4363,4363,4338.0,70604284,2024-09-02,499.62,454.0,Paid
4364,4364,4339.0,12334949,2023-12-12,22575.37,22028.48,Paid
4365,4365,4340.0,84940684,2024-07-10,39015.22,38956.62,Paid
4366,4366,4341.0,78623435,2025-01-07,79.18,0.0,Denied
4367,4367,4342.0,58820915,2024-07-13,42.58,40.62,Paid
4368,4368,4343.0,35277331,2023-02-26,92.46,84.98,Paid
4369,4369,4344.0,35643704,2024-02-21,257.1,256.31,Paid
4370,4370,4345.0,5243984,2023-07-06,32156.35,6815.86,Partially Paid
4371,4371,,47758957,2025-01-21,106.58,97.56,Paid
4372,4372,4347.0,37909130,2024-05-11,334.79,326.75,Paid
4373,4373,4348.0,3898775,2023-12-30,820.49,753.5,Paid
4374,4374,,3898775,2024-01-19,472.72,454.87,Paid
4375,4375,4350.0,6138419,2025-07-23,3990.47,3952.18,Paid
4376,4376,4351.0,52736082,2023-06-12,763.41,713.24,Paid
4377,4377,4352.0,66200381,2024-09-24,4330.87,3992.51,Paid
4378,4378,,30048293,2024-08-06,30157.39,,Paid
4379,4379,,20816724,2025-07-15,58.1,,Paid
4380,4380,4355.0,6138419,2023-04-06,,4926.06,Paid
4381,4381,4356.0,78623435,2024-08-02,,,Paid
4382,4382,4357.0,66200381,2023-02-21,3122.33,3031.84,Paid
4383,4383,4358.0,83560890,2023-10-12,4162.8,3824.32,Paid
4384,4384,4359.0,91900027,2023-12-02,116.19,109.64,Paid
4385,4385,4360.0,3898775,2023-12-09,7146.19,6450.56,Paid
4386,4386,4361.0,41734324,2025-06-05,148.21,145.68,Paid
4387,4387,4362.0,41734324,2024-01-03,54.78,,Paid
4388,4388,,86937698,2023-02-02,1530.93,1465.62,Paid
4389,4389,4364.0,34679155,2024-03-03,274.25,272.75,Paid
4390,4390,,37909130,2024-07-29,322.76,301.55,Paid
4391,4391,4366.0,30048293,2024-06-15,22563.02,20963.78,Paid
4392,4392,4367.0,74476075,2025-10-29,,,Paid
4393,4393,4368.0,62378778,2025-07-09,344.53,338.7,Paid
4394,4394,4369.0,30048293,2023-01-16,7947.38,3252.91,Partially Paid
4395,4395,,8409724,2023-10-09,461.37,420.67,Paid
4396,4396,4371.0,60618268,2023-11-19,50.34,45.45,Paid
4397,4397,4372.0,66200381,2023-03-22,3038.24,2747.01,Paid
4398,4398,4373.0,95044104,2025-08-30,,,Paid
4399,4399,4374.0,37909130,2025-06-11,369.33,367.56,Paid
4400,4400,4375.0,78623435,2023-04-25,206.74,186.59,Paid
4401,4401,,60618268,2023-09-04,297.22,,Partially Paid
4402,4402,4377.0,95044104,2025-10-20,646.8,610.51,Paid
4403,4403,4378.0,37909130,2025-03-28,,278.61,Paid
4404,4404,4379.0,37909130,2024-11-09,76.29,54.09,Partially Paid
4405,4405,4380.0,60618268,2024-02-26,,286.04,Paid
4406,4406,4381.0,35277331,2025-06-20,211.16,208.25,Paid
4407,4407,4382.0,25875482,2024-01-09,449.09,429.13,Paid
4408,4408,4383.0,74476075,2025-07-28,,7572.31,Paid
4409,4409,4384.0,62378778,2023-02-02,172.56,20.88,Partially Paid
4410,4410,4385.0,662337,2024-02-05,5768.17,1821.79,Partially Paid
4411,4411,4386.0,37909130,2025-07-20,136.96,127.63,Paid
4412,4412,4387.0,60618268,2023-06-08,285.48,275.82,Paid
4413,4413,4388.0,25875482,2024-05-24,300.12,0.0,Denied
4414,4414,4389.0,6138419,2025-03-10,5120.0,4661.43,Paid
4415,4415,4390.0,84940684,2023-08-27,14163.11,2327.09,Partially Paid
4416,4416,4391.0,44144684,2023-12-29,39030.23,36692.91,Paid
4417,4417,4392.0,25875482,2025-07-29,74.12,69.4,Paid
4418,4418,4393.0,34679155,2024-02-21,144.81,132.46,Paid
4419,4419,4394.0,37909130,2024-06-26,152.56,144.6,Paid
4420,4420,4395.0,34679155,2024-09-04,112.87,104.97,Paid
4421,4421,4396.0,34679155,2023-11-27,268.41,265.99,Paid
4422,4422,4397.0,8409724,2024-05-30,545.47,,Paid
4423,4423,4398.0,35867643,2024-10-23,1872.38,997.65,Partially Paid
4424,4424,4399.0,2888077,2025-01-07,2070.95,1960.1,Paid
4425,4425,4400.0,78623435,2024-03-27,,334.74,Paid
4426,4426,4401.0,22394905,2023-12-18,2228.59,2228.06,Paid
4427,4427,4402.0,662337,2025-04-08,7841.6,2093.93,Partially Paid
4428,4428,4403.0,70604284,2023-12-11,,281.06,Paid
4429,4429,4404.0,34679155,2025-05-21,197.25,185.2,Paid
4430,4430,4405.0,58738053,2024-05-11,31248.3,16405.21,Partially Paid
4431,4431,4406.0,58738053,2025-10-02,25920.25,23424.06,Paid
4432,4432,4407.0,3898775,2025-06-15,851.49,775.06,Paid
4433,4433,4408.0,60618268,2023-06-16,219.35,202.99,Paid
4434,4434,4409.0,69893948,2025-05-01,,0.0,Denied
4435,4435,4410.0,95376350,2023-05-04,,1288.91,Partially Paid
4436,4436,4411.0,33391524,2025-03-20,6150.31,6036.17,Paid
4437,4437,4412.0,35643704,2023-05-07,330.72,,Paid
4438,4438,4413.0,37909130,2024-04-01,344.77,334.62,Paid
4439,4439,4414.0,25875482,2025-01-24,177.24,174.46,Paid
4440,4440,4415.0,76629196,2025-07-24,781.46,757.82,Paid
4441,4441,4416.0,60618268,2025-10-28,101.81,95.09,Paid
4442,4442,4417.0,86937698,2024-03-03,3241.63,3069.51,Paid
4443,4443,4418.0,83560890,2024-07-12,4432.63,4129.64,Paid
4444,4444,4419.0,3898775,2024-04-29,2859.8,1771.51,Partially Paid
4445,4445,4420.0,58738053,2025-02-23,19893.72,19132.59,Paid
4446,4446,4421.0,69893948,2023-02-05,7272.68,6604.97,Paid
4447,4447,4422.0,52736082,2023-09-23,342.06,320.84,Paid
4448,4448,4423.0,60618268,2024-07-22,185.71,176.46,Paid
4449,4449,4424.0,69599038,2023-11-19,6448.6,6107.23,Paid
4450,4450,4425.0,41734324,2023-03-19,125.21,117.91,Paid
4451,4451,4426.0,35867643,2025-09-22,7028.77,6896.92,Paid
4452,4452,4427.0,95044104,2023-06-05,177.85,0.0,Denied
4453,4453,,30048293,2023-06-18,28088.51,,Partially Paid
4454,4454,4429.0,74476075,2024-07-14,,4584.7,Paid
4455,4455,4430.0,2888077,2025-03-24,4071.54,3902.49,Paid
4456,4456,4431.0,35277331,2024-11-26,144.22,,Paid
4457,4457,4432.0,2888077,2023-09-21,2406.37,2343.76,Paid
4458,4458,4433.0,35643704,2024-11-28,53.21,,Denied
4459,4459,4434.0,70604284,2024-08-05,362.92,352.87,Paid
4460,4460,4435.0,25875482,2023-10-16,66.82,16.25,Partially Paid
4461,4461,4436.0,30048293,2025-10-12,11609.94,10657.41,Paid
4462,4462,4437.0,91900027,2024-03-23,568.66,517.62,Paid
4463,4463,4438.0,78623435,2023-04-09,397.33,390.51,Paid
4464,4464,4439.0,62378778,2024-07-30,115.13,106.49,Paid
4465,4465,4440.0,37909130,2024-02-12,80.51,76.91,Paid
4466,4466,,5243984,2023-03-06,25312.32,11134.03,Partially Paid
4467,4467,4442.0,84734972,2025-07-20,2073.31,2024.64,Paid
4468,4468,4443.0,63154872,2024-11-08,5016.34,4640.21,Paid
4469,4469,4444.0,51422190,2024-02-18,,159.79,Paid
4470,4470,4445.0,47758957,2024-10-07,198.3,179.45,Paid
4471,4471,4446.0,74476075,2024-02-26,3048.74,2765.16,Paid
4472,4472,4447.0,63154872,2023-02-16,1317.4,,Paid
4473,4473,4448.0,60618268,2024-10-17,323.48,317.82,Paid
4474,4474,4449.0,60618268,2023-08-08,467.62,184.26,Partially Paid
4475,4475,,60618268,2023-10-06,237.52,171.97,Partially Paid
4476,4476,4451.0,69893948,2023-04-20,3606.9,3418.61,Paid
4477,4477,,51422190,2024-04-13,309.18,289.43,Paid
4478,4478,4453.0,35277331,2025-02-05,241.17,229.85,Paid
4479,4479,4454.0,76629196,2024-09-06,672.61,610.9,Paid
4480,4480,4455.0,35867643,2024-07-19,2645.83,1481.05,Partially Paid
4481,4481,4456.0,58820915,2023-10-23,,121.33,Paid
4482,4482,4457.0,86820499,2025-02-08,4065.02,3762.44,Paid
4483,4483,4458.0,5243984,2025-09-26,25969.07,23489.16,Paid
4484,4484,4459.0,35867643,2024-04-12,3503.45,3377.91,Paid
4485,4485,4460.0,12334949,2023-02-27,7005.35,6771.39,Paid
4486,4486,4461.0,84734972,2024-05-09,2304.83,,Partially Paid
4487,4487,,41734324,2023-01-26,,104.52,Paid
4488,4488,4463.0,34679155,2024-10-24,345.06,320.51,Paid
4489,4489,4464.0,20816724,2023-09-15,620.21,588.57,Paid
4490,4490,4465.0,25875482,2025-05-16,730.45,725.74,Paid
4491,4491,4466.0,74476075,2024-10-27,3045.48,2867.75,Paid
4492,4492,4467.0,25875482,2023-03-30,474.25,462.22,Paid
4493,4493,4468.0,60618268,2025-01-28,170.52,155.46,Paid
4494,4494,4469.0,66200381,2024-01-20,1661.45,1557.02,Paid
4495,4495,4470.0,41734324,2025-04-07,19.43,19.33,Paid
4496,4496,4471.0,95044104,2025-03-05,484.8,461.8,Paid
4497,4497,,63154872,2024-04-04,655.95,,Paid
4498,4498,4472.0,91900027,2024-01-05,621.44,,Partially Paid
4499,4499,4473.0,3898775,2023-10-02,,,Paid
4500,4500,4474.0,41734324,2023-07-05,89.89,,Paid
4501,4501,4475.0,74476075,2025-01-13,5405.38,5074.74,Paid
4502,4502,4476.0,41734324,2025-04-26,36.4,33.51,Paid
4503,4503,,41734324,2024-08-15,33.27,30.97,Paid
4504,4504,4478.0,12334949,2023-03-14,12598.08,11928.84,Paid
4505,4505,4479.0,34679155,2023-12-23,298.31,289.2,Paid
4506,4506,4480.0,3898775,2024-04-14,,992.71,Partially Paid
4507,4507,4481.0,76629196,2024-05-12,676.1,654.92,Paid
4508,4508,4482.0,58820915,2024-11-05,262.68,0.0,Denied
4509,4509,4483.0,69599038,2023-05-12,5739.33,,Paid
4510,4510,4484.0,6138419,2024-03-04,5172.87,4859.0,Paid
4511,4511,4485.0,86937698,2025-09-10,1566.46,1448.39,Paid
4512,4512,,32867785,2024-07-27,,2816.6,Paid
4513,4513,4487.0,60618268,2024-07-23,494.19,455.89,Paid
4514,4514,,58820915,2023-08-09,336.87,311.64,Paid
4515,4515,4489.0,33391524,2025-04-29,3722.7,3585.47,Paid
4516,4516,,12334949,2023-04-22,17920.38,17123.73,Paid
4517,4517,4491.0,70604284,2024-11-06,163.82,87.78,Partially Paid
4518,4518,4492.0,35277331,2025-10-31,133.29,122.22,Paid
4519,4519,4493.0,69893948,2024-07-20,4779.39,4499.15,Paid
4520,4520,4494.0,6138419,2024-12-21,3635.62,,Partially Paid
4521,4521,4495.0,86820499,2023-08-11,6749.51,6517.7,Paid
4522,4522,4496.0,52736082,2024-09-16,471.42,460.99,Paid
4523,4523,4497.0,51422190,2024-10-17,210.31,166.3,Partially Paid
4524,4524,,51422190,2025-06-13,170.14,166.34,Paid
4525,4525,4499.0,35277331,2025-01-22,258.02,251.44,Paid
4526,4526,4500.0,6138419,2024-01-21,3192.26,2910.39,Paid
4527,4527,4501.0,41734324,2025-04-30,63.6,59.32,Paid
4528,4528,4502.0,662337,2023-03-27,7962.92,7167.2,Paid
4529,4529,4503.0,83560890,2024-03-15,3393.37,3374.2,Paid
4530,4530,4504.0,21477593,2025-05-24,210.09,209.64,Paid
4531,4531,4505.0,41734324,2024-04-02,51.33,47.35,Paid
4532,4532,4506.0,3898775,2023-07-26,4718.58,4410.7,Paid
4533,4533,4507.0,35867643,2025-04-15,4015.12,3718.26,Paid
4534,4534,4508.0,32867785,2024-05-29,5861.26,5829.77,Paid
4535,4535,4509.0,58820915,2025-10-11,378.21,365.39,Paid
4536,4536,4510.0,84940684,2023-09-13,7034.67,,Paid
4537,4537,4511.0,74476075,2025-05-15,6745.14,6283.93,Paid
4538,4538,4512.0,60618268,2024-11-02,267.53,263.5,Paid
4539,4539,4513.0,34679155,2025-08-14,319.0,287.92,Paid
4540,4540,4514.0,69893948,2024-03-05,4248.61,,Denied
4541,4541,,69893948,2024-09-24,5882.02,,Paid
4542,4542,4516.0,69599038,2024-07-19,1016.15,968.51,Paid
4543,4543,4517.0,51422190,2023-08-12,120.39,111.89,Paid
4544,4544,,37909130,2023-05-19,86.25,0.0,Denied
4545,4545,4519.0,83560890,2023-01-30,3551.38,3401.3,Paid
4546,4546,4520.0,62378778,2023-03-16,596.52,582.9,Paid
4547,4547,4521.0,51422190,2025-08-16,186.22,186.1,Paid
4548,4548,4522.0,91900027,2024-10-17,722.2,524.3,Partially Paid
4549,4549,4523.0,34679155,2025-08-21,242.54,225.24,Paid
4550,4550,4524.0,74476075,2025-04-14,2062.78,1973.77,Paid
4551,4551,4525.0,74476075,2023-01-18,1606.81,1485.07,Paid
4552,4552,4526.0,66200381,2024-09-24,4562.08,4159.35,Paid
4553,4553,,37909130,2025-11-09,195.24,191.91,Paid
4554,4554,4528.0,60618268,2023-10-07,494.02,,Partially Paid
4555,4555,4529.0,76629196,2024-04-11,94.31,94.03,Paid
4556,4556,4530.0,84940684,2025-01-02,,,Paid
4557,4557,4531.0,95376350,2025-09-28,,4277.44,Paid
4558,4558,4532.0,69599038,2025-02-13,,,Paid
4559,4559,4533.0,41734324,2025-09-03,142.72,129.8,Paid
4560,4560,4534.0,60618268,2024-12-28,232.83,228.33,Paid
4561,4561,,662337,2023-04-10,5716.13,2033.29,Partially Paid
4562,4562,4535.0,34679155,2024-10-06,307.53,284.45,Paid
4563,4563,4536.0,35277331,2025-07-30,199.74,189.64,Paid
4564,4564,4537.0,35277331,2023-01-19,389.69,,Paid
4565,4565,4538.0,12334949,2024-06-14,20187.13,18526.69,Paid
4566,4566,4539.0,84940684,2024-05-24,37260.9,36312.78,Paid
4567,4567,4540.0,84734972,2023-11-05,2104.84,2080.79,Paid
4568,4568,4541.0,62378778,2024-11-25,107.85,76.75,Partially Paid
4569,4569,,34679155,2025-04-04,117.33,115.26,Paid
4570,4570,4543.0,25875482,2025-08-08,116.5,110.97,Paid
4571,4571,4544.0,41734324,2025-02-12,91.2,88.79,Paid
4572,4572,4545.0,60618268,2025-08-19,31.8,29.72,Paid
4573,4573,4546.0,69893948,2025-04-26,4307.55,,Paid
4574,4574,,35277331,2024-07-28,81.6,63.17,Partially Paid
4575,4575,4548.0,262606,2025-03-13,1646.35,1577.16,Paid
4576,4576,4549.0,3898775,2025-01-23,2370.0,1253.83,Partially Paid
4577,4577,4550.0,84940684,2023-06-25,14144.76,13989.93,Paid
4578,4578,4551.0,60618268,2025-10-31,92.32,86.1,Paid
4579,4579,4552.0,32867785,2025-02-17,3010.26,2958.58,Paid
4580,4580,4553.0,35867643,2025-01-20,665.52,655.57,Paid
4581,4581,4554.0,3898775,2024-03-06,2524.84,2445.36,Paid
4582,4582,4555.0,58738053,2025-06-18,11198.27,10807.53,Paid
4583,4583,4556.0,35277331,2025-03-15,123.27,113.95,Paid
4584,4584,4557.0,63154872,2025-03-18,,7567.53,Paid
4585,4585,4558.0,41734324,2024-09-30,95.21,93.4,Paid
4586,4586,4559.0,60618268,2025-06-06,407.37,401.39,Paid
4587,4587,4560.0,52736082,2023-07-14,95.8,0.0,Denied
4588,4588,4561.0,37909130,2025-06-02,,102.98,Paid
4589,4589,,12334949,2024-08-17,,29164.54,Paid
4590,4590,4563.0,70604284,2023-06-05,622.86,560.69,Paid
4591,4591,4564.0,41734324,2025-04-29,114.64,112.24,Paid
4592,4592,4565.0,51422190,2025-05-07,256.9,242.57,Paid
4593,4593,4566.0,60618268,2023-08-05,456.33,451.37,Paid
4594,4594,4567.0,78623435,2025-05-02,186.1,177.62,Paid
4595,4595,4568.0,58820915,2023-10-30,456.41,413.32,Paid
4596,4596,4569.0,37909130,2024-02-04,171.29,168.67,Paid
4597,4597,4570.0,52736082,2025-08-08,616.96,578.39,Paid
4598,4598,,69599038,2023-03-04,6756.16,6144.25,Paid
4599,4599,4572.0,63154872,2023-09-07,4097.0,3873.75,Paid
4600,4600,4573.0,35643704,2023-12-16,290.2,141.24,Partially Paid
4601,4601,4574.0,74476075,2023-11-17,245.14,111.62,Partially Paid
4602,4602,4575.0,6138419,2025-11-08,4774.78,0.0,Denied
4603,4603,4576.0,8409724,2023-01-08,140.15,54.93,Partially Paid
4604,4604,4577.0,34679155,2023-04-27,217.03,,Paid
4605,4605,4578.0,60618268,2024-08-27,134.53,134.05,Paid
4606,4606,4579.0,62378778,2025-09-23,237.95,217.77,Paid
4607,4607,4580.0,3898775,2024-08-28,568.73,434.6,Partially Paid
4608,4608,,66200381,2024-03-07,4849.77,4439.65,Paid
4609,4609,4582.0,3898775,2023-02-23,4277.35,,Paid
4610,4610,,30048293,2023-04-06,23036.98,7668.78,Partially Paid
4611,4611,4584.0,34679155,2025-10-11,281.28,253.93,Paid
4612,4612,4585.0,35643704,2025-08-13,254.35,244.54,Paid
4613,4613,4586.0,84940684,2024-04-19,24880.0,23565.5,Paid
4614,4614,4587.0,70604284,2023-03-02,200.31,188.18,Paid
4615,4615,4588.0,37909130,2025-09-23,314.01,307.12,Paid
4616,4616,4589.0,60618268,2023-10-04,125.18,113.39,Paid
4617,4617,4590.0,34679155,2023-08-01,101.79,,Paid
4618,4618,4591.0,20816724,2023-11-12,316.69,206.91,Partially Paid
4619,4619,,86937698,2025-01-17,1112.34,1045.15,Paid
4620,4620,4593.0,63154872,2025-05-31,3466.14,,Paid
4621,4621,4594.0,78623435,2024-02-07,190.13,179.86,Paid
4622,4622,4595.0,5243984,2024-05-23,16840.61,16649.31,Paid
4623,4623,4596.0,262606,2024-04-16,6095.75,5613.69,Paid
4624,4624,4597.0,3898775,2023-03-27,4270.97,3991.53,Paid
4625,4625,4598.0,22394905,2024-04-29,2464.18,406.82,Partially Paid
4626,4626,4599.0,60618268,2025-07-21,489.57,464.57,Paid
4627,4627,4600.0,70604284,2023-03-23,481.94,459.48,Paid
4628,4628,4601.0,60618268,2025-09-08,473.99,444.84,Paid
4629,4629,,83560890,2023-02-13,2190.11,2167.56,Paid
4630,4630,4603.0,6138419,2024-08-23,6520.79,6192.74,Paid
4631,4631,4604.0,37909130,2023-03-06,215.83,197.73,Paid
4632,4632,4605.0,20816724,2025-07-23,546.32,313.7,Partially Paid
4633,4633,4606.0,8409724,2025-03-03,290.21,267.91,Paid
4634,4634,4607.0,69893948,2024-06-24,4396.62,4395.18,Paid
4635,4635,4608.0,95044104,2025-02-27,295.77,270.92,Paid
4636,4636,4609.0,51422190,2023-08-29,108.19,103.45,Paid
4637,4637,4610.0,8409724,2023-05-12,,499.63,Paid
4638,4638,4611.0,70604284,2024-11-16,706.75,,Paid
4639,4639,4612.0,37909130,2025-05-02,,113.47,Paid
4640,4640,4613.0,70604284,2025-06-10,613.53,170.98,Partially Paid
4641,4641,4614.0,47758957,2023-05-02,378.25,370.09,Paid
4642,4642,4615.0,60618268,2023-04-15,,360.48,Paid
4643,4643,4616.0,3898775,2025-04-21,4287.63,,Paid
4644,4644,4617.0,35643704,2024-02-27,376.47,360.99,Paid
4645,4645,4618.0,84734972,2025-02-06,1096.28,815.4,Partially Paid
4646,4646,,3898775,2024-10-20,7935.94,7888.05,Paid
4647,4647,4620.0,30048293,2025-09-18,36842.52,25334.95,Partially Paid
4648,4648,4621.0,35643704,2024-12-27,330.83,324.08,Paid
4649,4649,4622.0,2888077,2025-04-01,215.78,204.46,Paid
4650,4650,4623.0,37909130,2024-12-18,181.96,24.15,Partially Paid
4651,4651,,51422190,2025-10-09,212.7,207.94,Paid
4652,4652,4625.0,78623435,2025-08-17,85.91,83.69,Paid
4653,4653,4626.0,12334949,2024-01-01,39985.33,38263.84,Paid
4654,4654,4627.0,69893948,2023-07-26,3999.23,3784.01,Paid
4655,4655,4628.0,22394905,2023-03-12,1321.93,1222.33,Paid
4656,4656,,662337,2023-05-17,2684.83,2529.38,Paid
4657,4657,4630.0,35277331,2025-02-25,332.41,0.0,Denied
4658,4658,4631.0,74476075,2025-06-11,5038.76,4992.43,Paid
4659,4659,,84940684,2024-01-14,18750.49,,Paid
4660,4660,4633.0,86937698,2023-04-24,6561.19,6156.94,Paid
4661,4661,,35277331,2024-10-26,,122.48,Paid
4662,4662,4635.0,25875482,2024-07-22,215.94,197.94,Paid
4663,4663,4636.0,86937698,2025-01-18,,4510.51,Paid
4664,4664,4637.0,83560890,2023-08-26,1496.75,1413.47,Paid
4665,4665,,60618268,2023-10-01,216.21,195.24,Paid
4666,4666,,51422190,2025-10-16,,0.0,Denied
4667,4667,4640.0,22394905,2025-03-27,4346.5,1246.82,Partially Paid
4668,4668,4641.0,37909130,2025-06-07,279.53,0.0,Denied
4669,4669,4642.0,12334949,2024-05-19,15977.45,,Paid
4670,4670,4643.0,21477593,2023-06-28,251.63,241.25,Paid
4671,4671,4644.0,51422190,2024-02-16,216.12,207.22,Paid
4672,4672,4645.0,60618268,2024-02-10,,98.58,Partially Paid
4673,4673,4646.0,25875482,2025-10-05,367.33,337.85,Paid
4674,4674,4647.0,60618268,2025-02-10,56.93,55.22,Paid
4675,4675,4648.0,51422190,2023-09-19,,,Partially Paid
4676,4676,4649.0,84734972,2023-01-05,1036.25,943.83,Paid
4677,4677,4650.0,12334949,2023-03-31,,31717.65,Paid
4678,4678,4651.0,35643704,2023-09-02,408.56,188.24,Partially Paid
4679,4679,4652.0,35277331,2023-01-30,232.42,,Paid
4680,4680,4653.0,69599038,2023-03-27,4462.75,4102.42,Paid
4681,4681,4654.0,3898775,2023-08-19,,1896.05,Partially Paid
4682,4682,4655.0,52736082,2023-03-19,526.07,0.0,Denied
4683,4683,4656.0,86820499,2024-09-13,3460.55,,Partially Paid
4684,4684,4657.0,25875482,2025-05-30,772.09,496.49,Partially Paid
4685,4685,4658.0,662337,2024-01-25,3293.0,3114.2,Paid
4686,4686,4659.0,51422190,2024-10-19,259.59,96.61,Partially Paid
4687,4687,,662337,2025-06-05,3081.66,0.0,Denied
4688,4688,4661.0,84734972,2025-05-09,3247.8,3202.53,Paid
4689,4689,4662.0,58738053,2024-12-08,34727.76,34474.66,Paid
4690,4690,,2888077,2024-12-21,507.82,501.5,Paid
4691,4691,4664.0,86937698,2024-04-08,379.14,0.0,Denied
4692,4692,4665.0,51422190,2025-09-28,184.94,169.89,Paid
4693,4693,,58738053,2025-01-15,33516.01,0.0,Denied
4694,4694,4667.0,2888077,2023-08-31,4131.09,,Paid
4695,4695,4668.0,95376350,2024-03-25,3078.15,3055.22,Paid
4696,4696,4669.0,74476075,2024-12-23,4603.87,863.18,Partially Paid
4697,4697,4670.0,3898775,2025-02-19,4983.15,4815.87,Paid
4698,4698,4671.0,63154872,2023-12-01,1283.08,1185.05,Paid
4699,4699,4672.0,37909130,2023-09-09,236.35,227.07,Paid
4700,4700,4673.0,60618268,2023-03-09,97.28,,Denied
4701,4701,4674.0,20816724,2025-10-15,110.5,0.0,Denied
4702,4702,4675.0,30048293,2023-10-01,31211.51,29873.76,Paid
4703,4703,4676.0,91900027,2024-07-22,121.61,,Partially Paid
4704,4704,4677.0,6138419,2024-01-17,7608.29,6941.57,Paid
4705,4705,4678.0,2888077,2023-04-13,7129.8,6763.58,Paid
4706,4706,4679.0,3898775,2023-04-16,,5562.3,Paid
4707,4707,4680.0,662337,2024-05-27,2125.82,,Paid
4708,4708,4681.0,95044104,2025-07-04,401.58,386.36,Paid
4709,4709,4682.0,51422190,2023-10-19,96.64,89.16,Paid
4710,4710,4683.0,86820499,2025-09-03,3717.89,3515.71,Paid
4711,4711,4684.0,35643704,2023-08-07,336.02,331.9,Paid
4712,4712,,41734324,2024-09-24,70.48,68.44,Paid
4713,4713,4685.0,69599038,2025-09-28,4427.76,4116.81,Paid
4714,4714,4686.0,60618268,2025-08-04,178.99,173.48,Paid
4715,4715,4687.0,78623435,2024-09-29,206.48,,Paid
4716,4716,,76629196,2023-12-30,444.67,428.89,Paid
4717,4717,4689.0,86820499,2024-09-27,3376.96,2022.4,Partially Paid
4718,4718,4690.0,34679155,2025-07-15,233.87,108.49,Partially Paid
4719,4719,4691.0,12334949,2024-04-05,35440.49,34443.36,Paid
4720,4720,4692.0,84734972,2023-08-24,5756.27,5432.9,Paid
4721,4721,4693.0,34679155,2023-06-28,,253.09,Paid
4722,4722,4694.0,74476075,2025-02-15,7090.06,6924.0,Paid
4723,4723,4695.0,60618268,2023-11-11,408.84,46.7,Partially Paid
4724,4724,4696.0,69893948,2023-12-31,4135.96,3894.51,Paid
4725,4725,,37909130,2025-09-27,163.18,151.0,Paid
4726,4726,4698.0,86820499,2023-01-29,,,Paid
4727,4727,,69893948,2024-07-12,1421.69,1401.47,Paid
4728,4728,4700.0,35643704,2025-03-18,223.3,203.84,Paid
4729,4729,4701.0,34679155,2024-12-08,90.24,,Paid
4730,4730,4702.0,70604284,2024-02-26,619.15,571.6,Paid
4731,4731,4703.0,60618268,2025-10-16,,226.77,Paid
4732,4732,4704.0,6138419,2025-09-14,2716.83,2464.06,Paid
4733,4733,4705.0,35867643,2023-07-08,2202.73,2087.61,Paid
4734,4734,,22394905,2023-06-24,7534.89,0.0,Denied
4735,4735,4707.0,6138419,2025-03-15,7121.64,0.0,Denied
4736,4736,4708.0,91900027,2023-07-04,394.6,361.86,Paid
4737,4737,4709.0,51422190,2023-04-14,126.31,116.17,Paid
4738,4738,4710.0,35643704,2025-07-01,,163.49,Partially Paid
4739,4739,4711.0,32867785,2023-07-11,6019.72,5523.61,Paid
4740,4740,4712.0,6138419,2025-03-01,2290.63,2233.17,Paid
4741,4741,4713.0,25875482,2024-02-24,542.2,500.8,Paid
4742,4742,4714.0,8409724,2024-11-14,345.85,318.98,Paid
4743,4743,4715.0,69893948,2024-11-20,3267.34,0.0,Denied
4744,4744,4716.0,52736082,2024-02-16,342.55,312.34,Paid
4745,4745,4717.0,47758957,2023-04-26,233.76,227.7,Paid
4746,4746,4718.0,41734324,2023-08-10,22.66,21.22,Paid
4747,4747,4719.0,60618268,2024-05-19,310.09,284.05,Paid
4748,4748,4720.0,52736082,2025-03-14,380.5,344.78,Paid
4749,4749,4721.0,44144684,2025-08-29,,7786.27,Paid
4750,4750,4722.0,60618268,2024-10-28,160.37,159.95,Paid
4751,4751,,25875482,2024-05-21,212.67,193.63,Paid
4752,4752,4724.0,12334949,2024-06-20,19724.24,18244.36,Paid
4753,4753,4725.0,76629196,2025-10-20,411.52,400.9,Paid
4754,4754,,20816724,2023-05-10,591.82,557.12,Paid
4755,4755,,34679155,2024-11-19,245.29,226.16,Paid
4756,4756,4728.0,34679155,2024-10-23,244.73,241.54,Paid
4757,4757,4729.0,30048293,2023-10-30,24142.83,5411.26,Partially Paid
4758,4758,,66200381,2025-06-17,4311.81,4042.13,Paid
4759,4759,4731.0,37909130,2024-09-07,219.55,,Paid
4760,4760,4732.0,58820915,2024-07-21,344.43,325.65,Paid
4761,4761,4733.0,69599038,2023-09-09,7989.94,0.0,Denied
4762,4762,4734.0,41734324,2025-09-10,54.25,53.27,Paid
4763,4763,4735.0,35643704,2023-08-16,332.24,,Paid
4764,4764,4736.0,35277331,2025-09-23,258.09,72.78,Partially Paid
4765,4765,4737.0,34679155,2025-05-24,181.92,118.26,Partially Paid
4766,4766,,60618268,2024-04-24,164.17,152.29,Paid
4767,4767,4739.0,3898775,2023-10-30,1418.49,829.36,Partially Paid
4768,4768,4740.0,74476075,2024-12-07,,189.56,Paid
4769,4769,,12334949,2024-10-23,38727.06,35976.63,Paid
4770,4770,4742.0,8409724,2023-09-25,,581.64,Paid
4771,4771,4743.0,51422190,2025-09-23,207.81,0.0,Denied
4772,4772,4744.0,30048293,2023-08-24,26227.44,25575.36,Paid
4773,4773,4745.0,37909130,2025-01-17,121.75,116.01,Paid
4774,4774,4746.0,58820915,2024-12-10,453.52,189.06,Partially Paid
4775,4775,4747.0,37909130,2024-06-02,385.72,377.72,Paid
4776,4776,4748.0,74476075,2024-10-17,1612.51,1528.25,Paid
4777,4777,4749.0,91900027,2023-06-12,156.2,148.63,Paid
4778,4778,4750.0,44144684,2023-06-16,37472.05,36844.79,Paid
4779,4779,4751.0,95044104,2024-03-28,145.12,139.24,Paid
4780,4780,4752.0,662337,2024-10-16,2435.89,,Paid
4781,4781,,35643704,2024-10-22,370.09,341.38,Paid
4782,4782,4754.0,12334949,2025-08-19,8610.21,8274.47,Paid
4783,4783,4755.0,21477593,2024-11-19,133.64,130.85,Paid
4784,4784,4756.0,2888077,2023-02-11,4648.51,0.0,Denied
4785,4785,4757.0,95376350,2025-04-06,7346.57,7023.42,Paid
4786,4786,4758.0,33391524,2023-10-27,6270.49,4947.18,Partially Paid
4787,4787,4759.0,51422190,2025-08-18,209.48,205.56,Paid
4788,4788,4760.0,83560890,2023-02-25,3501.47,3499.99,Paid
4789,4789,4761.0,41734324,2024-08-21,48.84,44.18,Paid
4790,4790,4762.0,37909130,2023-02-25,,273.98,Paid
4791,4791,4763.0,52736082,2025-04-08,316.77,290.11,Paid
4792,4792,4764.0,35277331,2024-09-15,284.75,268.39,Paid
4793,4793,4765.0,12334949,2025-06-24,10760.67,3454.3,Partially Paid
4794,4794,4766.0,20816724,2025-07-31,552.95,0.0,Denied
4795,4795,4767.0,37909130,2024-02-15,291.74,103.63,Partially Paid
4796,4796,4768.0,35867643,2025-06-14,4268.28,3251.96,Partially Paid
4797,4797,4769.0,47758957,2024-12-16,59.39,53.72,Paid
4798,4798,,51422190,2023-08-07,,153.94,Paid
4799,4799,4771.0,60618268,2024-11-14,127.71,125.34,Paid
4800,4800,4772.0,262606,2023-12-16,2619.4,2384.55,Paid
4801,4801,4773.0,62378778,2023-03-14,671.66,640.14,Paid
4802,4802,4774.0,37909130,2024-02-23,392.22,,Paid
4803,4803,4775.0,262606,2025-03-19,3519.42,3183.64,Paid
4804,4804,4776.0,44144684,2024-12-29,20711.58,20533.49,Paid
4805,4805,4777.0,32867785,2025-06-24,,3699.28,Paid
4806,4806,4778.0,20816724,2025-10-25,461.09,439.91,Paid
4807,4807,4779.0,35867643,2024-03-08,2872.38,2802.31,Paid
4808,4808,4780.0,25875482,2023-11-10,,260.59,Paid
4809,4809,4781.0,37909130,2024-05-16,90.93,86.59,Paid
4810,4810,4782.0,41734324,2023-06-26,,,Paid
4811,4811,4783.0,8409724,2024-07-18,380.34,,Paid
4812,4812,4784.0,662337,2024-09-08,,445.37,Paid
4813,4813,4785.0,262606,2023-03-18,7429.45,7137.46,Paid
4814,4814,4786.0,35277331,2025-11-02,380.9,98.15,Partially Paid
4815,4815,4787.0,35277331,2025-09-24,99.04,92.73,Paid
4816,4816,4788.0,95376350,2024-04-27,2925.93,,Partially Paid
4817,4817,4789.0,3898775,2025-04-13,3330.75,3200.01,Paid
4818,4818,4790.0,20816724,2023-02-07,254.92,0.0,Denied
4819,4819,4791.0,35867643,2023-08-02,2552.41,,Paid
4820,4820,4792.0,3898775,2024-03-07,773.43,592.98,Partially Paid
4821,4821,4793.0,86820499,2023-07-30,1938.45,,Paid
4822,4822,4794.0,70604284,2023-07-16,323.63,299.43,Paid
4823,4823,,60618268,2025-01-27,230.81,227.72,Paid
4824,4824,4795.0,60618268,2025-10-22,237.17,234.01,Paid
4825,4825,4796.0,3898775,2024-09-24,4008.6,3830.37,Paid
4826,4826,4797.0,84734972,2023-07-03,6115.87,5561.8,Paid
4827,4827,4798.0,35277331,2023-06-18,142.77,39.51,Partially Paid
4828,4828,4799.0,22394905,2024-06-21,6175.28,5823.38,Paid
4829,4829,4800.0,60618268,2023-10-21,307.81,,Partially Paid
4830,4830,4801.0,34679155,2023-08-23,342.33,,Denied
4831,4831,4802.0,32867785,2025-09-20,6662.23,6397.7,Paid
4832,4832,4803.0,3898775,2023-12-04,2637.18,2498.79,Paid
4833,4833,4804.0,60618268,2023-09-05,169.28,165.27,Paid
4834,4834,4805.0,35277331,2024-01-25,173.31,,Paid
4835,4835,,37909130,2025-05-31,301.96,74.12,Partially Paid
4836,4836,4807.0,69893948,2024-12-06,764.67,739.21,Paid
4837,4837,,60618268,2023-10-17,435.81,408.26,Paid
4838,4838,4809.0,74476075,2023-12-19,5637.57,5339.24,Paid
4839,4839,4810.0,262606,2024-01-13,5321.29,,Paid
4840,4840,4811.0,21477593,2025-08-20,,87.89,Paid
4841,4841,4812.0,84734972,2025-06-18,2473.08,,Partially Paid
4842,4842,4813.0,78623435,2025-07-03,274.06,254.72,Paid
4843,4843,,74476075,2024-02-02,6341.45,6017.39,Paid
4844,4844,4815.0,76629196,2025-04-17,428.48,411.49,Paid
4845,4845,4816.0,37909130,2025-05-15,364.15,335.35,Paid
4846,4846,4817.0,58738053,2024-02-27,35600.34,34165.19,Paid
4847,4847,4818.0,74476075,2024-03-29,1677.41,1563.16,Paid
4848,4848,4819.0,37909130,2024-07-26,239.19,221.24,Paid
4849,4849,4820.0,78623435,2024-03-30,225.26,138.83,Partially Paid
4850,4850,4821.0,86937698,2024-07-19,6244.17,5770.22,Paid
4851,4851,4822.0,44144684,2024-05-18,14103.18,,Paid
4852,4852,4823.0,37909130,2023-01-26,225.04,59.63,Partially Paid
4853,4853,4824.0,60618268,2023-10-17,216.99,0.0,Denied
4854,4854,4825.0,86820499,2023-09-27,1327.94,445.95,Partially Paid
4855,4855,4826.0,262606,2024-05-16,2831.34,0.0,Denied
4856,4856,4827.0,35277331,2023-06-08,163.08,156.78,Paid
4857,4857,4828.0,2888077,2023-05-12,489.93,,Denied
4858,4858,4829.0,3898775,2025-03-21,3463.52,3456.81,Paid
4859,4859,4830.0,6138419,2023-12-02,1086.94,1081.92,Paid
4860,4860,4831.0,25875482,2023-06-19,742.65,,Paid
4861,4861,,34679155,2023-02-23,369.69,,Paid
4862,4862,4833.0,74476075,2023-01-15,5133.43,0.0,Denied
4863,4863,4834.0,41734324,2025-07-08,97.32,,Paid
4864,4864,4835.0,5243984,2023-08-29,36141.53,0.0,Denied
4865,4865,4836.0,60618268,2023-10-04,295.95,271.52,Paid
4866,4866,4837.0,84940684,2024-05-24,24273.36,,Denied
4867,4867,4838.0,58820915,2024-04-25,327.62,308.02,Paid
4868,4868,4839.0,35277331,2023-04-17,70.1,47.79,Partially Paid
4869,4869,4840.0,25875482,2024-03-19,349.84,0.0,Denied
4870,4870,4841.0,6138419,2023-02-04,2385.11,1147.02,Partially Paid
4871,4871,4842.0,95044104,2025-08-09,776.98,703.49,Paid
4872,4872,4843.0,41734324,2023-06-09,,121.0,Paid
4873,4873,4844.0,37909130,2025-02-06,285.67,264.66,Paid
4874,4874,,83560890,2023-07-05,5342.6,5336.71,Paid
4875,4875,4846.0,86820499,2023-12-07,7892.5,2906.43,Partially Paid
4876,4876,4847.0,6138419,2023-09-25,,6093.45,Paid
4877,4877,,35277331,2023-11-16,116.61,110.49,Paid
4878,4878,4849.0,44144684,2024-10-10,21278.87,19249.29,Paid
4879,4879,4850.0,86820499,2023-03-01,4521.82,4390.57,Paid
4880,4880,4851.0,83560890,2025-04-25,4673.85,1228.87,Partially Paid
4881,4881,4852.0,74476075,2025-01-17,4865.19,4767.78,Paid
4882,4882,4853.0,21477593,2023-02-27,92.03,91.37,Paid
4883,4883,4854.0,58820915,2025-04-28,176.74,162.04,Paid
4884,4884,4855.0,60618268,2025-06-20,233.02,216.73,Paid
4885,4885,4856.0,47758957,2024-01-28,92.56,91.3,Paid
4886,4886,4857.0,37909130,2023-12-01,187.82,178.93,Paid
4887,4887,4858.0,5243984,2023-07-22,21707.28,,Paid
4888,4888,4859.0,41734324,2023-08-26,32.01,30.41,Paid
4889,4889,4860.0,60618268,2024-03-20,55.69,51.26,Paid
4890,4890,4861.0,52736082,2023-07-09,480.02,277.3,Partially Paid
4891,4891,4862.0,35277331,2023-04-20,239.96,,Paid
4892,4892,4863.0,22394905,2025-10-06,3345.87,1415.49,Partially Paid
4893,4893,4864.0,84734972,2023-08-21,,928.25,Paid
4894,4894,,86820499,2023-06-29,3749.6,3466.28,Paid
4895,4895,,91900027,2024-06-15,59.16,,Paid
4896,4896,4867.0,44144684,2023-04-28,,14532.31,Partially Paid
4897,4897,4868.0,21477593,2024-07-27,118.77,108.94,Paid
4898,4898,4869.0,74476075,2024-10-11,7045.67,7005.25,Paid
4899,4899,,22394905,2023-09-17,1984.83,1093.55,Partially Paid
4900,4900,4870.0,25875482,2025-05-15,740.42,670.44,Paid
4901,4901,4871.0,86937698,2023-11-01,2056.91,814.12,Partially Paid
4902,4902,4872.0,63154872,2024-08-10,,3428.71,Paid
4903,4903,4873.0,74476075,2024-10-06,274.48,,Paid
4904,4904,4874.0,37909130,2025-09-01,393.14,68.0,Partially Paid
4905,4905,4875.0,66200381,2024-05-10,5135.34,,Paid
4906,4906,4876.0,70604284,2025-09-17,451.65,437.4,Paid
4907,4907,4877.0,30048293,2024-04-10,39437.42,38236.55,Paid
4908,4908,4878.0,74476075,2025-09-27,,2392.9,Paid
4909,4909,4879.0,12334949,2025-08-18,13701.33,12985.87,Paid
4910,4910,4880.0,662337,2023-11-16,6721.59,6211.7,Paid
4911,4911,4881.0,60618268,2023-01-09,401.68,362.26,Paid
4912,4912,4882.0,22394905,2025-07-05,2295.59,2208.39,Paid
4913,4913,4883.0,34679155,2023-03-08,259.64,248.49,Paid
4914,4914,4884.0,74476075,2025-03-10,3306.12,3288.37,Paid
4915,4915,4885.0,86820499,2023-07-05,4855.25,,Partially Paid
4916,4916,4886.0,58820915,2023-02-23,265.05,258.04,Paid
4917,4917,4887.0,66200381,2023-09-09,1370.73,,Paid
4918,4918,,8409724,2023-11-25,207.25,0.0,Denied
4919,4919,4889.0,37909130,2024-12-10,50.81,49.96,Paid
4920,4920,4890.0,37909130,2025-05-19,111.2,,Paid
4921,4921,4891.0,84940684,2025-10-14,27844.85,,Paid
4922,4922,4892.0,86937698,2024-06-04,1603.21,919.22,Partially Paid
4923,4923,4893.0,12334949,2024-01-15,6214.01,6149.62,Paid
4924,4924,,84734972,2023-05-15,5017.39,4587.64,Paid
4925,4925,4895.0,3898775,2023-10-06,5372.09,1778.19,Partially Paid
4926,4926,,62378778,2025-10-03,420.78,,Partially Paid
4927,4927,4897.0,6138419,2025-09-27,1844.67,1743.92,Paid
4928,4928,4898.0,95376350,2023-05-27,1195.75,1104.8,Paid
4929,4929,4899.0,78623435,2024-05-05,279.46,252.34,Paid
4930,4930,4900.0,2888077,2023-12-31,6973.96,6678.8,Paid
4931,4931,4901.0,2888077,2024-03-08,1287.58,1182.17,Paid
4932,4932,4902.0,60618268,2024-10-20,445.51,192.53,Partially Paid
4933,4933,,58820915,2024-05-24,250.42,,Denied
4934,4934,4903.0,44144684,2024-02-25,21790.37,20102.03,Paid
4935,4935,4904.0,52736082,2024-01-16,155.42,147.9,Paid
4936,4936,4905.0,60618268,2024-04-19,55.77,53.22,Paid
4937,4937,,34679155,2023-01-07,119.07,118.89,Paid
4938,4938,,44144684,2023-09-10,8350.13,3438.34,Partially Paid
4939,4939,4908.0,74476075,2025-01-20,2642.65,2604.68,Paid
4940,4940,4909.0,3898775,2024-10-21,,4811.68,Paid
4941,4941,4910.0,262606,2023-09-12,6276.63,5997.57,Paid
4942,4942,4911.0,662337,2024-10-21,652.08,0.0,Denied
4943,4943,4912.0,37909130,2023-12-06,386.54,376.35,Paid
4944,4944,4913.0,66200381,2024-08-26,982.46,653.14,Partially Paid
4945,4945,4914.0,37909130,2025-02-19,,184.02,Paid
4946,4946,4915.0,60618268,2023-07-24,295.07,0.0,Denied
4947,4947,4916.0,33391524,2024-11-11,2828.28,2713.73,Paid
4948,4948,4917.0,34679155,2024-06-07,289.81,275.11,Paid
4949,4949,4918.0,66200381,2025-09-21,,,Paid
4950,4950,4919.0,69599038,2023-01-30,2437.01,1126.27,Partially Paid
4951,4951,4920.0,3898775,2024-01-09,6659.38,6454.79,Paid
4952,4952,4921.0,35277331,2024-05-14,101.6,75.66,Partially Paid
4953,4953,4922.0,69599038,2023-02-19,2815.25,1039.43,Partially Paid
4954,4954,4923.0,74476075,2025-07-11,7895.57,4923.89,Partially Paid
4955,4955,4924.0,37909130,2023-02-16,346.49,345.63,Paid
4956,4956,4925.0,74476075,2025-04-28,4408.93,3323.73,Partially Paid
4957,4957,4926.0,35867643,2023-06-12,6630.1,6162.3,Paid
4958,4958,4927.0,37909130,2025-01-10,366.46,0.0,Denied
4959,4959,4928.0,2888077,2025-09-18,6421.0,,Paid
4960,4960,4929.0,58738053,2024-10-09,26049.64,24076.99,Paid
4961,4961,4930.0,20816724,2024-09-12,704.85,678.71,Paid
4962,4962,4931.0,37909130,2023-05-28,,100.14,Partially Paid
4963,4963,4932.0,44144684,2023-04-11,5474.3,690.79,Partially Paid
4964,4964,,35643704,2024-05-30,319.17,312.53,Paid
4965,4965,4934.0,44144684,2024-12-19,10963.86,10176.71,Paid
4966,4966,4935.0,41734324,2024-10-09,72.09,71.85,Paid
4967,4967,4936.0,62378778,2023-07-02,,764.52,Paid
4968,4968,,60618268,2025-02-02,,45.66,Paid
4969,4969,4938.0,70604284,2024-11-23,755.06,742.84,Paid
4970,4970,4939.0,58738053,2024-07-16,21835.95,15279.26,Partially Paid
4971,4971,4940.0,12334949,2023-03-23,29177.34,18785.11,Partially Paid
4972,4972,4941.0,60618268,2025-04-03,,229.4,Paid
4973,4973,4942.0,60618268,2024-07-23,202.27,189.44,Paid
4974,4974,,74476075,2024-04-11,1644.72,241.97,Partially Paid
4975,4975,4944.0,51422190,2023-09-18,145.15,140.52,Paid
4976,4976,4945.0,35277331,2025-07-26,311.86,298.6,Paid
4977,4977,4946.0,84734972,2024-09-18,356.12,344.03,Paid
4978,4978,4947.0,95044104,2024-06-06,722.78,720.65,Paid
4979,4979,4948.0,62378778,2025-10-09,,445.5,Paid
4980,4980,4949.0,20816724,2025-05-06,652.1,279.76,Partially Paid
4981,4981,4950.0,5243984,2024-07-15,34976.42,33447.61,Paid
4982,4982,4951.0,69893948,2025-07-03,2591.57,2451.04,Paid
4983,4983,,34679155,2023-06-17,,253.2,Paid
4984,4984,4953.0,22394905,2024-03-07,1083.15,1037.59,Paid
4985,4985,4954.0,62378778,2024-10-14,481.37,451.27,Paid
4986,4986,4955.0,58820915,2025-05-01,252.77,249.12,Paid
4987,4987,4956.0,74476075,2024-07-10,465.59,322.24,Partially Paid
4988,4988,4957.0,84940684,2023-02-07,29402.42,29292.78,Paid
4989,4989,4958.0,37909130,2024-10-18,210.4,197.15,Paid
4990,4990,4959.0,37909130,2024-07-05,174.93,169.85,Paid
4991,4991,,33391524,2024-03-07,2087.8,1935.7,Paid
4992,4992,4961.0,25875482,2023-02-24,799.77,612.95,Partially Paid
4993,4993,4962.0,35277331,2023-09-25,234.79,,Paid
4994,4994,4963.0,69893948,2025-10-16,669.49,641.44,Paid
4995,4995,4964.0,35277331,2025-04-05,58.0,54.66,Paid
4996,4996,4965.0,69599038,2025-06-10,5514.48,5261.34,Paid
4997,4997,4966.0,3898775,2025-09-14,4904.63,4464.49,Paid
4998,4998,4967.0,70604284,2024-06-08,154.67,145.7,Paid
4999,4999,4968.0,86937698,2025-03-08,1705.75,1634.44,Paid
5000,5000,4969.0,66200381,2024-12-03,4937.6,4492.78,Paid
5001,5001,4970.0,37909130,2023-05-07,218.13,200.86,Paid
5002,5002,,58820915,2024-02-07,,38.98,Partially Paid
5003,5003,4972.0,22394905,2024-09-05,2007.25,807.99,Partially Paid
5004,5004,4973.0,22394905,2023-07-20,4507.17,4227.43,Paid
5005,5005,4974.0,34679155,2023-12-24,250.33,247.85,Paid
5006,5006,,58738053,2023-11-15,24365.43,0.0,Denied
5007,5007,4976.0,3898775,2024-12-15,947.93,866.89,Paid
5008,5008,4977.0,34679155,2025-01-22,260.96,,Paid
5009,5009,4978.0,30048293,2024-08-17,33948.22,31258.87,Paid
5010,5010,4979.0,60618268,2023-11-22,274.35,,Paid
5011,5011,,34679155,2023-04-20,307.29,,Paid
5012,5012,4981.0,12334949,2023-06-12,39840.52,39099.57,Paid
5013,5013,4982.0,58820915,2024-12-22,114.98,,Paid
5014,5014,4983.0,74476075,2025-11-12,2119.43,1991.11,Paid
5015,5015,4984.0,25875482,2025-11-10,709.77,697.85,Paid
5016,5016,4985.0,35277331,2025-06-25,108.01,99.99,Paid
5017,5017,4986.0,76629196,2024-08-26,63.51,62.7,Paid
5018,5018,4987.0,86820499,2024-10-04,1624.6,1478.44,Paid
5019,5019,,34679155,2023-04-13,99.25,91.94,Paid
5020,5020,4989.0,58738053,2023-10-03,25829.96,7091.53,Partially Paid
5021,5021,4990.0,37909130,2025-05-14,177.54,161.56,Paid
5022,5022,4991.0,35277331,2023-06-11,253.85,251.38,Paid
5023,5023,4992.0,5243984,2025-11-12,,15331.01,Paid
5024,5024,4993.0,62378778,2023-05-15,790.33,733.05,Paid
5025,5025,4994.0,262606,2025-04-29,7622.28,,Partially Paid
5026,5026,4995.0,69893948,2024-03-12,3734.52,3583.48,Paid
5027,5027,4996.0,37909130,2023-07-20,281.19,0.0,Denied
5028,5028,,21477593,2023-11-20,461.28,448.64,Paid
5029,5029,4998.0,58820915,2024-03-03,,267.45,Paid
5030,5030,4999.0,60618268,2023-06-24,488.41,,Paid
5031,5031,5000.0,34679155,2023-05-12,340.52,,Paid
5032,5032,5001.0,83560890,2024-10-08,,2696.56,Partially Paid
5033,5033,5002.0,37909130,2023-04-30,340.68,320.45,Paid
5034,5034,5003.0,83560890,2025-10-09,,5632.2,Paid
5035,5035,5004.0,74476075,2025-02-09,1367.42,1231.8,Paid
5036,5036,5005.0,58820915,2023-04-27,205.66,116.0,Partially Paid
5037,5037,5006.0,84734972,2024-11-22,6851.32,4228.03,Partially Paid
5038,5038,5007.0,22394905,2024-09-06,4581.7,769.71,Partially Paid
5039,5039,5008.0,34679155,2025-10-19,284.91,99.12,Partially Paid
5040,5040,5009.0,58820915,2025-02-20,,387.31,Paid
5041,5041,5010.0,35867643,2024-07-25,6023.47,5977.91,Paid
5042,5042,5011.0,6138419,2023-05-05,5659.83,822.7,Partially Paid
5043,5043,,52736082,2023-12-29,358.03,344.33,Paid
5044,5044,5013.0,35277331,2025-04-21,303.97,,Paid
5045,5045,5014.0,83560890,2025-02-21,,3885.39,Paid
5046,5046,5015.0,34679155,2024-03-26,199.08,182.24,Paid
5047,5047,5016.0,95376350,2025-03-12,3406.71,3082.18,Paid
5048,5048,5017.0,2888077,2024-10-22,494.52,199.14,Partially Paid
5049,5049,,86820499,2023-08-16,5740.8,5170.15,Paid
5050,5050,5019.0,86937698,2025-11-04,2414.8,2283.57,Paid
5051,5051,5020.0,95376350,2025-09-14,,,Paid
5052,5052,5021.0,12334949,2024-04-21,15478.75,,Partially Paid
5053,5053,5022.0,6138419,2023-08-15,3026.57,,Paid
5054,5054,5023.0,60618268,2025-05-15,477.79,476.5,Paid
5055,5055,5024.0,12334949,2023-12-16,29044.09,27862.02,Paid
5056,5056,5025.0,91900027,2023-03-01,117.95,108.1,Paid
5057,5057,,60618268,2025-04-29,66.1,63.19,Paid
5058,5058,5027.0,60618268,2023-05-24,427.95,93.24,Partially Paid
5059,5059,5028.0,83560890,2025-07-26,561.16,420.28,Partially Paid
5060,5060,5029.0,33391524,2023-09-10,3253.12,2040.66,Partially Paid
5061,5061,5030.0,30048293,2025-04-11,35658.6,0.0,Denied
5062,5062,5031.0,95044104,2023-04-22,149.57,149.28,Paid
5063,5063,5032.0,35277331,2023-05-05,266.59,263.21,Paid
5064,5064,5033.0,34679155,2025-03-04,265.06,250.2,Paid
5065,5065,5034.0,34679155,2025-10-16,368.98,175.29,Partially Paid
5066,5066,5035.0,34679155,2023-04-25,393.78,371.61,Paid
5067,5067,5036.0,84734972,2024-04-18,7646.31,7093.22,Paid
5068,5068,5037.0,66200381,2023-01-03,,5645.12,Paid
5069,5069,5038.0,41734324,2024-05-16,75.84,68.3,Paid
5070,5070,5039.0,84940684,2024-10-06,31165.18,4374.95,Partially Paid
5071,5071,5040.0,37909130,2023-02-18,105.93,98.12,Paid
5072,5072,5041.0,41734324,2024-10-18,138.96,101.16,Partially Paid
5073,5073,5042.0,52736082,2025-10-02,296.3,293.42,Paid
5074,5074,5043.0,41734324,2023-02-19,63.59,60.42,Paid
5075,5075,5044.0,41734324,2024-01-12,11.84,11.8,Paid
5076,5076,5045.0,8409724,2023-08-28,191.4,181.22,Paid
5077,5077,5046.0,86820499,2024-12-08,304.98,280.83,Paid
5078,5078,5047.0,22394905,2025-11-16,391.2,384.23,Paid
5079,5079,5048.0,12334949,2025-10-05,14040.19,11011.36,Partially Paid
5080,5080,5049.0,30048293,2024-03-11,12569.43,11906.8,Paid
5081,5081,5050.0,76629196,2024-06-27,386.06,379.78,Paid
5082,5082,5051.0,83560890,2023-12-31,5134.47,4813.81,Paid
5083,5083,5052.0,25875482,2025-06-17,110.72,108.65,Paid
5084,5084,5053.0,662337,2023-06-27,1267.85,1266.39,Paid
5085,5085,5054.0,37909130,2024-08-11,354.37,326.29,Paid
5086,5086,5055.0,58820915,2024-09-19,452.54,0.0,Denied
5087,5087,,12334949,2025-01-23,6110.47,5694.72,Paid
5088,5088,5057.0,52736082,2023-08-09,450.58,431.61,Paid
5089,5089,5058.0,30048293,2023-09-21,11946.64,11720.19,Paid
5090,5090,5059.0,37909130,2024-05-05,86.28,77.69,Paid
5091,5091,5060.0,69893948,2025-10-12,326.01,318.78,Paid
5092,5092,5061.0,69893948,2025-02-16,3544.18,3203.98,Paid
5093,5093,5062.0,30048293,2025-08-08,16006.74,15376.03,Paid
5094,5094,5063.0,35867643,2024-02-25,7773.59,7408.17,Paid
5095,5095,5064.0,22394905,2025-07-31,430.43,430.14,Paid
5096,5096,5065.0,51422190,2025-01-11,84.75,,Paid
5097,5097,5066.0,35277331,2024-01-21,191.32,191.04,Paid
5098,5098,5067.0,83560890,2025-03-04,265.39,262.32,Paid
5099,5099,5068.0,32867785,2023-05-10,7026.9,6737.39,Paid
5100,5100,5069.0,70604284,2024-06-29,333.07,300.54,Paid
5101,5101,5070.0,662337,2024-08-07,986.73,965.63,Paid
5102,5102,5071.0,35867643,2023-05-08,4343.15,,Paid
5103,5103,5072.0,84940684,2025-07-22,24284.31,23847.01,Paid
5104,5104,5073.0,95044104,2024-06-06,362.36,173.0,Partially Paid
5105,5105,5074.0,76629196,2025-03-03,94.91,86.09,Paid
5106,5106,5075.0,35277331,2024-09-01,,36.5,Partially Paid
5107,5107,5076.0,58820915,2025-10-18,367.9,356.96,Paid
5108,5108,5077.0,8409724,2024-05-08,379.11,369.06,Paid
5109,5109,5078.0,91900027,2024-11-14,,610.49,Paid
5110,5110,5079.0,662337,2023-06-09,,2405.77,Paid
5111,5111,5080.0,63154872,2024-07-07,3947.7,3934.07,Paid
5112,5112,5081.0,34679155,2023-11-22,207.35,187.42,Paid
5113,5113,5082.0,25875482,2024-09-24,668.68,,Partially Paid
5114,5114,5083.0,8409724,2023-08-24,299.04,281.29,Paid
5115,5115,5084.0,41734324,2025-11-12,102.71,34.93,Partially Paid
5116,5116,5085.0,21477593,2023-11-03,,137.81,Paid
5117,5117,5086.0,2888077,2023-04-23,7953.01,,Paid
5118,5118,5087.0,34679155,2023-02-18,,,Denied
5119,5119,5088.0,2888077,2024-04-22,,4329.74,Paid
5120,5120,5089.0,51422190,2025-03-10,98.24,,Paid
5121,5121,5090.0,35643704,2025-04-24,448.85,0.0,Denied
5122,5122,5091.0,78623435,2024-07-04,274.5,272.14,Paid
5123,5123,5092.0,3898775,2023-11-26,3401.26,3274.36,Paid
5124,5124,5093.0,86820499,2023-11-01,6611.0,6138.56,Paid
5125,5125,5094.0,30048293,2023-06-04,14966.01,7432.07,Partially Paid
5126,5126,5095.0,5243984,2025-03-14,17446.63,17225.07,Paid
5127,5127,5096.0,58820915,2023-03-21,46.25,44.03,Paid
5128,5128,5097.0,30048293,2024-09-02,35176.84,,Paid
5129,5129,5098.0,6138419,2024-11-27,5388.67,5122.71,Paid
5130,5130,5099.0,3898775,2025-10-19,6235.09,5679.55,Paid
5131,5131,5100.0,60618268,2023-08-06,42.01,40.44,Paid
5132,5132,5101.0,41734324,2025-10-10,23.05,21.33,Paid
5133,5133,5102.0,25875482,2024-07-06,182.11,0.0,Denied
5134,5134,5103.0,60618268,2024-09-19,386.14,352.94,Paid
5135,5135,,86937698,2024-10-17,7790.61,7703.95,Paid
5136,5136,5105.0,44144684,2023-11-18,22792.1,22512.25,Paid
5137,5137,,12334949,2025-10-17,17017.66,16847.93,Paid
5138,5138,5106.0,60618268,2023-05-02,,135.45,Paid
5139,5139,5107.0,37909130,2023-12-04,316.95,312.58,Paid
5140,5140,5108.0,74476075,2023-02-11,7300.26,7275.58,Paid
5141,5141,5109.0,58738053,2024-08-26,27517.87,25393.22,Paid
5142,5142,5110.0,37909130,2025-05-27,382.04,223.59,Partially Paid
5143,5143,5111.0,84940684,2025-07-19,9531.75,9307.29,Paid
5144,5144,5112.0,41734324,2024-03-08,102.61,98.13,Paid
5145,5145,5113.0,78623435,2023-02-14,61.27,58.57,Paid
5146,5146,5114.0,2888077,2024-05-22,715.02,652.89,Paid
5147,5147,5115.0,69599038,2024-12-15,7691.17,,Paid
5148,5148,5116.0,37909130,2024-12-02,275.14,263.39,Paid
5149,5149,5117.0,37909130,2024-06-18,130.01,121.57,Paid
5150,5150,5118.0,51422190,2024-04-01,150.39,44.01,Partially Paid
5151,5151,5119.0,8409724,2025-04-28,689.99,685.85,Paid
5152,5152,5120.0,12334949,2024-05-03,16293.73,,Paid
5153,5153,,30048293,2024-03-04,39888.53,36392.35,Paid
5154,5154,5122.0,37909130,2024-01-09,187.71,170.72,Paid
5155,5155,5123.0,78623435,2025-10-31,254.27,245.01,Paid
5156,5156,5124.0,84734972,2025-06-28,396.08,382.03,Paid
5157,5157,5125.0,86820499,2024-03-21,1646.92,1635.67,Paid
5158,5158,5126.0,62378778,2023-01-07,768.34,,Paid
5159,5159,5127.0,2888077,2024-05-09,3639.25,1634.5,Partially Paid
5160,5160,5128.0,70604284,2025-06-09,676.85,647.46,Paid
5161,5161,5129.0,83560890,2024-07-02,824.25,790.14,Paid
5162,5162,5130.0,74476075,2023-11-11,4313.0,3945.02,Paid
5163,5163,5131.0,37909130,2023-08-03,160.49,149.47,Paid
5164,5164,5132.0,84940684,2025-10-08,38520.96,,Paid
5165,5165,5133.0,52736082,2024-04-11,103.42,99.71,Paid
5166,5166,5134.0,70604284,2025-05-16,612.08,223.79,Partially Paid
5167,5167,,66200381,2023-03-30,1537.93,1431.46,Paid
5168,5168,5135.0,44144684,2023-04-26,31895.75,30736.34,Paid
5169,5169,5136.0,51422190,2025-05-13,117.65,,Paid
5170,5170,5137.0,60618268,2024-03-02,101.89,98.16,Paid
5171,5171,5138.0,3898775,2024-08-10,5469.08,3512.77,Partially Paid
5172,5172,5139.0,21477593,2025-09-01,172.28,167.92,Paid
5173,5173,5140.0,35277331,2025-10-04,96.9,91.52,Paid
5174,5174,5141.0,12334949,2024-09-05,13788.35,13525.29,Paid
5175,5175,5142.0,262606,2024-10-08,7758.77,7737.2,Paid
5176,5176,5143.0,58820915,2024-07-23,23.04,22.88,Paid
5177,5177,,52736082,2024-12-27,387.85,,Partially Paid
5178,5178,5145.0,84940684,2023-05-01,16217.28,15473.94,Paid
5179,5179,5146.0,25875482,2024-01-28,117.24,,Paid
5180,5180,5147.0,47758957,2024-07-22,417.76,,Paid
5181,5181,5148.0,52736082,2025-02-09,,0.0,Denied
5182,5182,5149.0,34679155,2023-01-04,319.05,293.06,Paid
5183,5183,,84940684,2025-08-03,17954.97,12428.33,Partially Paid
5184,5184,5151.0,63154872,2023-10-13,4786.01,,Paid
5185,5185,,37909130,2024-10-26,265.01,175.23,Partially Paid
5186,5186,5152.0,37909130,2025-05-22,316.26,294.46,Paid
5187,5187,5153.0,12334949,2025-02-07,38277.05,37701.99,Paid
5188,5188,5154.0,74476075,2024-10-21,1789.95,550.3,Partially Paid
5189,5189,5155.0,78623435,2025-05-05,102.13,101.46,Paid
5190,5190,5156.0,86937698,2023-08-17,6897.21,6482.05,Paid
5191,5191,5157.0,41734324,2023-04-29,56.43,51.46,Paid
5192,5192,5158.0,2888077,2025-06-26,4948.5,4505.07,Paid
5193,5193,5159.0,58820915,2025-03-04,343.09,318.08,Paid
5194,5194,5160.0,8409724,2025-11-13,214.24,208.9,Paid
5195,5195,5161.0,84940684,2025-11-07,36721.3,35904.93,Paid
5196,5196,5162.0,44144684,2025-03-13,23826.2,21865.22,Paid
5197,5197,5163.0,58820915,2023-01-26,438.9,0.0,Denied
5198,5198,5164.0,95044104,2024-11-12,492.81,449.23,Paid
5199,5199,5165.0,35277331,2025-02-26,208.31,201.18,Paid
5200,5200,5166.0,12334949,2023-05-16,14695.82,14558.11,Paid
5201,5201,5167.0,21477593,2024-09-23,470.34,462.46,Paid
5202,5202,5168.0,86820499,2024-10-29,636.31,613.39,Paid
5203,5203,5169.0,5243984,2025-04-16,27354.0,26092.12,Paid
5204,5204,5170.0,37909130,2023-05-09,177.6,161.16,Paid
5205,5205,5171.0,86820499,2023-02-23,2350.99,,Paid
5206,5206,5172.0,12334949,2023-05-03,31949.56,30500.11,Paid
5207,5207,5173.0,41734324,2024-06-06,137.09,,Paid
5208,5208,5174.0,12334949,2023-11-25,20190.52,,Partially Paid
5209,5209,5175.0,95376350,2023-04-13,5195.84,2420.46,Partially Paid
5210,5210,5176.0,3898775,2025-03-07,948.93,898.31,Paid
5211,5211,5177.0,22394905,2025-04-18,7130.89,6815.08,Paid
5212,5212,5178.0,69893948,2023-11-11,2385.02,2207.32,Paid
5213,5213,5179.0,60618268,2025-09-18,104.79,0.0,Denied
5214,5214,5180.0,86820499,2023-05-13,6022.03,,Paid
5215,5215,5181.0,41734324,2023-12-31,118.24,113.64,Paid
5216,5216,5182.0,30048293,2024-07-07,25642.86,,Partially Paid
5217,5217,5183.0,20816724,2023-03-19,112.06,110.5,Paid
5218,5218,5184.0,3898775,2023-10-02,7869.82,7674.58,Paid
5219,5219,5185.0,69893948,2023-12-05,,,Paid
5220,5220,5186.0,69893948,2024-06-08,4398.03,,Paid
5221,5221,5187.0,86820499,2025-09-04,3362.12,3059.41,Paid
5222,5222,,35867643,2025-01-12,7864.83,2154.12,Partially Paid
5223,5223,,69599038,2025-10-10,,2067.79,Paid
5224,5224,5190.0,60618268,2023-10-29,153.8,140.65,Paid
5225,5225,,69599038,2025-06-04,2741.99,,Paid
5226,5226,5192.0,60618268,2023-01-26,221.75,214.89,Paid
5227,5227,5193.0,25875482,2023-12-16,509.83,483.11,Paid
5228,5228,5194.0,34679155,2025-06-21,311.97,307.83,Paid
5229,5229,5195.0,58820915,2025-01-09,437.09,0.0,Denied
5230,5230,5196.0,37909130,2024-12-22,,46.53,Partially Paid
5231,5231,5197.0,35277331,2025-04-17,397.77,358.79,Paid
5232,5232,,262606,2023-02-20,7908.0,7355.03,Paid
5233,5233,5199.0,69893948,2025-09-03,7414.01,7303.68,Paid
5234,5234,5200.0,63154872,2025-06-19,7903.28,,Paid
5235,5235,5201.0,58738053,2024-05-23,22705.71,21759.62,Paid
5236,5236,5202.0,66200381,2025-03-10,6448.21,,Paid
5237,5237,5203.0,91900027,2025-03-07,252.37,230.0,Paid
5238,5238,5204.0,60618268,2023-11-10,25.77,0.0,Denied
5239,5239,5205.0,69893948,2024-07-04,6439.86,6160.23,Paid
5240,5240,5206.0,35277331,2023-06-03,245.65,89.23,Partially Paid
5241,5241,5207.0,51422190,2024-06-22,168.95,158.55,Paid
5242,5242,5208.0,47758957,2023-05-25,202.94,0.0,Denied
5243,5243,5209.0,84940684,2025-11-04,,17700.49,Paid
5244,5244,5210.0,78623435,2025-01-07,181.81,180.96,Paid
5245,5245,5211.0,30048293,2025-02-24,26472.53,24392.47,Paid
5246,5246,,83560890,2023-01-04,4128.69,0.0,Denied
5247,5247,5212.0,37909130,2023-01-08,211.14,,Paid
5248,5248,5213.0,37909130,2025-11-13,60.27,60.16,Paid
5249,5249,5214.0,58820915,2025-09-26,84.48,77.71,Paid
5250,5250,5215.0,58820915,2025-10-12,429.77,410.82,Paid
5251,5251,5216.0,6138419,2023-06-05,5534.8,,Paid
5252,5252,5217.0,78623435,2023-04-06,319.9,0.0,Denied
5253,5253,5218.0,33391524,2024-06-19,,1507.29,Paid
5254,5254,5219.0,74476075,2024-07-25,3808.69,3699.53,Paid
5255,5255,5220.0,3898775,2024-12-31,5029.12,,Paid
5256,5256,5221.0,62378778,2023-09-30,104.12,98.37,Paid
5257,5257,5222.0,6138419,2025-10-08,6876.92,6568.43,Paid
5258,5258,5223.0,66200381,2023-02-19,3433.14,3179.68,Paid
5259,5259,5224.0,84734972,2025-03-22,897.56,154.42,Partially Paid
5260,5260,5225.0,34679155,2023-05-23,210.89,,Paid
5261,5261,5226.0,37909130,2023-11-16,,107.3,Paid
5262,5262,5227.0,74476075,2023-07-06,6693.66,6074.33,Paid
5263,5263,5228.0,8409724,2025-04-05,76.89,70.3,Paid
5264,5264,5229.0,91900027,2025-01-16,86.42,86.04,Paid
5265,5265,5230.0,20816724,2024-12-19,221.52,0.0,Denied
5266,5266,5231.0,32867785,2025-05-12,1229.97,0.0,Denied
5267,5267,,69599038,2025-02-12,7519.22,,Paid
5268,5268,5233.0,63154872,2023-07-25,1814.13,1638.04,Paid
5269,5269,5234.0,58820915,2023-11-03,,149.73,Paid
5270,5270,5235.0,21477593,2025-04-29,181.97,164.68,Paid
5271,5271,5236.0,32867785,2025-09-11,2368.01,,Paid
5272,5272,5237.0,34679155,2023-02-26,,308.42,Paid
5273,5273,5238.0,2888077,2025-05-31,4252.22,3940.95,Paid
5274,5274,,58820915,2024-04-06,297.22,,Paid
5275,5275,5240.0,70604284,2025-03-06,695.26,636.95,Paid
5276,5276,,52736082,2023-02-13,155.33,141.27,Paid
5277,5277,5242.0,84940684,2023-01-15,19208.87,,Paid
5278,5278,,35277331,2023-09-03,371.7,368.91,Paid
5279,5279,5244.0,95044104,2023-02-12,260.42,244.57,Paid
5280,5280,5245.0,12334949,2024-08-04,39706.14,38411.2,Paid
5281,5281,,60618268,2025-10-19,396.6,362.58,Paid
5282,5282,5246.0,37909130,2025-09-22,78.12,,Paid
5283,5283,5247.0,3898775,2023-07-01,,1314.4,Partially Paid
5284,5284,5248.0,70604284,2024-08-28,302.84,281.54,Paid
5285,5285,5249.0,30048293,2023-04-12,10080.16,9090.76,Paid
5286,5286,5250.0,60618268,2024-02-05,487.46,,Paid
5287,5287,5251.0,37909130,2024-06-04,121.09,,Paid
5288,5288,5252.0,69599038,2024-10-24,642.15,594.9,Paid
5289,5289,5253.0,12334949,2024-02-10,19641.99,17898.46,Paid
5290,5290,5254.0,74476075,2025-01-13,1524.44,1511.6,Paid
5291,5291,5255.0,37909130,2025-05-12,115.27,104.07,Paid
5292,5292,5256.0,35643704,2024-06-28,345.9,319.86,Paid
5293,5293,5257.0,60618268,2024-07-03,286.14,270.28,Paid
5294,5294,,25875482,2023-07-31,69.73,44.23,Partially Paid
5295,5295,5259.0,262606,2025-06-07,7627.34,6911.06,Paid
5296,5296,5260.0,84734972,2025-09-09,3132.98,,Paid
5297,5297,5261.0,32867785,2024-06-19,7389.22,7153.13,Paid
5298,5298,,76629196,2024-05-22,645.72,323.84,Partially Paid
5299,5299,5263.0,83560890,2023-12-16,3184.92,2912.37,Paid
5300,5300,5264.0,37909130,2024-05-28,133.45,122.15,Paid
5301,5301,5265.0,51422190,2025-04-18,168.07,160.28,Paid
5302,5302,5266.0,66200381,2023-03-14,6275.83,6185.61,Paid
5303,5303,,662337,2025-06-05,4014.09,2463.71,Partially Paid
5304,5304,5268.0,3898775,2024-08-15,344.77,332.27,Paid
5305,5305,5269.0,35643704,2023-09-09,372.54,,Paid
5306,5306,5270.0,37909130,2025-09-20,152.63,48.01,Partially Paid
5307,5307,5271.0,63154872,2024-09-25,2128.42,,Paid
5308,5308,5272.0,34679155,2024-10-12,310.79,295.11,Paid
5309,5309,5273.0,58820915,2025-02-11,106.43,97.53,Paid
5310,5310,5274.0,44144684,2025-09-28,31461.61,31026.57,Paid
5311,5311,5275.0,21477593,2025-04-17,214.64,210.47,Paid
5312,5312,5276.0,52736082,2024-09-23,193.39,73.11,Partially Paid
5313,5313,,83560890,2025-06-28,2430.97,2208.74,Paid
5314,5314,5278.0,51422190,2023-07-31,214.78,207.92,Paid
5315,5315,5279.0,25875482,2025-06-23,237.76,224.98,Paid
5316,5316,5280.0,66200381,2024-06-22,,1591.99,Paid
5317,5317,5281.0,84940684,2023-10-20,19491.9,18985.98,Paid
5318,5318,5282.0,69893948,2023-02-21,,3503.39,Paid
5319,5319,5283.0,21477593,2024-10-24,467.24,183.29,Partially Paid
5320,5320,5284.0,84734972,2023-05-12,5284.88,5026.9,Paid
5321,5321,5285.0,33391524,2025-08-27,5169.29,4934.31,Paid
5322,5322,5286.0,2888077,2024-09-02,4466.66,4246.5,Paid
5323,5323,,37909130,2023-04-07,361.51,103.11,Partially Paid
5324,5324,5288.0,35277331,2024-07-30,149.52,145.27,Paid
5325,5325,5289.0,51422190,2025-02-12,61.89,0.0,Denied
5326,5326,5290.0,37909130,2023-06-10,,128.83,Paid
5327,5327,5291.0,22394905,2024-02-17,4256.76,0.0,Denied
5328,5328,5292.0,34679155,2024-04-15,147.01,133.5,Paid
5329,5329,5293.0,60618268,2025-09-04,,108.03,Paid
5330,5330,5294.0,37909130,2023-09-27,360.82,342.32,Paid
5331,5331,5295.0,3898775,2024-01-15,3047.34,2818.51,Paid
5332,5332,5296.0,262606,2025-04-15,600.55,570.74,Paid
5333,5333,,60618268,2025-07-20,213.76,,Paid
5334,5334,5298.0,262606,2025-11-08,753.45,680.39,Paid
5335,5335,5299.0,37909130,2025-11-11,284.22,273.81,Paid
5336,5336,5300.0,69893948,2023-11-14,7731.23,5033.05,Partially Paid
5337,5337,5301.0,3898775,2024-10-10,2111.67,2025.1,Paid
5338,5338,5302.0,52736082,2023-03-29,379.0,371.96,Paid
5339,5339,5303.0,37909130,2025-06-03,329.92,322.93,Paid
5340,5340,5304.0,66200381,2025-10-17,4509.82,,Paid
5341,5341,5305.0,25875482,2023-06-08,686.57,686.25,Paid
5342,5342,5306.0,44144684,2023-03-18,39552.6,37257.87,Paid
5343,5343,5307.0,70604284,2025-04-04,189.36,91.12,Partially Paid
5344,5344,5308.0,35277331,2023-09-24,329.22,309.7,Paid
5345,5345,5309.0,44144684,2023-05-16,29706.42,28426.11,Paid
5346,5346,5310.0,37909130,2023-06-02,294.31,272.27,Paid
5347,5347,5311.0,52736082,2024-05-20,406.72,146.45,Partially Paid
5348,5348,5312.0,262606,2024-03-29,2872.7,2790.68,Paid
5349,5349,,69893948,2024-11-25,4139.79,3947.59,Paid
5350,5350,5314.0,47758957,2023-12-07,111.25,111.13,Paid
5351,5351,5315.0,21477593,2023-01-09,107.56,40.12,Partially Paid
5352,5352,5316.0,35277331,2023-12-21,266.25,136.16,Partially Paid
5353,5353,5317.0,22394905,2024-04-24,3617.64,3532.28,Paid
5354,5354,5318.0,35867643,2023-03-05,,2337.37,Paid
5355,5355,5319.0,35277331,2023-01-20,229.38,213.76,Paid
5356,5356,5320.0,20816724,2025-08-05,738.46,701.24,Paid
5357,5357,,6138419,2024-04-26,1197.66,1097.83,Paid
5358,5358,,35643704,2025-01-05,452.85,450.15,Paid
5359,5359,5323.0,91900027,2024-09-09,,403.51,Paid
5360,5360,5324.0,60618268,2023-01-07,396.42,391.32,Paid
5361,5361,5325.0,32867785,2024-08-04,1103.22,993.63,Paid
5362,5362,5326.0,662337,2025-04-15,7053.11,4958.65,Partially Paid
5363,5363,5327.0,84734972,2025-04-11,362.61,336.98,Paid
5364,5364,5328.0,60618268,2023-07-07,264.93,244.53,Paid
5365,5365,5329.0,60618268,2025-07-27,179.55,50.99,Partially Paid
5366,5366,5330.0,58738053,2025-05-05,5748.91,,Paid
5367,5367,5331.0,5243984,2025-06-10,25593.5,23162.58,Paid
5368,5368,5332.0,69893948,2023-03-16,2449.89,2209.72,Paid
5369,5369,5333.0,74476075,2025-06-30,2228.79,2184.66,Paid
5370,5370,5334.0,34679155,2025-07-10,264.36,55.7,Partially Paid
5371,5371,5335.0,37909130,2024-08-25,,0.0,Denied
5372,5372,,12334949,2024-11-07,34098.97,32723.31,Paid
5373,5373,,41734324,2025-09-20,28.36,26.61,Paid
5374,5374,5338.0,20816724,2024-02-10,381.55,369.38,Paid
5375,5375,5339.0,69599038,2024-04-28,3311.7,,Paid
5376,5376,5340.0,86937698,2023-09-21,5812.2,5736.8,Paid
5377,5377,5341.0,69893948,2025-05-13,3878.89,3666.15,Paid
5378,5378,5342.0,69599038,2024-09-18,2808.97,2787.22,Paid
5379,5379,5343.0,69893948,2023-10-11,3141.13,,Paid
5380,5380,5344.0,60618268,2025-03-03,253.71,,Paid
5381,5381,,60618268,2025-05-18,131.33,103.86,Partially Paid
5382,5382,5346.0,33391524,2023-03-20,6017.91,1803.64,Partially Paid
5383,5383,5347.0,37909130,2025-08-13,,139.51,Paid
5384,5384,5348.0,32867785,2025-09-10,4573.62,4391.39,Paid
5385,5385,5349.0,30048293,2025-08-31,14704.3,13700.89,Paid
5386,5386,5350.0,20816724,2024-06-01,336.37,317.83,Paid
5387,5387,5351.0,6138419,2024-04-12,2650.34,2543.88,Paid
5388,5388,5352.0,22394905,2025-10-10,,3835.74,Paid
5389,5389,5353.0,70604284,2024-03-17,678.53,622.44,Paid
5390,5390,5354.0,35643704,2025-09-06,351.97,340.58,Paid
5391,5391,5355.0,35867643,2025-09-14,722.98,680.06,Paid
5392,5392,5356.0,84940684,2023-05-24,19131.4,,Paid
5393,5393,5357.0,91900027,2023-01-22,753.84,738.72,Paid
5394,5394,,83560890,2025-05-12,1958.32,1841.29,Paid
5395,5395,5359.0,12334949,2025-07-15,6061.03,5693.82,Paid
5396,5396,5360.0,32867785,2024-11-20,2440.66,2355.91,Paid
5397,5397,5361.0,60618268,2023-06-06,356.3,189.2,Partially Paid
5398,5398,5362.0,84734972,2023-02-18,6360.88,6248.18,Paid
5399,5399,5363.0,91900027,2024-08-14,524.74,,Paid
5400,5400,5364.0,35277331,2023-12-13,356.79,349.14,Paid
5401,5401,5365.0,25875482,2023-09-09,745.89,695.7,Paid
5402,5402,5366.0,63154872,2025-11-25,3454.49,1921.24,Partially Paid
5403,5403,5367.0,37909130,2024-02-09,331.51,325.84,Paid
5404,5404,5368.0,35643704,2023-02-10,64.97,63.65,Paid
5405,5405,5369.0,37909130,2023-12-25,359.48,265.93,Partially Paid
5406,5406,5370.0,34679155,2023-01-29,,,Paid
5407,5407,5371.0,35867643,2025-01-24,6645.8,6402.92,Paid
5408,5408,5372.0,70604284,2024-07-30,372.12,365.36,Paid
5409,5409,5373.0,69599038,2025-04-22,3748.7,3471.41,Paid
5410,5410,,66200381,2023-12-21,5701.81,5474.66,Paid
5411,5411,5375.0,58820915,2024-11-26,440.71,433.02,Paid
5412,5412,5376.0,51422190,2023-09-14,340.29,,Paid
5413,5413,5377.0,69893948,2024-05-23,6300.93,0.0,Denied
5414,5414,5378.0,91900027,2023-05-30,233.65,228.38,Paid
5415,5415,5379.0,84940684,2024-10-11,5645.97,,Paid
5416,5416,5380.0,3898775,2024-10-07,6196.97,5794.99,Paid
5417,5417,5381.0,51422190,2023-08-11,83.5,,Denied
5418,5418,5382.0,74476075,2023-11-15,,724.27,Partially Paid
5419,5419,5383.0,91900027,2024-05-27,253.6,48.03,Partially Paid
5420,5420,5384.0,20816724,2023-05-06,,483.99,Paid
5421,5421,5385.0,51422190,2025-08-25,246.07,243.13,Paid
5422,5422,5386.0,60618268,2024-05-06,384.32,375.23,Paid
5423,5423,5387.0,21477593,2025-03-06,88.25,50.92,Partially Paid
5424,5424,5388.0,91900027,2023-10-30,716.08,,Paid
5425,5425,5389.0,60618268,2024-03-25,420.46,216.96,Partially Paid
5426,5426,,51422190,2023-06-12,,364.67,Paid
5427,5427,5391.0,35643704,2023-01-31,345.85,327.95,Paid
5428,5428,,83560890,2023-05-26,3452.96,3388.6,Paid
5429,5429,,33391524,2025-07-12,6078.74,,Paid
5430,5430,5394.0,58820915,2023-01-08,450.06,185.99,Partially Paid
5431,5431,5395.0,8409724,2023-04-20,646.0,583.46,Paid
5432,5432,5396.0,22394905,2023-04-04,2166.25,1104.34,Partially Paid
5433,5433,5397.0,262606,2023-02-12,5135.74,3819.53,Partially Paid
5434,5434,5398.0,74476075,2023-12-10,523.18,512.42,Paid
5435,5435,5399.0,60618268,2025-09-17,58.74,56.53,Paid
5436,5436,5400.0,66200381,2025-03-25,4008.72,3880.89,Paid
5437,5437,5401.0,662337,2023-09-14,7167.01,6908.01,Paid
5438,5438,5402.0,84940684,2023-05-16,39685.39,,Paid
5439,5439,5403.0,34679155,2023-10-04,396.03,377.96,Paid
5440,5440,5404.0,37909130,2023-01-24,278.0,260.94,Paid
5441,5441,5405.0,69599038,2023-04-06,663.44,0.0,Denied
5442,5442,5406.0,84734972,2024-07-02,1844.2,1729.45,Paid
5443,5443,5407.0,95044104,2023-07-17,348.37,318.09,Paid
5444,5444,5408.0,8409724,2025-08-29,136.76,133.9,Paid
5445,5445,5409.0,6138419,2025-10-03,,7198.18,Paid
5446,5446,5410.0,47758957,2023-03-22,48.78,,Paid
5447,5447,5411.0,84734972,2023-04-06,5866.04,5546.99,Paid
5448,5448,5412.0,70604284,2024-11-08,454.51,443.44,Paid
5449,5449,5413.0,95044104,2025-03-27,521.32,168.98,Partially Paid
5450,5450,5414.0,58820915,2023-02-12,412.8,401.08,Paid
5451,5451,5415.0,25875482,2024-08-01,454.95,145.65,Partially Paid
5452,5452,5416.0,12334949,2024-10-08,34379.32,33956.38,Paid
5453,5453,5417.0,20816724,2023-02-23,640.65,65.03,Partially Paid
5454,5454,5418.0,5243984,2024-11-22,14166.19,13900.49,Paid
5455,5455,5419.0,51422190,2025-05-19,123.79,112.41,Paid
5456,5456,5420.0,41734324,2023-04-18,36.94,16.8,Partially Paid
5457,5457,5421.0,21477593,2024-04-06,,167.76,Partially Paid
5458,5458,5422.0,60618268,2023-01-27,276.93,269.0,Paid
5459,5459,5423.0,21477593,2023-02-12,,152.54,Paid
5460,5460,5424.0,41734324,2025-09-17,27.76,26.22,Paid
5461,5461,5425.0,86937698,2023-07-14,7723.52,5487.2,Partially Paid
5462,5462,5426.0,30048293,2023-09-21,7983.66,7519.19,Paid
5463,5463,5427.0,662337,2023-01-26,3725.6,3500.18,Paid
5464,5464,5428.0,63154872,2024-09-21,986.63,911.18,Paid
5465,5465,5429.0,35643704,2025-08-13,,146.82,Paid
5466,5466,5430.0,35277331,2025-10-03,,76.71,Partially Paid
5467,5467,5431.0,8409724,2023-03-11,218.42,211.17,Paid
5468,5468,5432.0,69893948,2023-07-24,2267.3,2240.51,Paid
5469,5469,,58820915,2023-06-07,188.55,,Denied
5470,5470,5434.0,51422190,2023-10-16,128.26,121.69,Paid
5471,5471,,2888077,2023-06-04,5675.74,5655.59,Paid
5472,5472,5436.0,60618268,2024-04-16,406.09,377.31,Paid
5473,5473,5437.0,74476075,2023-02-05,3588.39,,Paid
5474,5474,5438.0,262606,2025-03-25,,454.73,Partially Paid
5475,5475,,37909130,2024-12-20,379.58,349.8,Paid
5476,5476,,62378778,2024-05-26,291.3,282.34,Paid
5477,5477,5441.0,2888077,2024-08-05,4000.49,,Paid
5478,5478,5442.0,20816724,2023-07-13,650.55,604.38,Paid
5479,5479,5443.0,12334949,2023-09-25,26094.69,24505.1,Paid
5480,5480,5444.0,21477593,2023-12-19,300.18,282.79,Paid
5481,5481,5445.0,20816724,2024-10-01,311.34,285.01,Paid
5482,5482,,62378778,2023-07-29,696.16,662.83,Paid
5483,5483,5447.0,22394905,2025-08-10,3268.12,3028.22,Paid
5484,5484,5448.0,60618268,2024-06-19,461.61,431.19,Paid
5485,5485,5449.0,37909130,2025-04-01,230.62,225.14,Paid
5486,5486,5450.0,44144684,2023-05-28,21148.12,20487.61,Paid
5487,5487,5451.0,21477593,2025-07-19,34.0,31.71,Paid
5488,5488,,51422190,2024-11-12,298.23,0.0,Denied
5489,5489,5453.0,3898775,2024-09-02,1097.24,1014.92,Paid
5490,5490,5454.0,74476075,2024-04-26,1732.76,1653.17,Paid
5491,5491,5455.0,12334949,2023-09-01,18541.56,17037.84,Paid
5492,5492,5456.0,35643704,2025-05-18,356.08,334.98,Paid
5493,5493,5457.0,60618268,2023-08-12,,34.49,Paid
5494,5494,5458.0,12334949,2023-12-13,33991.0,32809.05,Paid
5495,5495,5459.0,25875482,2023-07-22,151.0,,Paid
5496,5496,5460.0,69893948,2025-02-27,5247.96,0.0,Denied
5497,5497,5461.0,6138419,2023-07-16,,5230.4,Paid
5498,5498,5462.0,2888077,2023-02-28,6387.99,0.0,Denied
5499,5499,5463.0,5243984,2024-06-19,33984.1,33181.55,Paid
5500,5500,5464.0,12334949,2024-05-16,21260.42,19403.85,Paid
5501,5501,5465.0,51422190,2023-01-30,375.08,370.53,Paid
5502,5502,5466.0,2888077,2023-01-28,4524.5,4318.07,Paid
5503,5503,5467.0,12334949,2023-01-28,5242.44,4718.44,Paid
5504,5504,5468.0,3898775,2025-09-08,5111.1,2856.86,Partially Paid
5505,5505,5469.0,78623435,2023-01-21,209.01,206.06,Paid
5506,5506,5470.0,69893948,2023-12-07,1799.53,1703.68,Paid
5507,5507,5471.0,74476075,2024-12-14,6839.52,6822.79,Paid
5508,5508,5472.0,83560890,2025-07-19,4456.35,4084.99,Paid
5509,5509,5473.0,2888077,2025-04-17,1889.95,1861.97,Paid
5510,5510,5474.0,3898775,2024-02-15,4563.68,4397.92,Paid
5511,5511,5475.0,69893948,2024-12-20,4950.25,4524.92,Paid
5512,5512,5476.0,3898775,2025-10-29,2917.82,,Partially Paid
5513,5513,5477.0,69599038,2023-07-19,7122.39,,Paid
5514,5514,5478.0,35867643,2025-01-18,1822.06,1667.11,Paid
5515,5515,5479.0,51422190,2023-04-27,393.25,275.59,Partially Paid
5516,5516,5480.0,58820915,2023-11-18,333.0,319.54,Paid
5517,5517,5481.0,34679155,2023-06-15,333.36,320.56,Paid
5518,5518,5482.0,37909130,2024-11-21,,,Paid
5519,5519,5483.0,51422190,2023-12-23,,192.97,Paid
5520,5520,5484.0,8409724,2025-10-07,542.59,,Denied
5521,5521,5485.0,37909130,2025-07-24,330.76,327.57,Paid
5522,5522,5486.0,70604284,2025-07-03,291.13,288.44,Paid
5523,5523,5487.0,74476075,2025-05-13,,3915.99,Paid
5524,5524,,8409724,2023-08-01,304.6,,Paid
5525,5525,,22394905,2024-08-23,5041.29,0.0,Denied
5526,5526,,74476075,2023-10-05,7790.13,7456.83,Paid
5527,5527,5491.0,12334949,2024-09-23,29304.39,3968.76,Partially Paid
5528,5528,5492.0,35867643,2023-11-23,,,Paid
5529,5529,5493.0,35643704,2024-03-11,179.98,171.64,Paid
5530,5530,5494.0,20816724,2023-03-17,587.09,161.39,Partially Paid
5531,5531,,95044104,2025-10-31,60.77,59.4,Paid
5532,5532,5496.0,5243984,2024-10-09,32334.49,31932.35,Paid
5533,5533,,12334949,2024-01-19,37576.66,13704.3,Partially Paid
5534,5534,5498.0,60618268,2024-11-10,264.28,262.71,Paid
5535,5535,,74476075,2024-07-01,,7514.33,Paid
5536,5536,5500.0,35643704,2023-08-17,127.6,,Paid
5537,5537,5501.0,63154872,2024-05-25,2061.62,1960.54,Paid
5538,5538,5502.0,69893948,2024-08-09,2445.06,2400.62,Paid
5539,5539,,58820915,2024-03-10,387.27,365.09,Paid
5540,5540,5504.0,44144684,2023-08-02,25668.83,23609.74,Paid
5541,5541,5505.0,8409724,2024-12-14,294.27,270.09,Paid
5542,5542,5506.0,5243984,2024-08-14,7679.49,7265.0,Paid
5543,5543,,95044104,2023-08-10,585.37,567.64,Paid
5544,5544,5508.0,30048293,2023-04-16,34043.76,33948.75,Paid
5545,5545,5509.0,84734972,2024-04-02,5538.72,5135.12,Paid
5546,5546,5510.0,70604284,2025-09-09,342.83,0.0,Denied
5547,5547,5511.0,37909130,2023-07-05,295.21,279.87,Paid
5548,5548,5512.0,32867785,2023-04-25,,4316.54,Paid
5549,5549,5513.0,84734972,2025-07-04,6730.37,6488.21,Paid
5550,5550,,41734324,2023-10-02,149.0,138.85,Paid
5551,5551,5515.0,60618268,2024-09-10,464.69,443.21,Paid
5552,5552,5516.0,35277331,2023-07-12,,249.2,Paid
5553,5553,5517.0,37909130,2023-08-12,,298.93,Paid
5554,5554,5518.0,2888077,2024-11-02,4747.41,4356.43,Paid
5555,5555,5519.0,3898775,2024-08-14,2910.72,449.1,Partially Paid
5556,5556,5520.0,69893948,2024-07-06,,6161.7,Paid
5557,5557,,3898775,2024-02-16,1243.62,1138.39,Paid
5558,5558,5522.0,86820499,2023-09-23,4292.38,4276.19,Paid
5559,5559,5523.0,95376350,2024-04-20,6677.24,6148.15,Paid
5560,5560,5524.0,30048293,2024-03-02,13597.34,12615.25,Paid
5561,5561,5525.0,60618268,2025-10-11,38.11,34.87,Paid
5562,5562,5526.0,41734324,2024-04-11,142.6,23.77,Partially Paid
5563,5563,5527.0,58738053,2025-01-19,,6390.27,Paid
5564,5564,5528.0,25875482,2023-10-18,666.46,,Denied
5565,5565,5529.0,84940684,2024-06-09,6243.6,6071.45,Paid
5566,5566,,34679155,2025-04-10,363.2,0.0,Denied
5567,5567,5531.0,83560890,2023-10-04,2944.97,634.91,Partially Paid
5568,5568,5532.0,60618268,2025-05-07,289.96,230.47,Partially Paid
5569,5569,,3898775,2025-04-02,2070.92,1978.73,Paid
5570,5570,5534.0,3898775,2025-06-17,2517.29,1273.48,Partially Paid
5571,5571,5535.0,52736082,2025-09-27,583.58,575.61,Paid
5572,5572,5536.0,3898775,2023-09-15,3367.24,3225.14,Paid
5573,5573,5537.0,8409724,2023-02-23,126.94,14.07,Partially Paid
5574,5574,5538.0,91900027,2025-11-22,496.44,494.77,Paid
5575,5575,,35277331,2025-10-14,352.87,342.73,Paid
5576,5576,5540.0,69893948,2024-05-31,2073.8,,Paid
5577,5577,5541.0,6138419,2025-08-19,6737.4,6634.82,Paid
5578,5578,5542.0,91900027,2023-07-06,,0.0,Denied
5579,5579,5543.0,37909130,2025-03-25,88.08,,Partially Paid
5580,5580,5544.0,70604284,2024-07-06,51.48,49.61,Paid
5581,5581,5545.0,35643704,2023-11-16,101.99,93.31,Paid
5582,5582,5546.0,262606,2023-07-17,1687.32,1676.9,Paid
5583,5583,5547.0,25875482,2024-04-27,299.68,294.77,Paid
5584,5584,5548.0,34679155,2023-11-28,261.46,0.0,Denied
5585,5585,5549.0,35277331,2024-01-12,255.93,150.34,Partially Paid
5586,5586,5550.0,86937698,2024-08-08,636.84,621.15,Paid
5587,5587,5551.0,35277331,2025-02-08,74.19,,Paid
5588,5588,5552.0,69893948,2025-03-14,2118.67,770.57,Partially Paid
5589,5589,5553.0,51422190,2024-11-15,198.08,42.53,Partially Paid
5590,5590,5554.0,69599038,2025-05-29,1658.75,1546.16,Paid
5591,5591,5555.0,76629196,2025-07-20,196.61,180.53,Paid
5592,5592,5556.0,35643704,2024-07-26,227.44,208.47,Paid
5593,5593,5557.0,41734324,2023-06-19,37.56,0.0,Denied
5594,5594,5558.0,74476075,2023-02-27,3201.3,2889.94,Paid
5595,5595,5559.0,58820915,2023-07-16,499.36,458.0,Paid
5596,5596,5560.0,2888077,2024-05-30,6525.58,,Paid
5597,5597,,47758957,2023-03-12,154.18,90.33,Partially Paid
5598,5598,5562.0,66200381,2023-08-20,2948.83,2754.8,Paid
5599,5599,5563.0,74476075,2025-01-17,6344.56,6284.7,Paid
5600,5600,5564.0,35277331,2024-07-02,169.1,161.84,Paid
5601,5601,,86820499,2025-09-03,1207.06,1170.62,Paid
5602,5602,5566.0,12334949,2025-05-12,35589.18,33581.0,Paid
5603,5603,5567.0,34679155,2024-08-06,213.23,199.37,Paid
5604,5604,5568.0,41734324,2025-02-18,131.72,126.95,Paid
5605,5605,5569.0,51422190,2025-07-27,345.55,194.34,Partially Paid
5606,5606,5570.0,262606,2024-06-25,,6523.19,Paid
5607,5607,5571.0,76629196,2024-12-28,604.15,562.06,Paid
5608,5608,5572.0,37909130,2025-05-11,363.72,355.93,Paid
5609,5609,5573.0,25875482,2025-04-03,276.66,,Paid
5610,5610,5574.0,84734972,2024-02-11,7831.62,7385.36,Paid
5611,5611,5575.0,2888077,2025-04-15,5144.59,4743.65,Paid
5612,5612,,83560890,2025-09-06,612.94,603.25,Paid
5613,5613,,8409724,2023-05-14,,116.89,Partially Paid
5614,5614,,20816724,2024-05-08,594.95,0.0,Denied
5615,5615,,86820499,2024-07-18,4774.41,4559.1,Paid
5616,5616,5580.0,35277331,2024-08-17,,143.09,Paid
5617,5617,5581.0,66200381,2025-07-31,,4173.72,Paid
5618,5618,5582.0,22394905,2023-01-19,3100.97,2883.07,Paid
5619,5619,5583.0,5243984,2024-09-21,30076.02,27145.17,Paid
5620,5620,5584.0,74476075,2025-06-18,1522.48,1381.1,Paid
5621,5621,5585.0,44144684,2024-08-03,24895.4,24180.76,Paid
5622,5622,5586.0,35277331,2023-09-24,75.68,73.19,Paid
5623,5623,5587.0,35643704,2024-12-13,197.82,179.78,Paid
5624,5624,5588.0,84734972,2023-02-01,6211.98,6093.86,Paid
5625,5625,5589.0,66200381,2024-12-08,,6775.16,Paid
5626,5626,5590.0,2888077,2025-08-29,603.65,563.98,Paid
5627,5627,5591.0,47758957,2023-09-08,76.39,30.87,Partially Paid
5628,5628,5592.0,74476075,2024-01-30,2253.31,,Paid
5629,5629,5593.0,60618268,2025-10-18,109.65,101.05,Paid
5630,5630,5594.0,21477593,2024-01-18,89.9,83.8,Paid
5631,5631,5595.0,78623435,2023-12-29,155.22,147.73,Paid
5632,5632,5596.0,35277331,2023-09-20,161.16,0.0,Denied
5633,5633,5597.0,662337,2024-05-01,6300.69,,Partially Paid
5634,5634,5598.0,62378778,2023-05-01,69.31,67.11,Paid
5635,5635,,69893948,2025-07-14,7543.64,7386.23,Paid
5636,5636,5600.0,37909130,2025-11-23,232.28,72.97,Partially Paid
5637,5637,,21477593,2023-11-04,404.25,371.58,Paid
5638,5638,5602.0,84734972,2024-06-17,5229.25,4984.81,Paid
5639,5639,5603.0,35277331,2024-07-24,242.05,,Partially Paid
5640,5640,5604.0,6138419,2025-08-17,1357.63,,Paid
5641,5641,5605.0,58820915,2024-04-23,338.35,321.69,Paid
5642,5642,,37909130,2024-05-29,386.22,378.2,Paid
5643,5643,5607.0,74476075,2024-01-27,5990.7,5604.58,Paid
5644,5644,5608.0,58738053,2025-06-04,,6861.7,Partially Paid
5645,5645,5609.0,662337,2024-10-28,,5554.97,Paid
5646,5646,,63154872,2025-05-16,6251.9,0.0,Denied
5647,5647,5611.0,74476075,2023-02-25,5989.82,5783.29,Paid
5648,5648,5612.0,91900027,2023-02-12,630.89,623.82,Paid
5649,5649,5613.0,20816724,2023-04-01,343.35,331.08,Paid
5650,5650,5614.0,35867643,2024-12-26,354.44,341.99,Paid
5651,5651,5615.0,3898775,2023-04-20,4477.51,4309.93,Paid
5652,5652,5616.0,5243984,2025-10-31,34030.8,,Paid
5653,5653,5617.0,3898775,2023-06-09,4763.3,4656.05,Paid
5654,5654,5618.0,47758957,2023-04-09,,190.45,Paid
5655,5655,5619.0,12334949,2025-10-30,8834.55,2803.62,Partially Paid
5656,5656,5620.0,52736082,2023-01-30,227.76,37.71,Partially Paid
5657,5657,5621.0,35643704,2023-09-01,388.08,362.19,Paid
5658,5658,5622.0,34679155,2024-07-25,115.9,,Paid
5659,5659,5623.0,52736082,2024-12-26,533.47,487.18,Paid
5660,5660,,83560890,2024-05-22,4974.81,4928.64,Paid
5661,5661,,35277331,2025-05-29,,192.37,Paid
5662,5662,5626.0,58820915,2023-06-03,446.53,431.41,Paid
5663,5663,5627.0,35867643,2025-10-13,208.1,188.47,Paid
5664,5664,5628.0,34679155,2025-10-05,238.92,43.24,Partially Paid
5665,5665,5629.0,69599038,2025-10-26,1387.36,1374.41,Paid
5666,5666,5630.0,95044104,2025-08-08,,296.17,Paid
5667,5667,5631.0,63154872,2023-02-07,4089.72,3808.52,Paid
5668,5668,5632.0,66200381,2025-03-27,5796.67,5591.96,Paid
5669,5669,5633.0,22394905,2023-09-28,3565.91,3305.09,Paid
5670,5670,5634.0,69893948,2024-09-11,,,Paid
5671,5671,5635.0,58738053,2024-10-11,18407.1,17303.98,Paid
5672,5672,5636.0,44144684,2024-01-29,28403.64,26342.75,Paid
5673,5673,5637.0,20816724,2023-03-29,182.17,174.09,Paid
5674,5674,5638.0,84940684,2024-06-06,12835.02,,Paid
5675,5675,5639.0,34679155,2023-05-07,,211.41,Paid
5676,5676,,58820915,2023-08-03,,253.34,Paid
5677,5677,5641.0,76629196,2023-12-06,531.71,520.87,Paid
5678,5678,5642.0,86820499,2024-10-11,741.26,0.0,Denied
5679,5679,5643.0,69893948,2025-04-05,5934.16,4462.28,Partially Paid
5680,5680,5644.0,25875482,2024-10-11,429.26,407.88,Paid
5681,5681,5645.0,22394905,2025-05-13,3012.16,2884.64,Paid
5682,5682,5646.0,86937698,2024-09-07,5830.81,5258.09,Paid
5683,5683,5647.0,47758957,2024-02-11,378.32,376.37,Paid
5684,5684,5648.0,30048293,2024-06-11,15297.47,15292.01,Paid
5685,5685,5649.0,58738053,2024-04-06,11415.79,11292.77,Paid
5686,5686,5650.0,69599038,2025-09-08,329.9,217.25,Partially Paid
5687,5687,5651.0,62378778,2025-10-13,437.29,0.0,Denied
5688,5688,,3898775,2024-05-03,7453.25,6945.48,Paid
5689,5689,,12334949,2024-12-11,14568.1,,Paid
5690,5690,5654.0,32867785,2024-09-21,1328.7,1256.67,Paid
5691,5691,5655.0,60618268,2024-02-14,305.52,43.29,Partially Paid
5692,5692,5656.0,69893948,2024-11-12,2805.58,2615.04,Paid
5693,5693,5657.0,86937698,2023-05-03,5288.02,4998.42,Paid
5694,5694,5658.0,78623435,2024-06-02,215.12,201.27,Paid
5695,5695,5659.0,66200381,2024-10-09,3606.54,3477.16,Paid
5696,5696,5660.0,37909130,2025-05-03,155.61,146.95,Paid
5697,5697,5661.0,37909130,2025-08-28,121.04,,Paid
5698,5698,5662.0,41734324,2023-06-26,93.37,92.42,Paid
5699,5699,,52736082,2024-11-01,359.24,330.58,Paid
5700,5700,5664.0,12334949,2023-09-16,20613.82,20216.32,Paid
5701,5701,5665.0,60618268,2023-01-01,84.35,84.33,Paid
5702,5702,,62378778,2025-07-14,,164.27,Partially Paid
5703,5703,5667.0,66200381,2024-12-01,1610.55,1557.02,Paid
5704,5704,5668.0,60618268,2024-05-30,,,Partially Paid
5705,5705,5669.0,25875482,2024-05-20,503.79,471.45,Paid
5706,5706,5670.0,41734324,2024-01-07,106.02,,Partially Paid
5707,5707,5671.0,41734324,2025-03-25,60.13,35.41,Partially Paid
5708,5708,5672.0,86820499,2025-02-27,6225.6,1338.9,Partially Paid
5709,5709,5673.0,34679155,2024-11-09,366.65,,Paid
5710,5710,5674.0,33391524,2024-04-22,2317.07,0.0,Denied
5711,5711,5675.0,35643704,2025-08-12,451.32,420.54,Paid
5712,5712,5676.0,41734324,2023-05-05,,,Partially Paid
5713,5713,5677.0,3898775,2025-02-27,5680.34,3033.69,Partially Paid
5714,5714,5678.0,262606,2024-06-06,7517.14,6889.88,Paid
5715,5715,5679.0,32867785,2025-07-01,4488.99,,Paid
5716,5716,5680.0,74476075,2023-11-18,706.83,,Paid
5717,5717,5681.0,58820915,2025-10-11,114.79,111.33,Paid
5718,5718,5682.0,60618268,2025-03-25,224.08,135.08,Partially Paid
5719,5719,5683.0,84734972,2025-06-02,3940.25,869.24,Partially Paid
5720,5720,5684.0,21477593,2024-01-07,80.46,77.66,Paid
5721,5721,5685.0,60618268,2023-07-29,208.36,,Paid
5722,5722,5686.0,30048293,2025-01-28,29214.96,27215.04,Paid
5723,5723,5687.0,6138419,2024-01-23,2480.05,2424.82,Paid
5724,5724,5688.0,22394905,2025-09-06,6691.98,1118.36,Partially Paid
5725,5725,5689.0,262606,2024-01-06,,7467.6,Paid
5726,5726,5690.0,3898775,2023-01-04,3717.39,3515.24,Paid
5727,5727,5691.0,91900027,2024-03-05,122.89,89.86,Partially Paid
5728,5728,5692.0,63154872,2025-03-30,7139.73,6655.94,Paid
5729,5729,5693.0,25875482,2024-05-12,570.77,555.04,Paid
5730,5730,5694.0,34679155,2023-11-25,168.05,158.03,Paid
5731,5731,5695.0,2888077,2025-01-03,6822.78,,Paid
5732,5732,5696.0,25875482,2023-01-04,320.28,311.49,Paid
5733,5733,5697.0,35867643,2024-06-28,6452.57,6005.16,Paid
5734,5734,5698.0,70604284,2025-08-22,512.06,,Paid
5735,5735,5699.0,47758957,2024-09-07,491.83,457.87,Paid
5736,5736,5700.0,22394905,2023-09-28,6315.08,3997.13,Partially Paid
5737,5737,,83560890,2024-07-16,1015.5,,Denied
5738,5738,5702.0,51422190,2023-06-06,81.35,23.3,Partially Paid
5739,5739,5703.0,84734972,2023-04-13,3560.76,3397.5,Paid
5740,5740,,74476075,2025-10-26,3945.02,655.19,Partially Paid
5741,5741,5705.0,34679155,2025-10-31,117.19,116.86,Paid
5742,5742,5706.0,35277331,2024-12-16,,357.31,Paid
5743,5743,5707.0,8409724,2025-11-16,75.83,70.6,Paid
5744,5744,5708.0,95376350,2025-05-10,4262.32,4134.76,Paid
5745,5745,5709.0,6138419,2024-03-08,7357.7,,Paid
5746,5746,5710.0,34679155,2023-09-03,368.51,352.82,Paid
5747,5747,5711.0,58738053,2023-08-09,25871.02,20567.49,Partially Paid
5748,5748,5712.0,12334949,2024-08-22,7301.73,6803.02,Paid
5749,5749,5713.0,62378778,2024-09-11,456.52,429.03,Paid
5750,5750,5714.0,78623435,2023-01-28,,86.67,Paid
5751,5751,5715.0,66200381,2025-02-27,2477.52,2319.93,Paid
5752,5752,,37909130,2024-03-01,94.13,90.21,Paid
5753,5753,5717.0,74476075,2024-02-17,6471.94,0.0,Denied
5754,5754,5718.0,3898775,2025-06-03,6011.15,3450.47,Partially Paid
5755,5755,5719.0,76629196,2023-02-05,698.11,669.9,Paid
5756,5756,,37909130,2024-10-22,174.7,0.0,Denied
5757,5757,5721.0,35643704,2023-03-06,424.83,232.4,Partially Paid
5758,5758,5722.0,91900027,2023-07-24,110.41,101.63,Paid
5759,5759,,41734324,2025-11-16,100.15,97.08,Paid
5760,5760,5724.0,84940684,2025-01-07,10431.07,0.0,Denied
5761,5761,5725.0,60618268,2023-03-29,145.36,0.0,Denied
5762,5762,5726.0,58820915,2023-10-20,176.75,84.47,Partially Paid
5763,5763,5727.0,63154872,2023-04-03,1695.48,1602.6,Paid
5764,5764,5728.0,74476075,2025-04-18,4621.6,4399.47,Paid
5765,5765,5729.0,37909130,2025-07-28,,350.63,Paid
5766,5766,5730.0,69599038,2024-07-14,311.21,282.33,Paid
5767,5767,5731.0,20816724,2023-06-03,,380.2,Paid
5768,5768,5732.0,91900027,2023-10-04,,,Paid
5769,5769,5733.0,22394905,2024-10-28,1490.23,,Paid
5770,5770,5734.0,12334949,2023-06-10,14504.83,13279.7,Paid
5771,5771,5735.0,25875482,2024-01-26,546.0,499.35,Paid
5772,5772,5736.0,8409724,2023-08-15,122.18,56.27,Partially Paid
5773,5773,5737.0,37909130,2025-04-11,312.31,,Partially Paid
5774,5774,5738.0,41734324,2025-04-25,149.47,142.24,Paid
5775,5775,5739.0,86820499,2024-03-25,7821.58,7367.75,Paid
5776,5776,5740.0,35867643,2025-08-09,7264.33,6936.24,Paid
5777,5777,5741.0,69599038,2024-05-08,2596.8,2381.23,Paid
5778,5778,5742.0,76629196,2023-04-25,285.34,276.04,Paid
5779,5779,5743.0,74476075,2024-07-07,1462.12,1379.66,Paid
5780,5780,5744.0,262606,2025-10-04,1597.2,1517.65,Paid
5781,5781,5745.0,22394905,2023-04-14,6694.89,6078.67,Paid
5782,5782,,95044104,2025-11-08,,554.85,Paid
5783,5783,5747.0,70604284,2025-01-01,588.64,127.87,Partially Paid
5784,5784,5748.0,2888077,2023-10-10,949.02,906.47,Paid
5785,5785,5749.0,95376350,2023-05-03,5372.61,4918.58,Paid
5786,5786,5750.0,95376350,2025-02-25,2652.0,2558.61,Paid
5787,5787,5751.0,25875482,2025-10-01,436.77,436.27,Paid
5788,5788,5752.0,5243984,2023-10-08,30258.33,27894.19,Paid
5789,5789,5753.0,69599038,2023-02-01,1101.43,1022.31,Paid
5790,5790,5754.0,35643704,2024-05-23,243.19,235.36,Paid
5791,5791,5755.0,3898775,2023-10-10,,4628.4,Partially Paid
5792,5792,5756.0,58738053,2024-09-18,,24557.12,Paid
5793,5793,5757.0,69893948,2025-07-10,5627.48,5442.82,Paid
5794,5794,5758.0,51422190,2024-03-09,171.68,100.21,Partially Paid
5795,5795,,2888077,2025-07-04,5711.07,5462.49,Paid
5796,5796,5759.0,37909130,2024-08-01,224.69,223.54,Paid
5797,5797,5760.0,58820915,2023-05-16,89.14,60.81,Partially Paid
5798,5798,5761.0,5243984,2024-04-02,13241.44,12100.43,Paid
5799,5799,5762.0,3898775,2025-04-12,7180.92,0.0,Denied
5800,5800,5763.0,37909130,2025-08-23,157.59,155.66,Paid
5801,5801,5764.0,2888077,2024-11-07,7200.64,1313.34,Partially Paid
5802,5802,5765.0,25875482,2023-05-03,,685.29,Paid
5803,5803,5766.0,35277331,2024-01-08,190.82,179.43,Paid
5804,5804,5767.0,5243984,2024-08-07,,,Paid
5805,5805,5768.0,74476075,2025-10-14,2901.89,,Paid
5806,5806,5769.0,33391524,2023-05-19,7133.98,3198.9,Partially Paid
5807,5807,5770.0,8409724,2023-11-16,599.97,385.0,Partially Paid
5808,5808,5771.0,41734324,2025-06-23,95.04,89.24,Paid
5809,5809,5772.0,37909130,2025-07-28,,82.46,Paid
5810,5810,5773.0,51422190,2024-03-27,153.55,,Paid
5811,5811,5774.0,2888077,2025-02-06,5662.04,5228.93,Paid
5812,5812,5775.0,86820499,2023-08-03,2677.65,2638.81,Paid
5813,5813,,37909130,2024-12-21,170.23,160.98,Paid
5814,5814,5777.0,78623435,2025-09-02,362.7,356.62,Paid
5815,5815,5778.0,35277331,2023-05-26,219.73,218.15,Paid
5816,5816,5779.0,12334949,2023-12-26,,8466.87,Paid
5817,5817,5780.0,86937698,2023-04-18,3060.48,2952.06,Paid
5818,5818,5781.0,34679155,2025-08-18,151.05,142.46,Paid
5819,5819,5782.0,69599038,2024-07-06,1885.01,1791.76,Paid
5820,5820,,262606,2023-04-16,2346.57,2180.57,Paid
5821,5821,5784.0,69893948,2023-11-17,5769.75,0.0,Denied
5822,5822,,41734324,2023-04-07,97.21,89.74,Paid
5823,5823,5786.0,21477593,2023-11-26,,455.58,Paid
5824,5824,5787.0,35277331,2025-05-15,304.9,301.66,Paid
5825,5825,5788.0,86937698,2024-06-03,2325.74,2143.73,Paid
5826,5826,5789.0,33391524,2023-02-25,6442.98,3699.47,Partially Paid
5827,5827,5790.0,6138419,2023-03-11,2520.31,0.0,Denied
5828,5828,5791.0,91900027,2025-01-12,139.86,0.0,Denied
5829,5829,,32867785,2024-01-02,7146.48,6672.9,Paid
5830,5830,5793.0,60618268,2024-03-09,149.83,135.34,Paid
5831,5831,5794.0,34679155,2025-07-21,210.09,200.87,Paid
5832,5832,5795.0,35643704,2025-11-03,291.88,276.9,Paid
5833,5833,5796.0,60618268,2023-06-18,253.35,250.48,Paid
5834,5834,5797.0,3898775,2025-10-26,6151.24,5608.75,Paid
5835,5835,5798.0,66200381,2023-12-19,5558.91,5528.32,Paid
5836,5836,5799.0,5243984,2024-03-06,21291.0,19736.24,Paid
5837,5837,,58738053,2024-06-24,14753.0,13866.52,Paid
5838,5838,5801.0,41734324,2023-12-13,68.54,66.78,Paid
5839,5839,5802.0,25875482,2024-05-22,,186.81,Paid
5840,5840,,83560890,2023-06-08,4499.33,,Paid
5841,5841,,47758957,2023-04-14,91.43,86.19,Paid
5842,5842,,12334949,2024-06-27,11944.32,10789.45,Paid
5843,5843,,86937698,2023-01-22,1803.56,1772.35,Paid
5844,5844,,58738053,2024-07-15,18894.68,17620.23,Paid
5845,5845,5808.0,63154872,2023-06-26,,,Paid
5846,5846,5809.0,60618268,2024-01-17,343.18,311.31,Paid
5847,5847,5810.0,74476075,2023-08-22,1601.7,1468.98,Paid
5848,5848,5811.0,69893948,2025-04-10,4855.46,0.0,Denied
5849,5849,5812.0,58738053,2024-12-14,13636.68,,Paid
5850,5850,5813.0,51422190,2023-06-27,221.49,210.07,Paid
5851,5851,5814.0,69599038,2024-04-27,3600.78,3451.46,Paid
5852,5852,5815.0,37909130,2025-11-18,120.36,28.42,Partially Paid
5853,5853,5816.0,51422190,2024-01-09,348.16,327.47,Paid
5854,5854,5817.0,69893948,2025-01-26,3453.22,3116.62,Paid
5855,5855,5818.0,86820499,2023-01-28,5004.12,4833.49,Paid
5856,5856,5819.0,37909130,2023-11-15,246.11,226.97,Paid
5857,5857,5820.0,25875482,2025-08-25,,119.71,Partially Paid
5858,5858,,76629196,2025-04-14,,762.09,Paid
5859,5859,5822.0,25875482,2023-09-15,508.06,,Paid
5860,5860,,84734972,2024-03-14,1302.21,1260.42,Paid
5861,5861,5823.0,37909130,2024-12-08,264.1,261.72,Paid
5862,5862,,37909130,2025-11-02,336.6,320.92,Paid
5863,5863,5825.0,83560890,2025-03-17,4394.42,4392.34,Paid
5864,5864,5826.0,58820915,2025-01-06,309.1,293.29,Paid
5865,5865,5827.0,78623435,2024-01-03,114.88,112.59,Paid
5866,5866,5828.0,70604284,2025-03-14,513.87,502.43,Paid
5867,5867,5829.0,12334949,2025-01-10,8381.09,7873.73,Paid
5868,5868,5830.0,95376350,2024-08-29,6699.3,4790.82,Partially Paid
5869,5869,5831.0,37909130,2024-11-29,339.78,310.86,Paid
5870,5870,5832.0,91900027,2023-05-15,782.13,710.62,Paid
5871,5871,,47758957,2023-09-01,299.82,277.73,Paid
5872,5872,5834.0,74476075,2025-04-21,7510.64,7281.61,Paid
5873,5873,,51422190,2025-07-27,358.78,198.82,Partially Paid
5874,5874,5836.0,41734324,2023-06-04,141.82,141.79,Paid
5875,5875,5837.0,32867785,2023-10-10,1739.03,1618.4,Paid
5876,5876,5838.0,60618268,2025-07-11,339.98,312.68,Paid
5877,5877,5839.0,63154872,2025-05-06,1411.59,,Paid
5878,5878,5840.0,12334949,2023-10-30,11338.72,10415.67,Paid
5879,5879,5841.0,60618268,2025-09-09,112.06,108.34,Paid
5880,5880,5842.0,37909130,2023-08-01,208.8,201.73,Paid
5881,5881,5843.0,70604284,2023-01-31,429.59,393.86,Paid
5882,5882,5844.0,12334949,2023-06-29,38784.37,36560.05,Paid
5883,5883,5845.0,83560890,2023-05-15,4241.28,0.0,Denied
5884,5884,,41734324,2024-12-14,46.57,45.18,Paid
5885,5885,5846.0,86937698,2023-12-07,2724.44,2670.17,Paid
5886,5886,5847.0,51422190,2023-09-30,249.36,246.92,Paid
5887,5887,5848.0,30048293,2023-12-22,,0.0,Denied
5888,5888,5849.0,51422190,2023-07-24,314.78,,Paid
5889,5889,5850.0,262606,2024-02-05,1032.87,955.28,Paid
5890,5890,5851.0,69893948,2025-06-07,1065.64,1008.73,Paid
5891,5891,5852.0,95044104,2025-05-29,669.53,618.71,Paid
5892,5892,5853.0,12334949,2025-02-22,21436.7,20795.3,Paid
5893,5893,5854.0,12334949,2024-05-05,33160.57,31348.11,Paid
5894,5894,,35643704,2025-07-12,87.4,82.56,Paid
5895,5895,,47758957,2025-05-30,101.46,97.56,Paid
5896,5896,5857.0,25875482,2025-07-15,285.14,272.54,Paid
5897,5897,5858.0,3898775,2023-10-22,5177.86,,Paid
5898,5898,5859.0,32867785,2024-06-17,3250.52,2961.94,Paid
5899,5899,5860.0,69599038,2023-04-11,1968.22,370.01,Partially Paid
5900,5900,5861.0,70604284,2025-05-06,663.89,636.13,Paid
5901,5901,5862.0,41734324,2024-12-23,64.92,63.18,Paid
5902,5902,5863.0,60618268,2025-11-04,382.75,348.91,Paid
5903,5903,5864.0,20816724,2025-09-22,433.81,304.42,Partially Paid
5904,5904,5865.0,37909130,2023-08-10,355.01,347.03,Paid
5905,5905,,60618268,2023-10-31,88.04,85.38,Paid
5906,5906,5867.0,34679155,2025-05-12,191.84,174.52,Paid
5907,5907,5868.0,63154872,2025-01-29,6917.47,0.0,Denied
5908,5908,5869.0,35643704,2024-07-05,464.12,184.48,Partially Paid
5909,5909,,69893948,2024-06-23,4397.33,4310.31,Paid
5910,5910,5871.0,33391524,2024-07-20,1146.93,1112.61,Paid
5911,5911,5872.0,86937698,2023-09-01,2253.81,787.38,Partially Paid
5912,5912,5873.0,44144684,2025-04-02,21191.41,19731.92,Paid
5913,5913,5874.0,25875482,2024-06-19,,73.09,Paid
5914,5914,5875.0,66200381,2023-02-10,1768.27,,Paid
5915,5915,5876.0,2888077,2023-04-13,7724.86,4335.43,Partially Paid
5916,5916,5877.0,44144684,2023-06-07,,25593.52,Paid
5917,5917,5878.0,35867643,2024-08-02,380.29,372.68,Paid
5918,5918,5879.0,69893948,2025-01-12,5865.84,5696.99,Paid
5919,5919,5880.0,34679155,2023-11-07,98.71,,Paid
5920,5920,5881.0,22394905,2023-01-09,1598.83,1446.1,Paid
5921,5921,5882.0,37909130,2023-12-28,265.92,248.57,Paid
5922,5922,5883.0,34679155,2024-01-20,292.98,,Paid
5923,5923,5884.0,95044104,2024-10-03,332.56,308.73,Paid
5924,5924,5885.0,60618268,2024-09-21,444.47,151.06,Partially Paid
5925,5925,5886.0,52736082,2023-04-19,469.37,,Paid
5926,5926,5887.0,21477593,2024-06-22,406.18,380.43,Paid
5927,5927,5888.0,35277331,2025-09-20,289.0,,Paid
5928,5928,5889.0,66200381,2023-03-28,7665.51,7601.55,Paid
5929,5929,5890.0,30048293,2023-07-24,26894.37,24452.42,Paid
5930,5930,5891.0,8409724,2023-12-04,771.19,765.68,Paid
5931,5931,5892.0,34679155,2023-06-23,281.5,135.35,Partially Paid
5932,5932,5893.0,21477593,2024-05-08,445.92,0.0,Denied
5933,5933,5894.0,25875482,2024-12-29,387.3,103.73,Partially Paid
5934,5934,5895.0,35643704,2023-05-23,310.75,290.51,Paid
5935,5935,5896.0,34679155,2025-03-14,,60.34,Partially Paid
5936,5936,5897.0,22394905,2023-10-22,649.13,625.35,Paid
5937,5937,5898.0,25875482,2023-02-18,541.17,506.82,Paid
5938,5938,5899.0,69893948,2024-05-09,,4971.36,Paid
5939,5939,5900.0,22394905,2024-04-08,1917.4,439.12,Partially Paid
5940,5940,,58820915,2024-08-28,279.32,256.36,Paid
5941,5941,5902.0,60618268,2023-12-17,133.03,127.01,Paid
5942,5942,,60618268,2023-08-18,491.36,486.62,Paid
5943,5943,5904.0,76629196,2024-09-26,418.47,395.31,Paid
5944,5944,5905.0,69599038,2025-08-12,308.59,281.89,Paid
5945,5945,5906.0,95376350,2023-04-22,1244.79,1213.45,Paid
5946,5946,5907.0,41734324,2023-12-27,10.87,,Paid
5947,5947,5908.0,69599038,2023-04-23,,,Partially Paid
5948,5948,5909.0,34679155,2024-10-31,397.74,71.63,Partially Paid
5949,5949,5910.0,63154872,2025-10-08,6148.54,6103.63,Paid
5950,5950,,3898775,2023-11-21,2921.81,2755.1,Paid
5951,5951,5911.0,76629196,2025-09-28,264.25,260.37,Paid
5952,5952,5912.0,69893948,2023-12-29,5184.09,0.0,Denied
5953,5953,5913.0,30048293,2023-12-17,25927.49,25525.56,Paid
5954,5954,5914.0,22394905,2024-08-31,785.66,735.73,Paid
5955,5955,5915.0,35277331,2025-07-14,316.3,248.41,Partially Paid
5956,5956,5916.0,34679155,2025-11-06,173.86,161.89,Paid
5957,5957,5917.0,60618268,2025-10-14,253.33,230.98,Paid
5958,5958,5918.0,58820915,2025-03-22,242.7,232.53,Paid
5959,5959,5919.0,91900027,2023-01-11,284.76,284.7,Paid
5960,5960,5920.0,84734972,2023-12-06,3513.06,3376.18,Paid
5961,5961,,3898775,2024-09-05,5571.41,,Paid
5962,5962,5922.0,70604284,2025-10-30,328.46,298.97,Paid
5963,5963,5923.0,34679155,2023-02-26,,,Paid
5964,5964,5924.0,58738053,2023-01-26,11109.54,6720.93,Partially Paid
5965,5965,5925.0,34679155,2025-10-05,182.31,,Paid
5966,5966,,51422190,2023-07-07,160.29,155.05,Paid
5967,5967,5927.0,32867785,2024-05-07,5894.99,5437.31,Paid
5968,5968,5928.0,51422190,2023-05-17,201.64,200.51,Paid
5969,5969,5929.0,60618268,2024-10-20,58.0,0.0,Denied
5970,5970,5930.0,662337,2025-07-25,,1948.06,Paid
5971,5971,5931.0,8409724,2023-07-17,746.99,722.3,Paid
5972,5972,5932.0,41734324,2025-03-08,98.92,95.5,Paid
5973,5973,,30048293,2025-10-02,17845.85,16528.34,Paid
5974,5974,5934.0,35643704,2023-07-02,27.91,25.17,Paid
5975,5975,5935.0,41734324,2025-04-13,54.88,,Paid
5976,5976,5936.0,34679155,2024-09-28,91.8,0.0,Denied
5977,5977,5937.0,41734324,2025-01-27,126.89,126.65,Paid
5978,5978,5938.0,34679155,2023-03-02,,359.55,Paid
5979,5979,5939.0,44144684,2023-07-25,11014.24,10780.94,Paid
5980,5980,5940.0,78623435,2025-01-16,238.33,225.53,Paid
5981,5981,5941.0,21477593,2023-10-07,219.61,38.94,Partially Paid
5982,5982,5942.0,95044104,2023-02-28,376.22,358.3,Paid
5983,5983,5943.0,5243984,2023-12-14,29907.43,27146.85,Paid
5984,5984,5944.0,3898775,2025-01-18,7943.01,7453.51,Paid
5985,5985,5945.0,12334949,2024-06-18,26031.53,12852.51,Partially Paid
5986,5986,5946.0,44144684,2025-11-14,29324.66,28423.54,Paid
5987,5987,5947.0,95376350,2025-10-16,6991.52,6653.04,Paid
5988,5988,5948.0,41734324,2024-10-29,132.84,,Denied
5989,5989,5949.0,69599038,2024-07-18,835.99,90.89,Partially Paid
5990,5990,5950.0,58820915,2025-09-29,261.55,246.28,Paid
5991,5991,5951.0,37909130,2023-03-25,344.59,,Paid
5992,5992,5952.0,21477593,2023-10-18,106.9,99.22,Paid
5993,5993,5953.0,74476075,2023-08-18,,4848.55,Paid
5994,5994,5954.0,662337,2025-09-01,1068.99,1047.74,Paid
5995,5995,5955.0,66200381,2023-02-04,,,Partially Paid
5996,5996,5956.0,70604284,2025-10-18,82.78,81.13,Paid
5997,5997,5957.0,37909130,2025-10-09,222.27,205.77,Paid
5998,5998,5958.0,262606,2025-08-26,4676.99,,Paid
5999,5999,,37909130,2023-08-24,,128.27,Paid
6000,6000,5960.0,34679155,2025-09-23,265.69,265.67,Paid
6001,6001,5961.0,33391524,2023-01-18,5144.21,4652.2,Paid
6002,6002,5962.0,52736082,2023-01-21,392.8,368.35,Paid
6003,6003,5963.0,12334949,2025-03-07,10332.8,9419.66,Paid
6004,6004,5964.0,51422190,2023-08-03,133.94,,Paid
6005,6005,5965.0,74476075,2023-06-19,,6434.02,Paid
6006,6006,5966.0,41734324,2024-07-23,112.94,105.62,Paid
6007,6007,5967.0,35867643,2024-08-14,4018.07,1264.26,Partially Paid
6008,6008,5968.0,25875482,2025-04-23,223.2,200.92,Paid
6009,6009,5969.0,8409724,2024-09-08,243.95,239.09,Paid
6010,6010,5970.0,70604284,2024-10-13,,168.13,Paid
6011,6011,5971.0,2888077,2024-04-14,7181.53,7168.03,Paid
6012,6012,5972.0,41734324,2024-05-01,141.48,138.32,Paid
6013,6013,5973.0,35867643,2024-03-15,4003.87,4003.63,Paid
6014,6014,5974.0,60618268,2023-11-07,98.35,98.31,Paid
6015,6015,5975.0,12334949,2024-07-17,31504.46,29849.87,Paid
6016,6016,5976.0,41734324,2023-10-27,16.1,14.6,Paid
6017,6017,5977.0,84940684,2023-04-17,34956.44,,Paid
6018,6018,,41734324,2023-11-23,23.58,22.03,Paid
6019,6019,5979.0,86820499,2024-01-03,7760.87,0.0,Denied
6020,6020,5980.0,20816724,2025-01-26,709.26,677.82,Paid
6021,6021,5981.0,35277331,2025-11-22,390.63,372.18,Paid
6022,6022,5982.0,83560890,2024-01-07,3455.9,3417.47,Paid
6023,6023,5983.0,35277331,2025-04-23,,138.18,Paid
6024,6024,5984.0,35643704,2024-01-20,156.22,,Paid
6025,6025,5985.0,60618268,2024-03-17,108.92,106.47,Paid
6026,6026,,37909130,2025-07-30,128.74,,Paid
6027,6027,5987.0,12334949,2025-10-16,,29402.96,Paid
6028,6028,,69599038,2023-09-01,7185.66,7117.33,Paid
6029,6029,5989.0,86937698,2025-06-03,7489.41,0.0,Denied
6030,6030,5990.0,95376350,2025-10-27,6721.23,6365.51,Paid
6031,6031,5991.0,5243984,2025-01-07,11176.87,10488.26,Paid
6032,6032,,60618268,2024-03-07,60.92,0.0,Denied
6033,6033,5993.0,76629196,2023-08-07,369.67,,Paid
6034,6034,5994.0,83560890,2024-07-19,1921.2,1756.73,Paid
6035,6035,5995.0,12334949,2024-03-31,8405.65,8274.19,Paid
6036,6036,5996.0,60618268,2024-03-17,205.25,195.76,Paid
6037,6037,5997.0,84940684,2024-04-29,24204.17,10062.16,Partially Paid
6038,6038,5998.0,47758957,2025-10-26,55.78,55.0,Paid
6039,6039,5999.0,60618268,2023-11-22,112.16,110.51,Paid
6040,6040,6000.0,21477593,2023-03-06,377.09,367.84,Paid
6041,6041,,37909130,2025-06-21,,57.34,Paid
6042,6042,6002.0,8409724,2023-11-24,697.83,639.19,Paid
6043,6043,6003.0,63154872,2024-07-24,4055.63,3681.24,Paid
6044,6044,6004.0,3898775,2023-04-20,1809.16,1692.47,Paid
6045,6045,,84940684,2023-11-23,39585.94,37306.34,Paid
6046,6046,6006.0,30048293,2025-09-13,18644.42,17980.71,Paid
6047,6047,6007.0,62378778,2023-12-07,617.1,602.09,Paid
6048,6048,6008.0,3898775,2023-10-29,3056.52,2913.6,Paid
6049,6049,6009.0,91900027,2025-03-26,80.0,,Paid
6050,6050,6010.0,35277331,2025-05-26,66.24,65.22,Paid
6051,6051,6011.0,34679155,2024-01-15,374.44,364.79,Paid
6052,6052,6012.0,44144684,2023-07-11,17155.2,15887.63,Paid
6053,6053,,25875482,2025-05-01,678.31,665.06,Paid
6054,6054,6014.0,83560890,2024-12-22,5919.01,5889.17,Paid
6055,6055,6015.0,3898775,2025-07-07,3109.84,2977.5,Paid
6056,6056,,30048293,2023-11-28,27121.64,24566.31,Paid
6057,6057,6017.0,58820915,2024-10-30,213.72,213.28,Paid
6058,6058,6018.0,58820915,2025-06-01,455.55,418.25,Paid
6059,6059,6019.0,91900027,2024-11-14,447.45,420.78,Paid
6060,6060,6020.0,34679155,2024-06-19,180.6,,Paid
6061,6061,,95376350,2025-04-25,3962.22,3820.57,Paid
6062,6062,,21477593,2023-08-05,29.73,27.19,Paid
6063,6063,6023.0,44144684,2024-10-13,7580.86,7465.07,Paid
6064,6064,6024.0,58820915,2023-03-27,,263.3,Paid
6065,6065,6025.0,37909130,2024-07-14,326.64,325.26,Paid
6066,6066,6026.0,12334949,2023-05-26,28022.08,26601.55,Paid
6067,6067,6027.0,37909130,2023-11-11,298.21,289.95,Paid
6068,6068,6028.0,76629196,2025-07-23,108.21,,Paid
6069,6069,6029.0,5243984,2025-07-30,,8404.65,Paid
6070,6070,6030.0,37909130,2025-09-01,125.65,125.33,Paid
6071,6071,6031.0,51422190,2024-09-25,194.82,176.18,Paid
6072,6072,,34679155,2025-08-21,,147.49,Paid
6073,6073,6032.0,69599038,2025-03-26,3173.96,1526.44,Partially Paid
6074,6074,6033.0,69893948,2024-05-14,6524.03,6197.59,Paid
6075,6075,6034.0,74476075,2023-09-29,5854.23,5500.5,Paid
6076,6076,6035.0,74476075,2024-10-14,947.23,864.05,Paid
6077,6077,6036.0,37909130,2025-02-14,248.2,151.0,Partially Paid
6078,6078,6037.0,95376350,2025-06-12,5004.77,3454.1,Partially Paid
6079,6079,6038.0,86820499,2024-09-16,818.98,620.87,Partially Paid
6080,6080,6039.0,44144684,2023-11-07,17698.06,16383.61,Paid
6081,6081,6040.0,51422190,2025-11-04,270.89,255.88,Paid
6082,6082,6041.0,95376350,2023-11-16,6539.39,6082.56,Paid
6083,6083,6042.0,76629196,2024-07-18,742.66,721.57,Paid
6084,6084,6043.0,69599038,2023-04-14,2784.41,2602.11,Paid
6085,6085,6044.0,91900027,2023-10-18,776.29,709.4,Paid
6086,6086,6045.0,37909130,2023-08-25,280.81,,Paid
6087,6087,6046.0,70604284,2023-11-11,51.79,47.08,Paid
6088,6088,6047.0,662337,2024-04-26,1025.76,969.3,Paid
6089,6089,6048.0,51422190,2023-12-31,228.6,205.99,Paid
6090,6090,6049.0,95376350,2025-06-04,1997.05,1979.98,Paid
6091,6091,,86937698,2023-12-24,4627.74,4237.46,Paid
6092,6092,6051.0,12334949,2023-05-24,36742.39,,Paid
6093,6093,6052.0,58820915,2024-11-02,435.16,0.0,Denied
6094,6094,6053.0,2888077,2025-04-13,2884.54,2869.13,Paid
6095,6095,6054.0,60618268,2023-08-16,185.39,175.48,Paid
6096,6096,6055.0,69893948,2024-03-16,1338.97,296.54,Partially Paid
6097,6097,6056.0,32867785,2024-06-10,6098.24,5664.98,Paid
6098,6098,6057.0,32867785,2025-05-27,5571.03,5167.21,Paid
6099,6099,6058.0,78623435,2023-11-15,275.12,72.52,Partially Paid
6100,6100,6059.0,60618268,2024-08-24,192.37,93.86,Partially Paid
6101,6101,6060.0,35277331,2024-09-17,,301.66,Paid
6102,6102,,30048293,2023-09-29,32096.75,31978.85,Paid
6103,6103,6062.0,60618268,2024-09-13,310.3,299.89,Paid
6104,6104,6063.0,37909130,2023-08-20,120.64,51.48,Partially Paid
6105,6105,6064.0,91900027,2025-07-24,411.37,407.84,Paid
6106,6106,6065.0,6138419,2023-08-10,5166.32,1282.82,Partially Paid
6107,6107,,84940684,2023-05-31,8960.41,8848.68,Paid
6108,6108,6067.0,41734324,2025-02-09,38.28,37.82,Paid
6109,6109,6068.0,58820915,2023-10-08,77.97,11.31,Partially Paid
6110,6110,6069.0,12334949,2024-08-26,12733.59,12045.25,Paid
6111,6111,6070.0,51422190,2024-11-18,,178.48,Paid
6112,6112,6071.0,32867785,2023-12-21,3184.66,2918.73,Paid
6113,6113,6072.0,84734972,2023-07-25,884.2,861.79,Paid
6114,6114,6073.0,12334949,2025-09-01,39737.57,36821.37,Paid
6115,6115,6074.0,47758957,2024-03-28,34.75,34.73,Paid
6116,6116,6075.0,60618268,2024-02-12,262.98,260.49,Paid
6117,6117,,66200381,2024-10-02,7284.58,2542.57,Partially Paid
6118,6118,6077.0,34679155,2024-08-22,,,Paid
6119,6119,,41734324,2024-11-14,124.36,118.94,Paid
6120,6120,6079.0,66200381,2024-12-07,5597.09,5401.88,Paid
6121,6121,6080.0,8409724,2024-09-06,527.13,480.66,Paid
6122,6122,6081.0,32867785,2025-01-31,1828.19,1764.0,Paid
6123,6123,6082.0,41734324,2025-02-26,140.69,0.0,Denied
6124,6124,6083.0,3898775,2024-04-30,,3457.07,Partially Paid
6125,6125,,47758957,2024-12-10,374.35,0.0,Denied
6126,6126,6085.0,37909130,2025-03-30,292.62,287.42,Paid
6127,6127,6086.0,51422190,2024-09-29,176.75,,Paid
6128,6128,6087.0,69893948,2023-05-09,3670.28,3390.46,Paid
6129,6129,6088.0,21477593,2024-08-25,419.51,382.77,Paid
6130,6130,6089.0,34679155,2024-03-27,243.62,105.47,Partially Paid
6131,6131,6090.0,44144684,2024-03-17,17198.91,16362.18,Paid
6132,6132,6091.0,37909130,2023-12-23,165.78,164.27,Paid
6133,6133,6092.0,83560890,2024-02-18,5162.67,5042.51,Paid
6134,6134,,78623435,2025-05-11,281.33,272.99,Paid
6135,6135,6094.0,3898775,2024-11-07,1002.61,968.25,Paid
6136,6136,6095.0,37909130,2023-03-15,339.41,325.59,Paid
6137,6137,,37909130,2024-11-06,247.88,225.04,Paid
6138,6138,6097.0,60618268,2023-06-21,61.83,59.59,Paid
6139,6139,6098.0,60618268,2023-09-14,67.7,65.78,Paid
6140,6140,6099.0,95376350,2024-05-26,,,Paid
6141,6141,6100.0,8409724,2025-05-25,664.36,611.16,Paid
6142,6142,6101.0,78623435,2025-11-21,384.16,371.49,Paid
6143,6143,6102.0,60618268,2024-02-12,34.23,31.81,Paid
6144,6144,6103.0,41734324,2025-09-27,75.64,72.98,Paid
6145,6145,6104.0,30048293,2023-07-25,22549.92,20846.24,Paid
6146,6146,6105.0,78623435,2025-06-06,118.9,115.74,Paid
6147,6147,6106.0,63154872,2023-04-25,3735.07,3670.56,Paid
6148,6148,6107.0,25875482,2025-05-25,370.07,0.0,Denied
6149,6149,,58820915,2025-05-23,59.3,56.41,Paid
6150,6150,6109.0,30048293,2023-10-06,18492.21,0.0,Denied
6151,6151,6110.0,25875482,2023-05-12,185.48,179.44,Paid
6152,6152,6111.0,32867785,2025-11-20,6781.54,6637.48,Paid
6153,6153,6112.0,95044104,2023-11-15,55.8,50.81,Paid
6154,6154,6113.0,78623435,2024-03-17,,288.09,Paid
6155,6155,6114.0,3898775,2024-03-27,4560.45,3500.21,Partially Paid
6156,6156,6115.0,25875482,2024-11-11,,40.0,Partially Paid
6157,6157,6116.0,33391524,2023-07-30,4189.05,,Denied
6158,6158,6117.0,44144684,2023-09-14,9414.92,9035.59,Paid
6159,6159,6118.0,662337,2024-04-05,1510.83,1480.01,Paid
6160,6160,6119.0,3898775,2025-09-25,7595.34,6992.44,Paid
6161,6161,6120.0,41734324,2024-05-05,55.66,54.51,Paid
6162,6162,6121.0,58820915,2024-12-06,184.49,175.12,Paid
6163,6163,6122.0,84734972,2024-10-18,3610.89,1943.49,Partially Paid
6164,6164,6123.0,69893948,2025-07-22,1522.15,1420.12,Paid
6165,6165,6124.0,37909130,2024-08-11,92.52,10.77,Partially Paid
6166,6166,6125.0,52736082,2024-09-29,793.79,764.79,Paid
6167,6167,6126.0,84734972,2025-05-26,5658.8,5236.06,Paid
6168,6168,6127.0,86820499,2024-03-21,4995.36,4584.19,Paid
6169,6169,6128.0,3898775,2025-09-29,7675.55,,Paid
6170,6170,6129.0,25875482,2023-05-16,206.0,,Paid
6171,6171,6130.0,51422190,2025-05-06,266.88,155.54,Partially Paid
6172,6172,6131.0,662337,2025-09-08,7099.77,6608.41,Paid
6173,6173,6132.0,12334949,2024-05-24,14226.76,1676.74,Partially Paid
6174,6174,6133.0,44144684,2025-07-01,19755.34,18613.1,Paid
6175,6175,6134.0,262606,2025-10-18,5127.83,3714.48,Partially Paid
6176,6176,6135.0,6138419,2025-07-19,2196.2,271.08,Partially Paid
6177,6177,6136.0,76629196,2024-02-20,489.06,,Partially Paid
6178,6178,6137.0,78623435,2023-01-26,,36.96,Partially Paid
6179,6179,6138.0,37909130,2025-09-04,307.6,,Paid
6180,6180,,37909130,2024-03-08,77.91,73.21,Paid
6181,6181,6140.0,60618268,2025-10-24,467.41,457.63,Paid
6182,6182,6141.0,25875482,2025-11-14,791.03,751.52,Paid
6183,6183,,34679155,2025-09-04,,,Paid
6184,6184,6143.0,35867643,2025-05-03,722.88,99.69,Partially Paid
6185,6185,6144.0,35643704,2024-04-06,326.54,305.46,Paid
6186,6186,6145.0,6138419,2023-09-30,,6119.76,Paid
6187,6187,6146.0,60618268,2024-09-09,90.13,82.8,Paid
6188,6188,6147.0,2888077,2023-04-12,7050.2,1995.69,Partially Paid
6189,6189,6148.0,74476075,2025-04-13,,3056.28,Paid
6190,6190,6149.0,83560890,2025-02-04,2963.04,2877.7,Paid
6191,6191,,76629196,2023-03-04,454.96,345.46,Partially Paid
6192,6192,6151.0,47758957,2024-09-08,390.93,389.25,Paid
6193,6193,,30048293,2025-07-07,,17672.2,Paid
6194,6194,6153.0,21477593,2023-05-20,,496.0,Paid
6195,6195,6154.0,66200381,2024-01-27,5534.85,5436.94,Paid
6196,6196,6155.0,34679155,2023-04-14,61.16,58.57,Paid
6197,6197,6156.0,5243984,2023-12-26,14788.35,0.0,Denied
6198,6198,6157.0,35867643,2024-01-11,7098.74,4301.73,Partially Paid
6199,6199,6158.0,60618268,2024-09-29,,20.41,Partially Paid
6200,6200,,60618268,2025-09-10,396.16,390.36,Paid
6201,6201,6160.0,35277331,2023-12-30,84.49,37.73,Partially Paid
6202,6202,6161.0,8409724,2023-06-15,581.4,,Partially Paid
6203,6203,,35643704,2025-05-13,133.25,123.57,Paid
6204,6204,6163.0,95376350,2025-03-08,6568.46,6187.32,Paid
6205,6205,6164.0,95044104,2025-09-12,118.93,107.65,Paid
6206,6206,6165.0,60618268,2025-11-05,229.22,,Partially Paid
6207,6207,,78623435,2025-08-05,83.79,35.54,Partially Paid
6208,6208,6167.0,78623435,2023-06-26,222.43,210.83,Paid
6209,6209,6168.0,95044104,2025-06-17,483.07,442.53,Paid
6210,6210,6169.0,91900027,2024-08-17,761.75,759.42,Paid
6211,6211,6170.0,37909130,2025-05-10,395.66,,Denied
6212,6212,6171.0,32867785,2024-09-21,5954.74,5813.49,Paid
6213,6213,6172.0,74476075,2025-11-12,3995.21,3879.48,Paid
6214,6214,6173.0,262606,2023-12-08,3149.09,1202.52,Partially Paid
6215,6215,6174.0,70604284,2025-01-21,329.12,0.0,Denied
6216,6216,6175.0,84940684,2024-11-02,21943.9,20597.69,Paid
6217,6217,6176.0,25875482,2025-05-07,265.9,252.75,Paid
6218,6218,6177.0,37909130,2025-01-29,56.67,51.93,Paid
6219,6219,6178.0,95044104,2023-01-07,479.0,153.59,Partially Paid
6220,6220,,58820915,2023-11-05,336.56,308.87,Paid
6221,6221,6180.0,84940684,2023-11-08,33191.24,0.0,Denied
6222,6222,6181.0,66200381,2023-10-23,2189.53,2155.69,Paid
6223,6223,6182.0,35643704,2024-05-05,306.95,162.32,Partially Paid
6224,6224,6183.0,86820499,2024-02-20,2117.01,1946.79,Paid
6225,6225,6184.0,63154872,2025-03-27,,874.64,Partially Paid
6226,6226,6185.0,74476075,2023-07-29,7306.19,6707.48,Paid
6227,6227,6186.0,34679155,2024-04-27,,,Denied
6228,6228,6187.0,6138419,2023-02-21,3139.82,3115.83,Paid
6229,6229,,51422190,2024-08-15,111.78,72.21,Partially Paid
6230,6230,6189.0,44144684,2023-11-12,19291.4,17719.34,Paid
6231,6231,6190.0,74476075,2025-07-24,,5844.56,Paid
6232,6232,6191.0,35867643,2025-09-14,786.84,0.0,Denied
6233,6233,6192.0,37909130,2025-05-31,,163.76,Partially Paid
6234,6234,6193.0,78623435,2024-07-28,65.02,64.85,Paid
6235,6235,6194.0,69599038,2024-05-09,1381.12,0.0,Denied
6236,6236,6195.0,44144684,2024-07-14,32297.49,30800.57,Paid
6237,6237,6196.0,70604284,2024-09-08,66.08,61.88,Paid
6238,6238,6197.0,41734324,2024-12-14,76.61,71.99,Paid
6239,6239,6198.0,34679155,2024-09-04,345.22,335.28,Paid
6240,6240,6199.0,12334949,2023-02-25,25262.98,18671.3,Partially Paid
6241,6241,6200.0,84940684,2023-11-26,32444.5,0.0,Denied
6242,6242,6201.0,91900027,2024-07-01,,499.74,Paid
6243,6243,6202.0,662337,2024-07-13,,,Paid
6244,6244,6203.0,22394905,2025-03-13,982.58,933.4,Paid
6245,6245,6204.0,35643704,2025-05-29,167.59,102.45,Partially Paid
6246,6246,6205.0,22394905,2024-04-30,,7225.6,Paid
6247,6247,6206.0,37909130,2025-09-02,344.83,271.91,Partially Paid
6248,6248,6207.0,34679155,2024-05-13,349.73,346.13,Paid
6249,6249,6208.0,52736082,2025-02-11,536.81,489.41,Paid
6250,6250,6209.0,41734324,2023-03-18,79.71,11.02,Partially Paid
6251,6251,6210.0,58820915,2023-06-15,476.44,470.94,Paid
6252,6252,6211.0,34679155,2023-11-18,352.73,98.52,Partially Paid
6253,6253,6212.0,63154872,2024-01-07,1191.92,1188.65,Paid
6254,6254,,35643704,2025-02-04,334.86,,Partially Paid
6255,6255,6214.0,60618268,2023-06-12,172.08,164.98,Paid
6256,6256,6215.0,25875482,2025-01-26,581.28,548.23,Paid
6257,6257,6216.0,37909130,2023-10-15,231.61,209.4,Paid
6258,6258,6217.0,12334949,2025-02-08,,24804.99,Paid
6259,6259,6218.0,60618268,2025-06-21,446.8,227.02,Partially Paid
6260,6260,6219.0,35867643,2023-01-16,6290.34,5841.77,Paid
6261,6261,6220.0,37909130,2024-10-18,184.16,182.98,Paid
6262,6262,6221.0,47758957,2023-04-20,146.08,136.64,Paid
6263,6263,6222.0,25875482,2023-05-20,460.95,459.17,Paid
6264,6264,6223.0,62378778,2024-12-24,792.54,762.6,Paid
6265,6265,6224.0,95376350,2025-02-02,2177.2,2074.76,Paid
6266,6266,6225.0,60618268,2023-02-26,,,Partially Paid
6267,6267,6226.0,74476075,2024-07-11,,1792.08,Partially Paid
6268,6268,6227.0,12334949,2024-11-16,6842.23,6414.57,Paid
6269,6269,6228.0,58820915,2023-03-01,492.57,484.41,Paid
6270,6270,6229.0,34679155,2024-11-06,219.65,54.68,Partially Paid
6271,6271,6230.0,3898775,2023-07-17,7428.62,6883.77,Paid
6272,6272,6231.0,35867643,2023-03-27,5698.55,5215.54,Paid
6273,6273,6232.0,35867643,2023-02-25,1277.07,1249.19,Paid
6274,6274,6233.0,70604284,2024-01-19,238.37,218.55,Paid
6275,6275,6234.0,6138419,2023-09-25,3607.47,3489.77,Paid
6276,6276,6235.0,34679155,2023-08-12,323.98,0.0,Denied
6277,6277,6236.0,262606,2024-05-13,962.36,960.27,Paid
6278,6278,6237.0,37909130,2024-02-29,158.04,145.33,Paid
6279,6279,6238.0,37909130,2025-01-16,,193.92,Paid
6280,6280,6239.0,69893948,2023-03-25,444.72,440.6,Paid
6281,6281,6240.0,95044104,2023-08-26,295.72,208.66,Partially Paid
6282,6282,6241.0,47758957,2024-03-28,348.61,0.0,Denied
6283,6283,6242.0,51422190,2025-09-11,208.93,,Denied
6284,6284,,35867643,2024-07-31,7063.32,,Denied
6285,6285,6244.0,51422190,2024-08-27,144.88,143.27,Paid
6286,6286,6245.0,58820915,2023-01-08,436.49,408.7,Paid
6287,6287,6246.0,69893948,2025-01-11,,1397.98,Partially Paid
6288,6288,6247.0,74476075,2024-03-26,4081.48,1623.99,Partially Paid
6289,6289,6248.0,86937698,2023-04-04,1515.74,1406.85,Paid
6290,6290,6249.0,37909130,2025-05-26,,113.04,Paid
6291,6291,6250.0,70604284,2023-07-18,284.04,,Partially Paid
6292,6292,6251.0,12334949,2023-05-03,28072.24,25828.61,Paid
6293,6293,6252.0,35277331,2024-12-08,200.84,153.11,Partially Paid
6294,6294,6253.0,5243984,2024-01-20,15398.65,15137.55,Paid
6295,6295,6254.0,37909130,2023-08-14,218.91,210.38,Paid
6296,6296,6255.0,70604284,2024-11-29,549.71,546.84,Paid
6297,6297,,44144684,2025-10-11,15654.44,14570.28,Paid
6298,6298,6257.0,12334949,2025-09-03,10301.88,9379.2,Paid
6299,6299,6258.0,2888077,2023-04-24,3201.95,2959.54,Paid
6300,6300,6259.0,8409724,2025-11-02,78.19,72.98,Paid
6301,6301,6260.0,78623435,2024-08-15,86.56,39.79,Partially Paid
6302,6302,6261.0,35867643,2023-05-17,7709.85,1241.21,Partially Paid
6303,6303,,60618268,2024-05-30,311.28,289.68,Paid
6304,6304,6263.0,25875482,2024-01-03,65.05,23.86,Partially Paid
6305,6305,6264.0,6138419,2025-02-16,,,Paid
6306,6306,,30048293,2024-07-07,5252.2,,Paid
6307,6307,,74476075,2023-01-12,,3791.17,Paid
6308,6308,6267.0,12334949,2023-07-28,15906.99,14761.33,Paid
6309,6309,6268.0,25875482,2025-09-23,693.11,626.31,Paid
6310,6310,6269.0,41734324,2025-11-25,16.95,16.77,Paid
6311,6311,,662337,2023-10-14,6889.24,6874.8,Paid
6312,6312,6271.0,86820499,2023-02-05,6343.61,5953.58,Paid
6313,6313,6272.0,95044104,2025-02-12,,537.8,Paid
6314,6314,6273.0,95376350,2023-06-21,6741.37,6209.48,Paid
6315,6315,6274.0,74476075,2024-05-04,5773.08,5772.39,Paid
6316,6316,6275.0,6138419,2025-05-23,4982.25,4614.42,Paid
6317,6317,6276.0,25875482,2024-11-10,488.85,451.4,Paid
6318,6318,6277.0,51422190,2025-01-19,141.06,140.57,Paid
6319,6319,6278.0,12334949,2025-08-16,36101.91,35536.8,Paid
6320,6320,6279.0,47758957,2025-06-08,162.07,156.13,Paid
6321,6321,6280.0,86820499,2025-07-27,1419.41,1279.04,Paid
6322,6322,6281.0,25875482,2023-08-23,737.65,670.61,Paid
6323,6323,6282.0,25875482,2025-06-08,325.39,,Paid
6324,6324,6283.0,22394905,2025-05-26,517.63,493.82,Paid
6325,6325,,12334949,2025-01-07,34782.79,,Paid
6326,6326,6285.0,91900027,2023-12-09,166.71,158.08,Paid
6327,6327,6286.0,35643704,2025-06-30,240.04,223.59,Paid
6328,6328,6287.0,58738053,2024-11-13,39833.42,,Paid
6329,6329,6288.0,58820915,2023-04-30,120.88,109.74,Paid
6330,6330,,69599038,2025-10-06,2980.21,2913.76,Paid
6331,6331,6290.0,37909130,2024-03-15,338.58,327.61,Paid
6332,6332,,69893948,2025-11-03,4305.75,4141.46,Paid
6333,6333,6292.0,21477593,2025-01-31,,420.01,Paid
6334,6334,6293.0,74476075,2023-12-21,,,Paid
6335,6335,6294.0,86937698,2025-06-04,7632.27,7357.75,Paid
6336,6336,6295.0,58738053,2025-01-03,21653.86,21418.84,Paid
6337,6337,6296.0,37909130,2023-03-21,330.29,70.56,Partially Paid
6338,6338,6297.0,60618268,2025-01-14,,69.84,Paid
6339,6339,6298.0,6138419,2024-06-15,970.03,0.0,Denied
6340,6340,6299.0,6138419,2025-04-24,6001.8,5469.92,Paid
6341,6341,,37909130,2024-11-19,276.1,251.93,Paid
6342,6342,6301.0,60618268,2025-10-21,408.7,407.07,Paid
6343,6343,6302.0,51422190,2024-03-02,,103.35,Paid
6344,6344,6303.0,51422190,2024-12-28,327.58,317.11,Paid
6345,6345,6304.0,34679155,2024-01-21,80.29,55.96,Partially Paid
6346,6346,,25875482,2024-02-15,577.4,536.59,Paid
6347,6347,6306.0,25875482,2025-08-19,377.78,,Paid
6348,6348,6307.0,66200381,2025-05-29,2416.62,0.0,Denied
6349,6349,6308.0,37909130,2025-06-06,228.09,0.0,Denied
6350,6350,6309.0,51422190,2025-10-11,378.3,0.0,Denied
6351,6351,6310.0,25875482,2023-09-10,,664.44,Paid
6352,6352,6311.0,2888077,2023-06-20,4869.27,4399.93,Paid
6353,6353,6312.0,12334949,2024-10-31,,21375.88,Paid
6354,6354,6313.0,2888077,2025-08-27,467.23,458.58,Paid
6355,6355,6314.0,58820915,2025-01-25,410.46,,Partially Paid
6356,6356,6315.0,51422190,2023-05-02,299.34,280.02,Paid
6357,6357,6316.0,86820499,2024-02-28,6339.08,0.0,Denied
6358,6358,6317.0,69893948,2023-06-10,342.0,324.74,Paid
6359,6359,6318.0,21477593,2025-08-02,178.66,170.75,Paid
6360,6360,6319.0,35643704,2024-01-23,494.56,153.1,Partially Paid
6361,6361,6320.0,35643704,2024-07-20,389.19,354.22,Paid
6362,6362,6321.0,41734324,2025-06-06,16.35,16.3,Paid
6363,6363,6322.0,262606,2023-04-02,5520.6,5285.56,Paid
6364,6364,6323.0,52736082,2023-08-01,268.86,243.58,Paid
6365,6365,6324.0,84734972,2024-06-29,3937.75,3607.59,Paid
6366,6366,6325.0,34679155,2023-05-28,361.15,339.91,Paid
6367,6367,6326.0,37909130,2024-01-01,149.88,148.8,Paid
6368,6368,6327.0,35277331,2023-02-23,237.9,220.85,Paid
6369,6369,6328.0,2888077,2025-03-30,,4156.2,Paid
6370,6370,6329.0,32867785,2025-10-27,,6257.5,Paid
6371,6371,6330.0,34679155,2025-03-09,93.03,85.21,Paid
6372,6372,6331.0,12334949,2023-01-17,26279.32,13424.61,Partially Paid
6373,6373,6332.0,6138419,2023-07-27,6681.94,6429.86,Paid
6374,6374,6333.0,69599038,2023-08-29,3630.92,3574.85,Paid
6375,6375,6334.0,47758957,2025-03-08,,11.84,Partially Paid
6376,6376,6335.0,60618268,2025-01-23,115.19,105.26,Paid
6377,6377,6336.0,25875482,2023-01-16,199.77,67.06,Partially Paid
6378,6378,6337.0,74476075,2025-06-30,6155.25,904.85,Partially Paid
6379,6379,6338.0,22394905,2025-04-29,4124.59,4119.2,Paid
6380,6380,6339.0,63154872,2024-02-09,877.91,808.75,Paid
6381,6381,6340.0,83560890,2023-08-29,1631.23,1530.25,Paid
6382,6382,6341.0,60618268,2025-06-03,258.15,,Paid
6383,6383,6342.0,34679155,2024-10-27,109.07,105.13,Paid
6384,6384,6343.0,37909130,2024-09-24,229.03,210.41,Paid
6385,6385,6344.0,91900027,2025-04-12,316.46,294.79,Paid
6386,6386,6345.0,47758957,2023-09-02,341.13,340.42,Paid
6387,6387,6346.0,58820915,2023-06-30,88.96,67.76,Partially Paid
6388,6388,6347.0,58738053,2024-06-19,,35401.5,Paid
6389,6389,6348.0,41734324,2024-02-08,29.84,29.72,Paid
6390,6390,6349.0,8409724,2024-12-10,144.03,0.0,Denied
6391,6391,6350.0,25875482,2023-12-09,398.34,361.46,Paid
6392,6392,6351.0,8409724,2024-08-06,202.02,192.11,Paid
6393,6393,6352.0,95044104,2025-03-09,,94.25,Partially Paid
6394,6394,6353.0,25875482,2024-04-21,204.59,196.71,Paid
6395,6395,6354.0,60618268,2023-12-17,327.67,,Paid
6396,6396,6355.0,20816724,2024-08-02,517.32,179.14,Partially Paid
6397,6397,6356.0,84734972,2025-05-01,5964.33,2870.67,Partially Paid
6398,6398,6357.0,95044104,2025-05-07,,,Paid
6399,6399,6358.0,69893948,2024-09-20,6273.68,6001.16,Paid
6400,6400,6359.0,32867785,2023-12-14,5041.06,4905.82,Paid
6401,6401,6360.0,74476075,2025-10-30,2812.91,1115.3,Partially Paid
6402,6402,6361.0,662337,2024-08-07,5940.2,0.0,Denied
6403,6403,6362.0,37909130,2024-03-11,58.58,,Partially Paid
6404,6404,6363.0,69893948,2024-11-07,5677.4,3326.74,Partially Paid
6405,6405,,3898775,2025-08-09,1389.11,1359.86,Paid
6406,6406,6364.0,662337,2024-04-04,4695.49,,Paid
6407,6407,6365.0,66200381,2025-10-15,6152.17,6026.25,Paid
6408,6408,6366.0,34679155,2025-03-09,393.1,,Denied
6409,6409,6367.0,5243984,2024-08-23,11382.02,10679.97,Paid
6410,6410,6368.0,70604284,2025-11-08,,305.92,Paid
6411,6411,6369.0,95044104,2023-05-13,,277.68,Paid
6412,6412,,2888077,2025-11-01,,5213.7,Paid
6413,6413,6371.0,66200381,2024-07-10,2053.41,1968.2,Paid
6414,6414,,33391524,2023-08-26,6087.42,6063.13,Paid
6415,6415,6373.0,41734324,2023-02-13,,0.0,Denied
6416,6416,6374.0,86937698,2023-04-19,6970.47,6863.76,Paid
6417,6417,,78623435,2023-12-07,,193.54,Partially Paid
6418,6418,6376.0,47758957,2023-08-17,402.17,389.07,Paid
6419,6419,6377.0,662337,2024-07-13,6680.76,6364.25,Paid
6420,6420,6378.0,33391524,2024-04-21,1235.18,1135.85,Paid
6421,6421,6379.0,22394905,2024-08-25,,749.46,Paid
6422,6422,6380.0,58738053,2024-07-02,9276.1,8682.55,Paid
6423,6423,6381.0,34679155,2024-04-24,160.19,,Paid
6424,6424,6382.0,22394905,2025-06-07,3402.23,3336.2,Paid
6425,6425,6383.0,95376350,2023-05-01,6379.97,5779.52,Paid
6426,6426,6384.0,74476075,2024-11-29,5544.12,2692.44,Partially Paid
6427,6427,6385.0,78623435,2023-07-12,149.83,137.71,Paid
6428,6428,6386.0,70604284,2025-03-24,432.03,389.46,Paid
6429,6429,6387.0,35277331,2024-05-11,167.81,152.4,Paid
6430,6430,6388.0,70604284,2025-07-16,,111.36,Paid
6431,6431,6389.0,41734324,2023-07-03,,20.65,Partially Paid
6432,6432,6390.0,78623435,2023-04-04,171.83,165.79,Paid
6433,6433,6391.0,95044104,2023-03-04,188.57,187.47,Paid
6434,6434,6392.0,69893948,2025-11-12,1547.05,1524.73,Paid
6435,6435,6393.0,91900027,2024-09-25,336.34,323.79,Paid
6436,6436,6394.0,41734324,2024-03-28,52.05,,Denied
6437,6437,6395.0,69599038,2025-07-13,,3338.56,Paid
6438,6438,6396.0,6138419,2023-08-01,5023.96,4565.1,Paid
6439,6439,6397.0,62378778,2025-03-10,102.9,99.84,Paid
6440,6440,6398.0,60618268,2024-07-02,430.31,416.98,Paid
6441,6441,6399.0,25875482,2025-09-27,144.86,137.95,Paid
6442,6442,6400.0,37909130,2025-03-16,,242.72,Paid
6443,6443,6401.0,30048293,2024-09-25,,20387.79,Paid
6444,6444,6402.0,662337,2025-04-06,1391.2,1333.17,Paid
6445,6445,,32867785,2024-08-26,7626.64,7398.47,Paid
6446,6446,6404.0,86820499,2025-06-17,635.97,252.12,Partially Paid
6447,6447,6405.0,69893948,2025-01-13,,6236.21,Paid
6448,6448,,25875482,2024-09-16,411.07,408.12,Paid
6449,6449,6407.0,58820915,2025-05-03,172.46,0.0,Denied
6450,6450,6408.0,60618268,2025-05-27,171.45,162.15,Paid
6451,6451,6409.0,8409724,2023-06-20,666.63,662.44,Paid
6452,6452,6410.0,69599038,2024-11-22,5082.83,4672.02,Paid
6453,6453,6411.0,58820915,2024-01-16,405.92,92.43,Partially Paid
6454,6454,6412.0,33391524,2024-12-16,420.56,414.11,Paid
6455,6455,6413.0,58738053,2025-11-17,27596.44,27156.21,Paid
6456,6456,6414.0,37909130,2024-01-27,,76.06,Partially Paid
6457,6457,6415.0,58738053,2025-02-04,12591.33,2350.94,Partially Paid
6458,6458,6416.0,86820499,2024-03-20,274.89,247.6,Paid
6459,6459,6417.0,3898775,2024-12-06,,,Partially Paid
6460,6460,6418.0,52736082,2025-06-05,299.62,294.65,Paid
6461,6461,6419.0,63154872,2023-04-06,4963.4,4538.05,Paid
6462,6462,6420.0,34679155,2025-03-11,117.52,106.57,Paid
6463,6463,6421.0,52736082,2025-05-10,710.67,,Paid
6464,6464,6422.0,12334949,2023-06-12,19455.52,19365.21,Paid
6465,6465,6423.0,33391524,2024-10-13,1644.69,,Paid
6466,6466,6424.0,30048293,2023-07-23,17513.04,16707.89,Paid
6467,6467,6425.0,2888077,2024-06-26,951.06,887.14,Paid
6468,6468,6426.0,5243984,2023-03-14,17656.55,11710.66,Partially Paid
6469,6469,6427.0,91900027,2025-05-30,172.28,169.23,Paid
6470,6470,6428.0,20816724,2025-02-28,381.43,0.0,Denied
6471,6471,6429.0,37909130,2023-08-20,372.05,352.01,Paid
6472,6472,6430.0,41734324,2024-09-03,132.59,122.52,Paid
6473,6473,,51422190,2023-06-03,377.46,350.77,Paid
6474,6474,6432.0,41734324,2025-01-02,127.7,29.3,Partially Paid
6475,6475,6433.0,51422190,2024-04-21,66.6,60.02,Paid
6476,6476,6434.0,60618268,2025-10-21,155.99,,Partially Paid
6477,6477,6435.0,25875482,2024-10-21,271.94,260.03,Paid
6478,6478,6436.0,60618268,2023-04-28,,,Paid
6479,6479,6437.0,37909130,2025-10-22,345.82,,Partially Paid
6480,6480,6438.0,3898775,2025-02-01,1121.2,,Paid
6481,6481,6439.0,41734324,2025-09-15,107.04,96.94,Paid
6482,6482,6440.0,66200381,2024-12-04,3114.24,2819.88,Paid
6483,6483,6441.0,34679155,2025-02-21,287.97,285.31,Paid
6484,6484,6442.0,84734972,2023-11-13,6455.17,,Partially Paid
6485,6485,6443.0,47758957,2024-01-02,414.74,396.68,Paid
6486,6486,6444.0,86820499,2024-04-09,5208.14,5053.15,Paid
6487,6487,,78623435,2023-01-10,285.12,282.01,Paid
6488,6488,6446.0,60618268,2024-04-10,,144.72,Partially Paid
6489,6489,6447.0,44144684,2025-02-08,,17100.93,Paid
6490,6490,6448.0,37909130,2025-10-31,149.02,148.68,Paid
6491,6491,6449.0,6138419,2024-08-08,3610.26,3371.54,Paid
6492,6492,,34679155,2025-01-20,80.72,74.1,Paid
6493,6493,6451.0,69599038,2023-09-18,6810.2,6510.21,Paid
6494,6494,6452.0,84940684,2025-10-01,39137.6,35646.0,Paid
6495,6495,6453.0,60618268,2023-05-20,151.4,143.5,Paid
6496,6496,6454.0,3898775,2024-02-08,4756.69,,Paid
6497,6497,6455.0,662337,2024-01-02,,3117.44,Partially Paid
6498,6498,6456.0,51422190,2025-02-21,203.33,188.75,Paid
6499,6499,6457.0,47758957,2024-10-26,245.92,0.0,Denied
6500,6500,6458.0,2888077,2024-03-04,2242.56,2039.08,Paid
6501,6501,6459.0,37909130,2024-04-21,80.06,79.2,Paid
6502,6502,6460.0,76629196,2025-10-24,531.23,480.6,Paid
6503,6503,6461.0,44144684,2024-06-03,20284.52,,Paid
6504,6504,6462.0,47758957,2024-04-30,314.76,286.65,Paid
6505,6505,,37909130,2025-03-04,157.88,146.24,Paid
6506,6506,6464.0,35643704,2025-01-09,364.77,363.53,Paid
6507,6507,6465.0,25875482,2024-05-03,154.68,,Denied
6508,6508,6466.0,51422190,2023-06-19,125.01,113.14,Paid
6509,6509,6467.0,95376350,2023-04-16,448.62,427.7,Paid
6510,6510,6468.0,3898775,2025-01-07,3683.86,3422.35,Paid
6511,6511,6469.0,3898775,2023-05-20,1668.23,0.0,Denied
6512,6512,6470.0,76629196,2025-05-01,,272.32,Partially Paid
6513,6513,6471.0,69893948,2024-07-10,3242.33,3162.53,Paid
6514,6514,6472.0,95376350,2024-10-08,4181.71,3942.09,Paid
6515,6515,6473.0,35643704,2023-04-20,320.06,297.62,Paid
6516,6516,6474.0,95044104,2023-03-01,501.42,497.91,Paid
6517,6517,6475.0,3898775,2023-04-22,6567.74,6465.66,Paid
6518,6518,6476.0,86937698,2025-10-20,1584.07,1545.92,Paid
6519,6519,6477.0,91900027,2023-10-19,595.9,,Paid
6520,6520,6478.0,262606,2024-05-18,5546.72,2841.16,Partially Paid
6521,6521,6479.0,58738053,2024-01-08,38514.76,37189.18,Paid
6522,6522,6480.0,51422190,2024-03-06,184.15,171.71,Paid
6523,6523,6481.0,41734324,2024-04-15,78.4,74.77,Paid
6524,6524,6482.0,32867785,2023-04-21,6057.04,5547.29,Paid
6525,6525,6483.0,63154872,2025-11-09,,5680.48,Paid
6526,6526,6484.0,25875482,2024-03-24,108.22,106.12,Paid
6527,6527,6485.0,58738053,2024-12-25,33385.06,32434.42,Paid
6528,6528,6486.0,32867785,2024-12-03,4396.88,4143.1,Paid
6529,6529,6487.0,33391524,2025-05-09,4455.11,4101.39,Paid
6530,6530,6488.0,35277331,2024-12-29,383.43,,Paid
6531,6531,6489.0,95376350,2023-02-12,3922.05,3573.41,Paid
6532,6532,6490.0,25875482,2023-04-30,392.95,232.79,Partially Paid
6533,6533,6491.0,60618268,2024-09-07,373.34,0.0,Denied
6534,6534,6492.0,63154872,2023-07-31,1998.35,1960.04,Paid
6535,6535,6493.0,86937698,2023-08-28,5455.45,4995.73,Paid
6536,6536,6494.0,30048293,2024-04-17,25016.19,23583.82,Paid
6537,6537,6495.0,8409724,2023-01-26,650.24,640.93,Paid
6538,6538,6496.0,95044104,2024-01-25,560.95,531.42,Paid
6539,6539,6497.0,83560890,2023-11-13,2455.44,2393.05,Paid
6540,6540,6498.0,86820499,2025-11-23,7644.23,7253.32,Paid
6541,6541,6499.0,86937698,2025-10-07,526.48,517.23,Paid
6542,6542,6500.0,62378778,2025-04-08,547.27,139.25,Partially Paid
6543,6543,6501.0,66200381,2024-11-13,6348.02,6278.01,Paid
6544,6544,6502.0,662337,2023-01-11,5554.48,0.0,Denied
6545,6545,6503.0,58738053,2023-04-23,17563.05,16099.72,Paid
6546,6546,6504.0,41734324,2023-03-04,50.81,50.04,Paid
6547,6547,6505.0,41734324,2024-08-08,75.82,70.24,Paid
6548,6548,6506.0,8409724,2023-07-24,626.73,146.67,Partially Paid
6549,6549,6507.0,34679155,2025-04-05,230.21,218.76,Paid
6550,6550,,8409724,2025-08-10,761.11,717.32,Paid
6551,6551,6509.0,3898775,2024-09-17,7217.74,6780.29,Paid
6552,6552,6510.0,22394905,2024-12-16,1404.97,1040.27,Partially Paid
6553,6553,6511.0,60618268,2025-06-02,,,Paid
6554,6554,6512.0,2888077,2025-04-23,4989.4,0.0,Denied
6555,6555,6513.0,60618268,2023-02-05,22.42,2.45,Partially Paid
6556,6556,,83560890,2024-06-22,1309.92,1243.0,Paid
6557,6557,6515.0,262606,2024-01-01,1685.72,,Paid
6558,6558,6516.0,35277331,2023-10-17,354.82,327.69,Paid
6559,6559,6517.0,60618268,2025-08-22,,245.18,Paid
6560,6560,,91900027,2023-04-14,76.8,39.85,Partially Paid
6561,6561,6519.0,20816724,2025-10-20,506.29,466.56,Paid
6562,6562,6520.0,69599038,2023-06-24,2424.34,2417.19,Paid
6563,6563,6521.0,33391524,2024-10-17,,7263.01,Paid
6564,6564,6522.0,22394905,2025-10-17,6224.13,5663.03,Paid
6565,6565,6523.0,51422190,2023-10-06,378.2,,Paid
6566,6566,6524.0,63154872,2023-02-03,1022.14,975.29,Paid
6567,6567,6525.0,60618268,2023-08-12,283.6,272.71,Paid
6568,6568,6526.0,20816724,2025-07-17,84.45,82.84,Paid
6569,6569,6527.0,44144684,2023-03-19,7337.18,6744.77,Paid
6570,6570,6528.0,60618268,2025-09-23,59.8,55.21,Paid
6571,6571,6529.0,52736082,2025-09-11,400.91,391.87,Paid
6572,6572,6530.0,95376350,2025-11-01,3582.52,385.05,Partially Paid
6573,6573,6531.0,25875482,2023-06-23,664.89,153.46,Partially Paid
6574,6574,6532.0,37909130,2024-10-03,,,Paid
6575,6575,6533.0,662337,2024-02-10,5590.34,5566.73,Paid
6576,6576,6534.0,51422190,2023-07-13,230.6,222.74,Paid
6577,6577,6535.0,60618268,2024-05-27,,443.54,Paid
6578,6578,6536.0,84734972,2023-12-20,423.47,,Partially Paid
6579,6579,6537.0,37909130,2023-04-22,53.8,18.55,Partially Paid
6580,6580,6538.0,69893948,2025-01-24,3364.58,0.0,Denied
6581,6581,6539.0,20816724,2023-03-22,430.22,397.2,Paid
6582,6582,,52736082,2025-06-21,593.56,561.08,Paid
6583,6583,6541.0,30048293,2025-10-14,,24920.42,Paid
6584,6584,6542.0,37909130,2023-07-02,185.14,183.26,Paid
6585,6585,6543.0,32867785,2024-04-07,2419.02,2410.38,Paid
6586,6586,6544.0,58820915,2024-09-28,173.29,160.5,Paid
6587,6587,,74476075,2023-01-12,340.17,,Paid
6588,6588,,662337,2023-08-29,,2123.87,Paid
6589,6589,6546.0,22394905,2023-11-28,1049.75,1003.41,Paid
6590,6590,6547.0,37909130,2023-10-29,143.3,135.39,Paid
6591,6591,6548.0,70604284,2024-09-27,369.71,336.39,Paid
6592,6592,6549.0,37909130,2025-06-26,158.35,118.97,Partially Paid
6593,6593,6550.0,47758957,2024-01-15,354.73,319.79,Paid
6594,6594,6551.0,34679155,2025-02-08,171.64,162.54,Paid
6595,6595,,51422190,2025-04-05,194.0,176.89,Paid
6596,6596,6553.0,51422190,2023-02-24,286.27,275.79,Paid
6597,6597,6554.0,84940684,2025-05-18,,16987.2,Paid
6598,6598,6555.0,69893948,2025-06-07,3962.71,3880.4,Paid
6599,6599,6556.0,22394905,2025-04-22,4290.93,4175.5,Paid
6600,6600,6557.0,60618268,2024-05-04,153.94,149.19,Paid
6601,6601,,60618268,2024-11-22,235.42,227.06,Paid
6602,6602,6559.0,60618268,2023-11-15,59.05,58.33,Paid
6603,6603,6560.0,25875482,2024-11-11,435.47,416.33,Paid
6604,6604,6561.0,47758957,2023-12-03,491.93,,Paid
6605,6605,6562.0,74476075,2025-03-26,5024.28,4779.13,Paid
6606,6606,6563.0,69893948,2023-05-21,6693.77,,Paid
6607,6607,6564.0,5243984,2024-12-09,30930.96,28786.09,Paid
6608,6608,6565.0,6138419,2023-01-07,5177.69,0.0,Denied
6609,6609,6566.0,84734972,2023-08-17,,5206.93,Paid
6610,6610,6567.0,3898775,2024-02-18,3495.45,2732.65,Partially Paid
6611,6611,6568.0,60618268,2023-10-17,322.95,315.6,Paid
6612,6612,6569.0,60618268,2025-02-16,98.7,89.39,Paid
6613,6613,6570.0,21477593,2025-05-18,235.43,232.27,Paid
6614,6614,6571.0,20816724,2023-01-15,,241.04,Paid
6615,6615,6572.0,62378778,2025-11-22,699.81,676.6,Paid
6616,6616,,69893948,2025-03-25,452.37,448.7,Paid
6617,6617,6574.0,60618268,2025-08-28,134.2,133.89,Paid
6618,6618,,2888077,2025-01-15,,2536.71,Paid
6619,6619,6576.0,22394905,2025-01-15,4778.65,4772.76,Paid
6620,6620,6577.0,91900027,2025-04-11,195.04,182.98,Paid
6621,6621,6578.0,83560890,2025-03-29,2130.09,2116.72,Paid
6622,6622,6579.0,60618268,2023-01-03,50.86,47.88,Paid
6623,6623,6580.0,69599038,2025-06-10,4983.98,2680.0,Partially Paid
6624,6624,6581.0,37909130,2024-06-26,72.58,14.86,Partially Paid
6625,6625,6582.0,35277331,2023-05-13,289.78,270.83,Paid
6626,6626,6583.0,78623435,2024-12-20,307.21,,Paid
6627,6627,6584.0,25875482,2023-11-11,500.79,,Paid
6628,6628,6585.0,60618268,2025-07-22,61.18,58.84,Paid
6629,6629,6586.0,86820499,2024-04-27,7734.58,7326.23,Paid
6630,6630,6587.0,34679155,2023-11-21,276.49,274.55,Paid
6631,6631,6588.0,21477593,2023-11-07,336.23,222.08,Partially Paid
6632,6632,6589.0,20816724,2025-05-27,320.98,292.72,Paid
6633,6633,6590.0,25875482,2023-10-14,433.15,423.31,Paid
6634,6634,6591.0,62378778,2023-08-19,434.25,345.21,Partially Paid
6635,6635,6592.0,34679155,2023-07-02,222.75,,Paid
6636,6636,6593.0,84734972,2023-07-14,3884.32,,Paid
6637,6637,6594.0,37909130,2023-09-09,137.12,126.24,Paid
6638,6638,6595.0,63154872,2025-07-31,5812.34,5801.65,Paid
6639,6639,6596.0,51422190,2024-06-03,86.24,48.78,Partially Paid
6640,6640,6597.0,35277331,2023-12-21,77.13,71.66,Paid
6641,6641,6598.0,74476075,2025-03-30,1717.81,1629.89,Paid
6642,6642,6599.0,78623435,2025-06-18,357.35,347.22,Paid
6643,6643,6600.0,22394905,2023-11-22,6877.41,6867.05,Paid
6644,6644,6601.0,83560890,2024-11-28,1657.97,1657.84,Paid
6645,6645,6602.0,95044104,2024-12-12,508.27,481.11,Paid
6646,6646,6603.0,37909130,2024-07-04,77.29,74.09,Paid
6647,6647,6604.0,52736082,2024-03-20,182.45,,Paid
6648,6648,6605.0,25875482,2024-07-22,,592.21,Paid
6649,6649,6606.0,60618268,2025-07-09,251.75,71.67,Partially Paid
6650,6650,6607.0,37909130,2025-07-11,59.66,54.76,Paid
6651,6651,6608.0,37909130,2024-01-19,59.2,58.21,Paid
6652,6652,6609.0,74476075,2025-09-01,1487.11,1425.32,Paid
6653,6653,6610.0,58738053,2024-05-01,,4968.83,Paid
6654,6654,,22394905,2025-11-07,1569.65,1513.36,Paid
6655,6655,6612.0,34679155,2023-12-17,399.36,364.59,Paid
6656,6656,6613.0,6138419,2024-07-14,6184.99,5780.18,Paid
6657,6657,6614.0,37909130,2023-11-18,,202.21,Paid
6658,6658,6615.0,3898775,2023-12-10,1521.13,1509.64,Paid
6659,6659,6616.0,83560890,2025-11-15,5421.48,5306.99,Paid
6660,6660,6617.0,58820915,2024-04-20,105.54,95.5,Paid
6661,6661,6618.0,5243984,2023-01-26,13154.19,,Paid
6662,6662,6619.0,95376350,2024-11-02,1357.69,1290.65,Paid
6663,6663,6620.0,74476075,2024-10-30,1113.12,1088.71,Paid
6664,6664,6621.0,662337,2023-04-04,367.98,354.11,Paid
6665,6665,,44144684,2023-08-13,,8059.17,Paid
6666,6666,6623.0,69893948,2025-09-27,2135.21,1995.12,Paid
6667,6667,6624.0,37909130,2025-05-22,227.15,209.06,Paid
6668,6668,6625.0,62378778,2025-05-23,521.53,485.66,Paid
6669,6669,6626.0,52736082,2024-11-26,554.87,286.56,Partially Paid
6670,6670,6627.0,35643704,2024-09-10,230.87,103.36,Partially Paid
6671,6671,6628.0,37909130,2023-04-07,131.26,123.41,Paid
6672,6672,6629.0,37909130,2025-08-20,,112.36,Paid
6673,6673,6630.0,12334949,2025-06-07,19716.27,3492.83,Partially Paid
6674,6674,6631.0,76629196,2025-08-12,,86.28,Paid
6675,6675,6632.0,34679155,2025-10-21,267.24,247.38,Paid
6676,6676,6633.0,76629196,2024-10-28,553.56,524.55,Paid
6677,6677,6634.0,51422190,2023-09-03,147.51,144.4,Paid
6678,6678,6635.0,63154872,2023-07-10,4621.21,4213.19,Paid
6679,6679,6636.0,12334949,2023-12-04,11340.87,3001.27,Partially Paid
6680,6680,,84940684,2024-10-05,7810.24,7517.65,Paid
6681,6681,6638.0,5243984,2024-10-29,,6631.43,Paid
6682,6682,6639.0,84734972,2023-03-25,7161.54,2068.27,Partially Paid
6683,6683,6640.0,25875482,2024-08-03,,463.88,Paid
6684,6684,6641.0,5243984,2024-10-29,19025.47,18269.93,Paid
6685,6685,6642.0,47758957,2023-06-25,210.83,205.73,Paid
6686,6686,6643.0,37909130,2023-04-09,206.43,197.43,Paid
6687,6687,6644.0,3898775,2025-11-22,1099.57,1001.74,Paid
6688,6688,6645.0,74476075,2023-02-06,,0.0,Denied
6689,6689,6646.0,78623435,2024-11-03,125.3,120.03,Paid
6690,6690,6647.0,35277331,2024-01-21,79.78,,Paid
6691,6691,,60618268,2024-05-18,142.77,135.77,Paid
6692,6692,6649.0,6138419,2025-11-18,,5690.2,Paid
6693,6693,6650.0,35643704,2023-12-27,48.28,43.64,Paid
6694,6694,6651.0,21477593,2023-09-05,242.83,224.61,Paid
6695,6695,6652.0,62378778,2023-08-22,113.64,111.76,Paid
6696,6696,6653.0,5243984,2023-07-21,35894.37,17296.17,Partially Paid
6697,6697,6654.0,30048293,2023-09-17,14214.05,13905.87,Paid
6698,6698,6655.0,35277331,2024-12-07,262.89,84.36,Partially Paid
6699,6699,6656.0,35277331,2024-09-09,329.1,318.06,Paid
6700,6700,6657.0,51422190,2023-02-06,389.61,382.98,Paid
6701,6701,6658.0,2888077,2024-11-16,2567.46,2390.63,Paid
6702,6702,6659.0,84734972,2023-10-24,6660.39,6158.31,Paid
6703,6703,6660.0,35277331,2023-04-09,210.12,204.72,Paid
6704,6704,6661.0,91900027,2024-09-01,186.3,0.0,Denied
6705,6705,6662.0,69893948,2025-09-11,4795.95,4510.29,Paid
6706,6706,,70604284,2024-07-22,326.58,309.36,Paid
6707,6707,6664.0,12334949,2025-05-13,30722.53,27966.51,Paid
6708,6708,6665.0,83560890,2025-04-30,1193.68,626.77,Partially Paid
6709,6709,,262606,2023-06-23,3796.68,3586.89,Paid
6710,6710,6667.0,84940684,2023-09-18,32753.8,30100.45,Paid
6711,6711,6668.0,44144684,2023-06-18,,,Denied
6712,6712,6669.0,62378778,2023-04-28,88.65,87.92,Paid
6713,6713,,52736082,2025-08-22,600.66,567.81,Paid
6714,6714,6671.0,35277331,2024-11-27,191.26,176.34,Paid
6715,6715,6672.0,34679155,2025-08-01,,165.05,Paid
6716,6716,6673.0,35643704,2024-05-01,201.77,183.83,Paid
6717,6717,6674.0,662337,2025-04-29,2176.62,0.0,Denied
6718,6718,6675.0,60618268,2024-03-04,364.96,333.3,Paid
6719,6719,6676.0,66200381,2023-04-05,3837.54,3513.63,Paid
6720,6720,,22394905,2024-11-19,4016.99,0.0,Denied
6721,6721,6678.0,47758957,2023-07-25,,97.08,Paid
6722,6722,6679.0,12334949,2025-08-18,25126.53,24879.13,Paid
6723,6723,6680.0,12334949,2025-08-27,,36080.79,Paid
6724,6724,6681.0,8409724,2023-07-31,126.81,115.86,Paid
6725,6725,6682.0,21477593,2024-07-03,78.63,0.0,Denied
6726,6726,6683.0,51422190,2023-12-20,122.87,122.07,Paid
6727,6727,,21477593,2025-07-10,63.95,0.0,Denied
6728,6728,6685.0,34679155,2024-12-29,370.64,198.59,Partially Paid
6729,6729,6686.0,3898775,2023-05-16,735.94,,Paid
6730,6730,6687.0,47758957,2024-03-10,368.21,348.74,Paid
6731,6731,6688.0,84734972,2023-07-11,4089.57,3964.18,Paid
6732,6732,6689.0,60618268,2023-08-23,34.82,32.25,Paid
6733,6733,6690.0,34679155,2024-09-29,254.89,185.8,Partially Paid
6734,6734,6691.0,60618268,2025-01-03,,111.16,Paid
6735,6735,6692.0,95044104,2024-01-10,,563.58,Paid
6736,6736,6693.0,69893948,2023-02-15,4035.39,0.0,Denied
6737,6737,6694.0,76629196,2025-08-05,404.84,,Paid
6738,6738,6695.0,60618268,2023-07-24,143.03,129.77,Paid
6739,6739,6696.0,33391524,2024-06-19,4739.33,4678.26,Paid
6740,6740,,47758957,2024-06-27,345.94,334.89,Paid
6741,6741,,6138419,2024-06-29,,5385.56,Paid
6742,6742,,95044104,2024-09-14,443.94,,Partially Paid
6743,6743,6700.0,86937698,2023-12-29,,1024.48,Paid
6744,6744,6701.0,95376350,2025-09-09,,671.4,Paid
6745,6745,6702.0,35643704,2025-04-05,397.17,362.03,Paid
6746,6746,6703.0,20816724,2024-06-24,325.19,177.63,Partially Paid
6747,6747,6704.0,34679155,2024-03-01,204.52,21.95,Partially Paid
6748,6748,6705.0,35277331,2023-05-04,380.33,,Denied
6749,6749,,33391524,2024-03-13,2191.55,2007.66,Paid
6750,6750,6707.0,60618268,2023-08-26,,397.99,Paid
6751,6751,6708.0,34679155,2023-06-21,228.53,225.86,Paid
6752,6752,6709.0,44144684,2024-09-13,23627.73,0.0,Denied
6753,6753,6710.0,70604284,2023-09-01,309.29,286.56,Paid
6754,6754,,69893948,2025-04-13,1456.11,1447.13,Paid
6755,6755,6711.0,58820915,2024-09-26,130.42,118.98,Paid
6756,6756,6712.0,35643704,2023-06-20,360.54,185.66,Partially Paid
6757,6757,,51422190,2024-08-29,140.86,,Paid
6758,6758,6714.0,3898775,2023-07-02,1175.88,1066.92,Paid
6759,6759,6715.0,35277331,2023-04-20,385.87,104.78,Partially Paid
6760,6760,6716.0,51422190,2024-01-15,,100.13,Paid
6761,6761,6717.0,51422190,2025-04-14,,335.1,Paid
6762,6762,6718.0,84940684,2023-11-22,24344.38,,Paid
6763,6763,6719.0,86937698,2025-09-11,4004.36,3945.23,Paid
6764,6764,,35867643,2024-12-17,4811.55,4398.3,Paid
6765,6765,6720.0,47758957,2023-08-31,97.66,94.58,Paid
6766,6766,6721.0,51422190,2024-03-31,212.75,204.98,Paid
6767,6767,6722.0,70604284,2024-07-02,436.27,395.87,Paid
6768,6768,6723.0,44144684,2024-01-05,5658.34,2051.06,Partially Paid
6769,6769,6724.0,37909130,2024-10-26,357.73,321.99,Paid
6770,6770,6725.0,95044104,2023-01-29,314.48,289.59,Paid
6771,6771,6726.0,30048293,2025-10-26,14867.44,13677.01,Paid
6772,6772,6727.0,25875482,2025-04-12,707.37,674.01,Paid
6773,6773,6728.0,52736082,2024-01-04,,416.86,Paid
6774,6774,6729.0,262606,2025-05-20,1005.1,,Paid
6775,6775,6730.0,66200381,2025-06-30,339.32,,Paid
6776,6776,6731.0,37909130,2024-12-16,68.53,,Paid
6777,6777,6732.0,3898775,2024-04-09,4896.4,4766.25,Paid
6778,6778,6733.0,47758957,2023-07-25,470.41,424.53,Paid
6779,6779,6734.0,86937698,2025-07-04,4277.16,3981.31,Paid
6780,6780,6735.0,35643704,2025-11-15,432.58,200.17,Partially Paid
6781,6781,6736.0,33391524,2024-10-24,5645.41,,Paid
6782,6782,6737.0,20816724,2025-07-23,523.91,504.45,Paid
6783,6783,6738.0,8409724,2024-09-23,574.08,334.54,Partially Paid
6784,6784,6739.0,25875482,2024-09-26,403.21,366.92,Paid
6785,6785,6740.0,52736082,2024-01-16,625.37,194.73,Partially Paid
6786,6786,6741.0,2888077,2025-07-24,2369.67,2190.05,Paid
6787,6787,6742.0,35277331,2025-06-21,244.53,59.71,Partially Paid
6788,6788,,84940684,2023-05-20,27857.01,25334.26,Paid
6789,6789,6744.0,25875482,2023-10-11,283.03,51.62,Partially Paid
6790,6790,6745.0,2888077,2025-04-13,5177.18,5042.37,Paid
6791,6791,6746.0,60618268,2023-02-25,99.45,75.01,Partially Paid
6792,6792,6747.0,22394905,2023-05-19,,2095.1,Paid
6793,6793,6748.0,25875482,2024-09-17,400.56,364.24,Paid
6794,6794,6749.0,84940684,2024-07-15,,34215.77,Paid
6795,6795,6750.0,95376350,2023-11-12,2248.67,2192.35,Paid
6796,6796,6751.0,6138419,2025-08-02,,1753.72,Partially Paid
6797,6797,6752.0,37909130,2024-07-16,112.46,106.41,Paid
6798,6798,6753.0,52736082,2024-08-21,348.86,335.81,Paid
6799,6799,,58738053,2025-07-29,10219.37,6557.35,Partially Paid
6800,6800,6755.0,37909130,2023-02-22,228.07,221.05,Paid
6801,6801,6756.0,5243984,2024-12-18,,12233.7,Paid
6802,6802,6757.0,12334949,2024-02-16,,,Paid
6803,6803,6758.0,662337,2023-01-04,7480.25,7119.35,Paid
6804,6804,6759.0,51422190,2024-07-19,266.28,257.88,Paid
6805,6805,6760.0,70604284,2024-06-24,,247.45,Paid
6806,6806,6761.0,70604284,2025-06-02,65.8,64.48,Paid
6807,6807,6762.0,5243984,2023-02-03,5482.65,5260.1,Paid
6808,6808,6763.0,262606,2023-10-12,,4894.5,Paid
6809,6809,6764.0,66200381,2023-12-15,1143.36,1040.86,Paid
6810,6810,6765.0,35277331,2024-03-20,320.76,193.04,Partially Paid
6811,6811,,74476075,2024-09-16,2220.55,2198.04,Paid
6812,6812,6767.0,84734972,2023-06-16,,2106.65,Paid
6813,6813,6768.0,60618268,2024-03-15,349.17,320.41,Paid
6814,6814,6769.0,76629196,2023-09-02,501.29,455.23,Paid
6815,6815,6770.0,37909130,2023-08-16,133.96,133.11,Paid
6816,6816,,74476075,2023-06-15,,5873.79,Paid
6817,6817,6772.0,95044104,2023-02-27,585.81,464.77,Partially Paid
6818,6818,6773.0,41734324,2023-12-25,102.07,100.64,Paid
6819,6819,6774.0,21477593,2025-01-16,330.92,323.75,Paid
6820,6820,6775.0,60618268,2023-04-14,380.84,302.01,Partially Paid
6821,6821,6776.0,63154872,2024-05-19,215.36,0.0,Denied
6822,6822,6777.0,44144684,2025-09-16,31615.88,0.0,Denied
6823,6823,6778.0,3898775,2023-07-11,5872.11,1890.97,Partially Paid
6824,6824,6779.0,20816724,2025-10-24,208.9,200.33,Paid
6825,6825,6780.0,78623435,2024-08-19,323.46,305.24,Paid
6826,6826,6781.0,37909130,2023-12-12,212.17,202.08,Paid
6827,6827,6782.0,52736082,2025-03-31,166.06,164.06,Paid
6828,6828,6783.0,35867643,2025-07-19,2756.24,2604.61,Paid
6829,6829,6784.0,60618268,2023-06-11,248.44,244.22,Paid
6830,6830,6785.0,6138419,2024-11-12,5609.59,5538.07,Paid
6831,6831,6786.0,37909130,2025-07-17,300.42,84.81,Partially Paid
6832,6832,6787.0,6138419,2025-03-27,4007.97,3966.36,Paid
6833,6833,,22394905,2023-10-05,1909.07,1718.53,Paid
6834,6834,,83560890,2025-09-09,4871.18,,Paid
6835,6835,,58820915,2024-02-02,46.29,21.14,Partially Paid
6836,6836,6791.0,37909130,2023-08-04,339.41,330.44,Paid
6837,6837,6792.0,5243984,2023-03-01,,32485.73,Paid
6838,6838,6793.0,25875482,2025-08-05,221.21,213.29,Paid
6839,6839,6794.0,37909130,2023-10-21,,360.22,Paid
6840,6840,6795.0,37909130,2025-05-09,112.48,,Paid
6841,6841,6796.0,12334949,2024-03-31,23999.51,,Partially Paid
6842,6842,6797.0,91900027,2025-02-16,573.89,0.0,Denied
6843,6843,6798.0,8409724,2024-07-15,489.95,,Paid
6844,6844,6799.0,47758957,2025-06-20,393.54,367.34,Paid
6845,6845,6800.0,74476075,2023-04-06,4298.34,4084.78,Paid
6846,6846,6801.0,262606,2025-08-31,7434.42,,Partially Paid
6847,6847,,34679155,2025-09-24,322.5,320.34,Paid
6848,6848,6802.0,69893948,2024-03-29,2440.05,,Paid
6849,6849,6803.0,58738053,2025-01-18,32811.86,31056.83,Paid
6850,6850,6804.0,41734324,2025-04-14,13.72,13.62,Paid
6851,6851,,86937698,2024-08-09,7193.45,6915.61,Paid
6852,6852,6806.0,3898775,2025-10-29,4019.99,3734.69,Paid
6853,6853,6807.0,33391524,2023-07-11,6153.6,5657.03,Paid
6854,6854,,41734324,2023-01-05,137.97,0.0,Denied
6855,6855,6809.0,35277331,2025-09-14,347.38,320.86,Paid
6856,6856,6810.0,37909130,2025-04-16,121.18,109.92,Paid
6857,6857,6811.0,35643704,2024-01-16,172.5,156.78,Paid
6858,6858,6812.0,62378778,2025-08-30,779.6,724.33,Paid
6859,6859,6813.0,95044104,2024-08-02,734.14,,Denied
6860,6860,6814.0,3898775,2023-12-24,2463.3,1654.14,Partially Paid
6861,6861,6815.0,84734972,2023-02-18,3382.69,,Paid
6862,6862,6816.0,35277331,2023-09-05,126.54,126.21,Paid
6863,6863,6817.0,58738053,2023-09-26,16100.22,15869.65,Paid
6864,6864,6818.0,60618268,2025-10-08,290.59,266.67,Paid
6865,6865,6819.0,262606,2025-04-11,1894.62,1467.92,Partially Paid
6866,6866,6820.0,35277331,2023-12-21,,354.0,Paid
6867,6867,6821.0,60618268,2024-02-14,112.16,109.88,Paid
6868,6868,6822.0,84734972,2024-01-12,,,Paid
6869,6869,6823.0,25875482,2023-04-30,82.35,74.5,Paid
6870,6870,6824.0,78623435,2023-11-11,,57.5,Partially Paid
6871,6871,6825.0,84940684,2025-11-16,12218.0,,Paid
6872,6872,6826.0,78623435,2024-03-18,356.44,323.66,Paid
6873,6873,6827.0,84940684,2024-06-12,23565.63,22747.92,Paid
6874,6874,6828.0,3898775,2024-08-18,6542.59,5988.67,Paid
6875,6875,6829.0,25875482,2024-05-26,642.01,636.01,Paid
6876,6876,6830.0,35277331,2024-08-16,313.83,307.76,Paid
6877,6877,6831.0,95376350,2023-04-07,6718.15,6163.63,Paid
6878,6878,6832.0,51422190,2025-08-28,107.61,77.71,Partially Paid
6879,6879,6833.0,34679155,2023-04-07,95.07,91.43,Paid
6880,6880,6834.0,69893948,2025-08-30,1516.19,,Paid
6881,6881,6835.0,70604284,2023-01-28,389.7,,Paid
6882,6882,6836.0,60618268,2023-11-01,134.11,129.64,Paid
6883,6883,6837.0,21477593,2023-06-14,215.41,,Paid
6884,6884,,20816724,2023-01-27,506.66,,Paid
6885,6885,,37909130,2023-12-14,266.05,252.74,Paid
6886,6886,6840.0,58820915,2024-08-08,324.52,301.92,Paid
6887,6887,6841.0,5243984,2025-01-11,18381.55,18066.79,Paid
6888,6888,6842.0,35643704,2024-01-03,407.78,401.14,Paid
6889,6889,6843.0,37909130,2024-04-24,391.44,61.61,Partially Paid
6890,6890,,91900027,2025-04-11,192.04,190.61,Paid
6891,6891,6845.0,60618268,2025-08-29,22.87,0.0,Denied
6892,6892,6846.0,60618268,2025-09-24,199.8,,Paid
6893,6893,6847.0,30048293,2024-06-22,16431.11,15847.82,Paid
6894,6894,6848.0,84734972,2023-08-01,6178.33,5591.48,Paid
6895,6895,6849.0,12334949,2024-02-03,36069.92,34867.58,Paid
6896,6896,6850.0,41734324,2025-04-08,56.2,53.67,Paid
6897,6897,6851.0,86937698,2024-02-02,6371.54,6142.45,Paid
6898,6898,6852.0,37909130,2025-08-04,58.17,56.83,Paid
6899,6899,6853.0,30048293,2024-01-26,15922.17,11197.74,Partially Paid
6900,6900,6854.0,69893948,2025-08-13,5707.01,5692.24,Paid
6901,6901,6855.0,25875482,2023-11-04,404.59,367.55,Paid
6902,6902,6856.0,37909130,2025-03-09,,182.04,Paid
6903,6903,6857.0,21477593,2025-07-11,493.8,445.73,Paid
6904,6904,6858.0,35867643,2025-05-15,5808.59,5769.26,Paid
6905,6905,6859.0,60618268,2024-09-24,290.78,,Paid
6906,6906,6860.0,32867785,2024-03-07,4218.87,4135.35,Paid
6907,6907,6861.0,34679155,2023-11-13,175.18,163.35,Paid
6908,6908,6862.0,95376350,2023-01-17,7538.43,3020.99,Partially Paid
6909,6909,6863.0,34679155,2023-06-29,62.24,56.96,Paid
6910,6910,6864.0,34679155,2025-05-06,189.72,,Partially Paid
6911,6911,6865.0,662337,2024-06-09,,2528.75,Paid
6912,6912,,3898775,2025-09-22,6269.64,5735.29,Paid
6913,6913,,35643704,2023-06-24,93.98,47.15,Partially Paid
6914,6914,6868.0,2888077,2024-11-02,7896.6,0.0,Denied
6915,6915,,34679155,2025-08-08,352.51,349.27,Paid
6916,6916,6870.0,51422190,2024-03-11,235.68,227.88,Paid
6917,6917,6871.0,74476075,2025-08-02,6085.12,1922.63,Partially Paid
6918,6918,6872.0,12334949,2025-02-07,14286.58,13919.94,Paid
6919,6919,6873.0,66200381,2023-07-14,7443.46,0.0,Denied
6920,6920,6874.0,25875482,2024-07-12,498.91,454.16,Paid
6921,6921,6875.0,84734972,2025-07-15,2917.8,,Paid
6922,6922,6876.0,95044104,2024-01-18,739.11,718.28,Paid
6923,6923,6877.0,5243984,2025-03-16,6124.74,1855.24,Partially Paid
6924,6924,6878.0,35643704,2023-02-04,52.65,50.55,Paid
6925,6925,6879.0,47758957,2024-12-13,82.01,81.2,Paid
6926,6926,6880.0,35277331,2025-03-04,,168.58,Paid
6927,6927,,84734972,2024-06-08,3014.46,2884.11,Paid
6928,6928,6882.0,44144684,2023-01-10,9788.89,9010.51,Paid
6929,6929,6883.0,35643704,2025-05-29,30.64,27.98,Paid
6930,6930,6884.0,62378778,2023-03-11,264.73,254.37,Paid
6931,6931,6885.0,34679155,2024-08-05,242.93,222.9,Paid
6932,6932,6886.0,86937698,2025-02-24,6539.5,6289.25,Paid
6933,6933,6887.0,91900027,2025-07-31,116.38,114.78,Paid
6934,6934,6888.0,35867643,2024-03-19,5644.34,2190.25,Partially Paid
6935,6935,,37909130,2024-05-29,287.84,263.14,Paid
6936,6936,6890.0,66200381,2024-11-14,844.45,460.2,Partially Paid
6937,6937,6891.0,83560890,2024-09-19,3222.14,3121.32,Paid
6938,6938,6892.0,60618268,2023-12-15,193.73,177.41,Paid
6939,6939,6893.0,63154872,2023-11-27,6955.68,6556.16,Paid
6940,6940,6894.0,69599038,2023-10-08,7183.96,6467.6,Paid
6941,6941,6895.0,60618268,2025-09-15,194.47,175.6,Paid
6942,6942,6896.0,47758957,2023-06-24,279.89,,Paid
6943,6943,6897.0,30048293,2023-02-10,14668.76,13521.39,Paid
6944,6944,6898.0,63154872,2024-05-09,6595.59,6318.51,Paid
6945,6945,6899.0,70604284,2025-09-11,707.86,657.72,Paid
6946,6946,6900.0,2888077,2023-11-15,1469.52,1390.81,Paid
6947,6947,6901.0,84734972,2025-06-09,6763.4,2152.13,Partially Paid
6948,6948,6902.0,95376350,2023-02-17,874.16,,Paid
6949,6949,6903.0,58738053,2024-07-26,9816.61,,Paid
6950,6950,6904.0,34679155,2023-12-24,116.81,91.45,Partially Paid
6951,6951,6905.0,76629196,2024-01-07,610.04,591.77,Paid
6952,6952,6906.0,74476075,2024-03-27,1137.61,1056.83,Paid
6953,6953,,34679155,2025-02-07,101.29,91.85,Paid
6954,6954,6908.0,84734972,2025-08-14,,1669.78,Paid
6955,6955,6909.0,86937698,2024-10-17,7816.56,7146.57,Paid
6956,6956,6910.0,37909130,2023-05-19,170.85,163.23,Paid
6957,6957,6911.0,32867785,2025-10-03,6074.97,,Partially Paid
6958,6958,6912.0,58738053,2023-09-17,38054.84,36954.12,Paid
6959,6959,6913.0,44144684,2023-02-13,21099.49,19824.72,Paid
6960,6960,6914.0,69893948,2025-01-15,6465.25,6420.54,Paid
6961,6961,6915.0,12334949,2025-02-19,35994.94,34392.48,Paid
6962,6962,6916.0,58738053,2025-06-16,34185.48,33856.87,Paid
6963,6963,6917.0,21477593,2024-03-13,328.03,308.54,Paid
6964,6964,6918.0,37909130,2023-05-22,322.32,314.85,Paid
6965,6965,6919.0,37909130,2024-05-20,166.79,156.87,Paid
6966,6966,6920.0,83560890,2024-09-01,4319.84,4205.05,Paid
6967,6967,6921.0,3898775,2023-03-07,7537.55,7372.99,Paid
6968,6968,6922.0,34679155,2023-10-14,92.15,90.42,Paid
6969,6969,6923.0,66200381,2023-05-06,2732.11,2719.86,Paid
6970,6970,6924.0,262606,2023-10-09,6246.07,5657.33,Paid
6971,6971,6925.0,95044104,2023-05-26,443.76,438.8,Paid
6972,6972,,34679155,2025-10-10,237.09,81.76,Partially Paid
6973,6973,6927.0,60618268,2024-01-24,72.44,72.24,Paid
6974,6974,,78623435,2025-10-20,117.58,31.18,Partially Paid
6975,6975,6929.0,41734324,2025-07-09,135.78,132.4,Paid
6976,6976,6930.0,91900027,2023-09-24,522.45,491.58,Paid
6977,6977,6931.0,66200381,2024-04-24,6078.77,5866.05,Paid
6978,6978,6932.0,30048293,2024-05-27,,,Paid
6979,6979,,60618268,2023-09-28,97.58,97.38,Paid
6980,6980,6933.0,95376350,2025-05-17,6108.83,1151.8,Partially Paid
6981,6981,6934.0,21477593,2024-06-05,453.09,,Paid
6982,6982,6935.0,22394905,2023-05-14,5914.02,5771.02,Paid
6983,6983,6936.0,78623435,2024-08-27,119.97,109.21,Paid
6984,6984,6937.0,2888077,2024-07-06,1645.33,,Paid
6985,6985,6938.0,37909130,2023-09-15,392.17,0.0,Denied
6986,6986,6939.0,35867643,2023-12-06,1458.26,1436.01,Paid
6987,6987,6940.0,83560890,2025-07-05,5617.83,5278.26,Paid
6988,6988,6941.0,69893948,2023-08-15,1913.86,1724.29,Paid
6989,6989,6942.0,70604284,2023-10-15,171.99,119.45,Partially Paid
6990,6990,,62378778,2024-09-17,,57.16,Paid
6991,6991,6943.0,74476075,2024-01-20,1963.53,854.14,Partially Paid
6992,6992,6944.0,21477593,2025-01-05,,79.04,Partially Paid
6993,6993,6945.0,63154872,2024-02-11,3342.77,3102.03,Paid
6994,6994,6946.0,262606,2024-09-14,5007.4,4746.83,Paid
6995,6995,6947.0,74476075,2024-09-26,2491.3,2322.08,Paid
6996,6996,6948.0,60618268,2025-10-03,429.66,424.15,Paid
6997,6997,6949.0,262606,2025-03-17,1048.53,0.0,Denied
6998,6998,6950.0,32867785,2025-11-14,6521.6,5932.96,Paid
6999,6999,6951.0,60618268,2024-08-27,310.68,,Paid
7000,7000,6952.0,95044104,2023-08-22,102.99,99.65,Paid
7001,7001,,47758957,2025-10-08,210.44,193.22,Paid
7002,7002,6954.0,35643704,2023-02-05,239.85,82.48,Partially Paid
7003,7003,6955.0,62378778,2025-04-26,173.2,159.71,Paid
7004,7004,6956.0,91900027,2023-11-11,166.15,,Denied
7005,7005,6957.0,52736082,2025-09-24,350.84,,Paid
7006,7006,6958.0,74476075,2023-06-21,1508.63,1440.47,Paid
7007,7007,6959.0,52736082,2023-07-19,284.19,272.25,Paid
7008,7008,,34679155,2025-11-08,255.48,234.15,Paid
7009,7009,6961.0,37909130,2025-08-27,384.49,370.62,Paid
7010,7010,6962.0,51422190,2023-06-22,316.19,296.93,Paid
7011,7011,6963.0,70604284,2025-07-06,443.13,,Paid
7012,7012,6964.0,37909130,2023-06-27,391.48,362.25,Paid
7013,7013,6965.0,37909130,2025-10-17,379.72,360.9,Paid
7014,7014,6966.0,37909130,2024-04-12,302.03,285.79,Paid
7015,7015,6967.0,37909130,2023-05-13,,129.58,Partially Paid
7016,7016,6968.0,60618268,2024-10-14,335.18,305.76,Paid
7017,7017,6969.0,95044104,2023-09-26,156.4,141.2,Paid
7018,7018,,70604284,2024-11-04,,310.81,Partially Paid
7019,7019,,52736082,2023-04-12,607.47,588.24,Paid
7020,7020,6972.0,20816724,2023-03-17,72.19,69.18,Paid
7021,7021,6973.0,21477593,2023-11-05,280.2,,Paid
7022,7022,6974.0,84940684,2023-07-25,27831.85,25247.09,Paid
7023,7023,6975.0,12334949,2023-09-22,30806.18,29842.48,Paid
7024,7024,6976.0,35277331,2025-03-04,144.8,137.97,Paid
7025,7025,6977.0,37909130,2024-07-27,332.92,315.78,Paid
7026,7026,6978.0,25875482,2024-08-01,106.9,97.8,Paid
7027,7027,6979.0,35277331,2024-02-23,315.02,295.86,Paid
7028,7028,6980.0,33391524,2024-07-07,5753.83,2112.16,Partially Paid
7029,7029,6981.0,5243984,2025-08-29,7022.23,6392.08,Paid
7030,7030,6982.0,95044104,2025-10-15,599.61,271.41,Partially Paid
7031,7031,6983.0,74476075,2024-06-06,3412.5,,Paid
7032,7032,,60618268,2024-12-22,,202.25,Paid
7033,7033,6985.0,12334949,2025-07-19,39285.41,37727.13,Paid
7034,7034,6986.0,5243984,2024-11-19,32960.61,29800.34,Paid
7035,7035,6987.0,60618268,2024-03-03,80.43,74.38,Paid
7036,7036,6988.0,60618268,2024-08-07,492.45,,Partially Paid
7037,7037,6989.0,262606,2023-01-18,5461.3,5170.38,Paid
7038,7038,6990.0,91900027,2025-07-23,,240.37,Paid
7039,7039,6991.0,78623435,2024-09-11,164.3,154.27,Paid
7040,7040,6992.0,25875482,2023-08-21,206.64,202.43,Paid
7041,7041,6993.0,78623435,2024-08-04,388.82,352.14,Paid
7042,7042,6994.0,58820915,2024-01-16,453.79,432.78,Paid
7043,7043,6995.0,74476075,2023-12-24,2007.64,1896.69,Paid
7044,7044,6996.0,262606,2023-01-15,830.3,796.23,Paid
7045,7045,,58738053,2024-04-24,12319.54,11439.69,Paid
7046,7046,6998.0,60618268,2024-10-21,43.69,41.39,Paid
7047,7047,6999.0,44144684,2024-04-07,26139.42,24038.6,Paid
7048,7048,,95044104,2024-05-05,459.53,433.46,Paid
7049,7049,,41734324,2024-03-22,,,Paid
7050,7050,,63154872,2025-04-08,747.23,,Paid
7051,7051,7003.0,60618268,2025-01-17,446.6,442.41,Paid
7052,7052,,30048293,2023-01-24,,0.0,Denied
7053,7053,7005.0,60618268,2024-01-13,98.78,96.24,Paid
7054,7054,7006.0,3898775,2024-03-06,5225.15,4736.21,Paid
7055,7055,7007.0,69893948,2023-06-03,7364.72,6797.4,Paid
7056,7056,7008.0,6138419,2024-09-06,7972.97,7364.64,Paid
7057,7057,,34679155,2024-07-01,93.27,,Paid
7058,7058,7010.0,60618268,2024-11-25,139.11,128.91,Paid
7059,7059,7011.0,35277331,2024-06-22,216.44,198.16,Paid
7060,7060,7012.0,51422190,2023-04-24,261.05,258.77,Paid
7061,7061,7013.0,25875482,2025-06-29,626.95,575.22,Paid
7062,7062,7014.0,22394905,2023-11-09,7868.09,7355.25,Paid
7063,7063,7015.0,60618268,2023-04-25,460.15,433.64,Paid
7064,7064,7016.0,60618268,2025-08-17,400.77,378.0,Paid
7065,7065,7017.0,60618268,2025-06-15,,336.11,Paid
7066,7066,7018.0,37909130,2025-01-21,327.58,297.71,Paid
7067,7067,7019.0,262606,2023-04-07,5834.74,5804.34,Paid
7068,7068,7020.0,25875482,2023-04-07,340.18,322.45,Paid
7069,7069,7021.0,662337,2024-10-17,7122.24,4855.8,Partially Paid
7070,7070,7022.0,22394905,2023-02-20,6628.8,6339.72,Paid
7071,7071,7023.0,35867643,2024-11-15,5333.8,5199.47,Paid
7072,7072,7024.0,22394905,2024-08-02,3939.07,2847.14,Partially Paid
7073,7073,7025.0,84734972,2023-09-17,3214.99,3173.76,Paid
7074,7074,7026.0,60618268,2024-10-20,284.96,261.45,Paid
7075,7075,7027.0,12334949,2023-01-31,5983.36,5513.39,Paid
7076,7076,7028.0,21477593,2025-06-13,103.48,93.99,Paid
7077,7077,7029.0,34679155,2024-02-18,108.57,0.0,Denied
7078,7078,,69893948,2024-04-05,2865.2,2810.37,Paid
7079,7079,,37909130,2023-11-06,,194.49,Partially Paid
7080,7080,7032.0,63154872,2024-04-21,1727.67,,Paid
7081,7081,7033.0,35277331,2023-06-16,225.31,214.35,Paid
7082,7082,7034.0,25875482,2023-09-14,501.74,493.62,Paid
7083,7083,7035.0,3898775,2024-07-19,4975.58,0.0,Denied
7084,7084,7036.0,41734324,2024-05-02,39.92,39.88,Paid
7085,7085,7037.0,37909130,2024-11-19,191.04,188.51,Paid
7086,7086,7038.0,78623435,2023-02-06,180.97,168.25,Paid
7087,7087,7039.0,58820915,2023-11-10,235.96,217.37,Paid
7088,7088,7040.0,25875482,2024-10-28,107.01,100.27,Paid
7089,7089,7041.0,86820499,2023-04-02,1091.84,,Paid
7090,7090,7042.0,83560890,2023-06-04,4849.12,4670.3,Paid
7091,7091,7043.0,86820499,2023-08-13,6864.71,,Paid
7092,7092,7044.0,95044104,2024-03-29,537.89,517.27,Paid
7093,7093,7045.0,69893948,2025-10-09,7860.07,7847.75,Paid
7094,7094,7046.0,86937698,2024-06-07,7993.53,,Partially Paid
7095,7095,7047.0,58738053,2025-10-08,34370.53,32788.5,Paid
7096,7096,7048.0,76629196,2024-01-14,159.04,,Paid
7097,7097,7049.0,37909130,2025-01-31,393.31,381.64,Paid
7098,7098,7050.0,58820915,2023-06-16,321.57,0.0,Denied
7099,7099,7051.0,69599038,2024-09-28,1613.72,1546.82,Paid
7100,7100,7052.0,60618268,2024-08-07,255.78,253.99,Paid
7101,7101,7053.0,58820915,2023-11-05,22.75,20.66,Paid
7102,7102,7054.0,70604284,2024-12-28,700.6,682.37,Paid
7103,7103,7055.0,262606,2023-08-17,3021.0,2996.16,Paid
7104,7104,7056.0,69599038,2024-08-19,1919.82,1901.87,Paid
7105,7105,7057.0,86820499,2023-10-20,4952.79,4467.47,Paid
7106,7106,7058.0,66200381,2023-07-05,747.8,673.95,Paid
7107,7107,7059.0,84940684,2025-06-13,10887.61,7995.83,Partially Paid
7108,7108,7060.0,41734324,2024-04-24,,131.58,Paid
7109,7109,7061.0,41734324,2024-11-20,134.95,128.4,Paid
7110,7110,7062.0,58738053,2023-07-19,37348.17,37152.24,Paid
7111,7111,,52736082,2023-03-01,417.94,281.23,Partially Paid
7112,7112,7064.0,32867785,2024-12-03,2494.9,,Paid
7113,7113,7065.0,2888077,2025-06-28,1582.27,1561.11,Paid
7114,7114,7066.0,86820499,2025-09-13,672.27,621.11,Paid
7115,7115,7067.0,60618268,2023-11-24,202.28,188.6,Paid
7116,7116,,58738053,2023-12-05,13247.02,12082.19,Paid
7117,7117,7069.0,37909130,2023-02-18,336.21,329.05,Paid
7118,7118,7070.0,60618268,2025-08-28,128.21,126.11,Paid
7119,7119,7071.0,22394905,2025-10-15,7940.73,,Paid
7120,7120,7072.0,41734324,2024-08-29,116.35,115.0,Paid
7121,7121,7073.0,58820915,2024-12-20,145.1,141.09,Paid
7122,7122,7074.0,25875482,2024-10-21,,180.85,Partially Paid
7123,7123,7075.0,74476075,2023-08-23,6866.97,6498.46,Paid
7124,7124,7076.0,2888077,2025-07-10,7338.88,6710.69,Paid
7125,7125,7077.0,25875482,2023-10-07,449.34,409.13,Paid
7126,7126,7078.0,35277331,2025-07-06,,136.66,Paid
7127,7127,7079.0,95044104,2023-11-04,796.81,,Paid
7128,7128,7080.0,662337,2025-04-30,,2296.65,Paid
7129,7129,7081.0,86820499,2025-03-18,2102.94,2029.1,Paid
7130,7130,7082.0,37909130,2023-02-12,140.06,138.45,Paid
7131,7131,7083.0,41734324,2023-12-29,66.5,66.12,Paid
7132,7132,,60618268,2024-02-14,209.99,195.83,Paid
7133,7133,7085.0,62378778,2024-09-02,84.63,38.53,Partially Paid
7134,7134,7086.0,35867643,2024-03-09,6164.85,5673.84,Paid
7135,7135,7087.0,25875482,2024-02-07,322.88,,Paid
7136,7136,7088.0,63154872,2024-10-26,2470.24,,Paid
7137,7137,7089.0,84940684,2023-11-20,37543.05,34019.68,Paid
7138,7138,7090.0,35277331,2025-03-04,203.75,186.28,Paid
7139,7139,7091.0,3898775,2024-07-21,6528.44,,Paid
7140,7140,7092.0,35277331,2024-04-03,390.99,,Paid
7141,7141,7093.0,25875482,2025-07-31,349.09,,Partially Paid
7142,7142,7094.0,86937698,2024-03-28,501.02,,Denied
7143,7143,7095.0,60618268,2023-06-06,247.47,227.79,Paid
7144,7144,7096.0,84734972,2023-06-02,1045.87,0.0,Denied
7145,7145,7097.0,76629196,2023-10-18,337.32,0.0,Denied
7146,7146,7098.0,30048293,2023-04-09,17364.28,17038.69,Paid
7147,7147,7099.0,2888077,2024-12-03,6483.49,6237.26,Paid
7148,7148,7100.0,84940684,2023-12-02,25489.49,9662.37,Partially Paid
7149,7149,7101.0,3898775,2023-03-25,,4394.31,Paid
7150,7150,7102.0,60618268,2025-05-24,371.53,365.13,Paid
7151,7151,7103.0,69599038,2023-09-20,3905.87,3522.5,Paid
7152,7152,,8409724,2024-07-18,135.68,129.04,Paid
7153,7153,7105.0,69893948,2023-09-26,234.87,0.0,Denied
7154,7154,7106.0,35643704,2025-10-26,368.64,346.59,Paid
7155,7155,,5243984,2025-05-23,14134.01,6877.44,Partially Paid
7156,7156,,662337,2023-10-24,1532.78,0.0,Denied
7157,7157,7109.0,35277331,2025-04-26,164.01,161.18,Paid
7158,7158,7110.0,74476075,2024-12-27,7793.42,2408.91,Partially Paid
7159,7159,7111.0,58738053,2023-12-26,11920.04,0.0,Denied
7160,7160,7112.0,37909130,2024-01-19,321.04,49.56,Partially Paid
7161,7161,7113.0,3898775,2025-07-06,,796.47,Partially Paid
7162,7162,7114.0,5243984,2023-04-24,28768.06,28418.81,Paid
7163,7163,7115.0,662337,2025-08-17,,1282.28,Paid
7164,7164,7116.0,44144684,2023-10-18,25551.77,24828.25,Paid
7165,7165,,91900027,2023-06-09,576.24,,Paid
7166,7166,7118.0,52736082,2023-02-28,743.49,370.52,Partially Paid
7167,7167,,84940684,2023-04-18,11262.03,10866.0,Paid
7168,7168,7120.0,69599038,2024-03-20,4190.68,3915.63,Paid
7169,7169,,262606,2023-12-05,7940.2,0.0,Denied
7170,7170,7122.0,8409724,2023-02-17,177.02,173.71,Paid
7171,7171,7123.0,58738053,2025-04-04,16665.48,15547.8,Paid
7172,7172,7124.0,60618268,2025-05-01,363.89,342.85,Paid
7173,7173,7125.0,69893948,2025-04-14,1350.62,899.84,Partially Paid
7174,7174,7126.0,34679155,2024-01-28,299.08,289.88,Paid
7175,7175,7127.0,35277331,2025-11-10,225.14,214.53,Paid
7176,7176,,35867643,2023-02-13,3433.43,3344.79,Paid
7177,7177,7129.0,12334949,2023-05-27,7095.58,6427.77,Paid
7178,7178,7130.0,60618268,2024-06-03,223.47,0.0,Denied
7179,7179,7131.0,41734324,2025-08-14,82.06,74.06,Paid
7180,7180,7132.0,12334949,2023-03-18,16772.09,0.0,Denied
7181,7181,7133.0,2888077,2024-11-29,1855.69,1848.42,Paid
7182,7182,7134.0,86937698,2025-08-05,5909.28,1430.9,Partially Paid
7183,7183,7135.0,662337,2024-06-08,5408.04,1165.38,Partially Paid
7184,7184,7136.0,25875482,2024-10-01,526.75,474.49,Paid
7185,7185,7137.0,8409724,2023-01-29,75.17,0.0,Denied
7186,7186,7138.0,25875482,2024-04-02,244.65,221.82,Paid
7187,7187,7139.0,262606,2023-05-11,7213.57,6696.11,Paid
7188,7188,7140.0,35867643,2023-12-13,5673.8,5462.77,Paid
7189,7189,7141.0,5243984,2024-01-24,35258.94,32530.35,Paid
7190,7190,7142.0,3898775,2024-06-01,7853.42,4635.04,Partially Paid
7191,7191,7143.0,60618268,2024-02-23,,335.71,Paid
7192,7192,,84940684,2023-11-16,22128.06,20780.48,Paid
7193,7193,7145.0,35643704,2024-01-08,,183.95,Paid
7194,7194,7146.0,37909130,2023-09-27,,86.85,Paid
7195,7195,7147.0,262606,2025-08-09,,428.86,Paid
7196,7196,7148.0,86820499,2023-02-02,4070.62,3742.47,Paid
7197,7197,7149.0,35277331,2024-11-17,,,Paid
7198,7198,7150.0,58820915,2024-11-18,179.91,173.15,Paid
7199,7199,7151.0,95376350,2023-11-13,3888.2,3876.38,Paid
7200,7200,7152.0,3898775,2025-01-10,5807.19,0.0,Denied
7201,7201,7153.0,35277331,2024-12-14,375.47,79.06,Partially Paid
7202,7202,7154.0,60618268,2024-11-09,121.78,110.94,Paid
7203,7203,7155.0,84734972,2024-11-22,4984.32,4591.03,Paid
7204,7204,,20816724,2023-10-29,523.92,498.75,Paid
7205,7205,7157.0,52736082,2024-10-26,519.99,500.23,Paid
7206,7206,,35867643,2023-03-30,6487.17,6007.91,Paid
7207,7207,7159.0,25875482,2025-03-03,480.3,460.1,Paid
7208,7208,7160.0,44144684,2024-08-14,26754.98,18900.11,Partially Paid
7209,7209,7161.0,58820915,2023-03-21,90.11,87.91,Paid
7210,7210,7162.0,86820499,2023-04-10,2893.93,2635.01,Paid
7211,7211,7163.0,62378778,2025-08-10,424.08,422.2,Paid
7212,7212,7164.0,60618268,2024-03-27,119.26,0.0,Denied
7213,7213,7165.0,86937698,2025-10-07,4710.51,4494.18,Paid
7214,7214,7166.0,69893948,2023-08-01,6341.86,5847.42,Paid
7215,7215,7167.0,58738053,2025-11-08,32354.68,31644.22,Paid
7216,7216,,37909130,2025-09-22,146.34,133.59,Paid
7217,7217,7169.0,6138419,2024-09-08,5280.71,5238.74,Paid
7218,7218,7170.0,34679155,2023-05-30,56.4,52.95,Paid
7219,7219,,69599038,2025-09-14,3979.91,,Paid
7220,7220,7172.0,52736082,2023-07-15,579.17,566.93,Paid
7221,7221,7173.0,6138419,2023-04-27,2599.72,2386.03,Paid
7222,7222,7174.0,70604284,2023-07-30,168.65,157.56,Paid
7223,7223,7175.0,51422190,2024-09-27,,112.04,Paid
7224,7224,7176.0,83560890,2024-05-04,680.93,679.35,Paid
7225,7225,7177.0,44144684,2024-08-24,18978.33,18616.03,Paid
7226,7226,7178.0,21477593,2023-03-13,292.93,266.41,Paid
7227,7227,7179.0,8409724,2023-01-04,,565.22,Paid
7228,7228,,5243984,2025-11-21,21436.59,0.0,Denied
7229,7229,7181.0,83560890,2023-09-23,1745.92,1665.29,Paid
7230,7230,7182.0,37909130,2024-07-27,105.19,100.02,Paid
7231,7231,7183.0,37909130,2025-04-21,341.99,329.23,Paid
7232,7232,7184.0,25875482,2024-03-12,761.87,697.64,Paid
7233,7233,7185.0,69599038,2024-04-17,1278.26,0.0,Denied
7234,7234,7186.0,84734972,2024-08-14,3352.75,3214.78,Paid
7235,7235,7187.0,86820499,2023-02-25,,6967.49,Paid
7236,7236,7188.0,84940684,2025-05-29,30785.84,28558.56,Paid
7237,7237,7189.0,21477593,2023-11-16,387.13,350.24,Paid
7238,7238,7190.0,44144684,2025-06-25,14455.68,,Paid
7239,7239,7191.0,35277331,2024-08-14,101.26,94.32,Paid
7240,7240,7192.0,83560890,2024-06-09,2542.5,2511.65,Paid
7241,7241,7193.0,52736082,2025-03-03,778.85,772.41,Paid
7242,7242,7194.0,37909130,2024-03-05,211.77,198.64,Paid
7243,7243,7195.0,78623435,2024-09-16,320.15,296.36,Paid
7244,7244,7196.0,51422190,2023-12-27,346.3,333.85,Paid
7245,7245,7197.0,25875482,2025-05-23,781.39,768.46,Paid
7246,7246,7198.0,58820915,2025-10-31,55.16,54.36,Paid
7247,7247,7199.0,35867643,2024-12-11,3333.18,,Paid
7248,7248,7200.0,35277331,2023-10-21,163.27,,Paid
7249,7249,7201.0,58820915,2024-07-19,240.87,0.0,Denied
7250,7250,7202.0,91900027,2025-05-08,719.43,660.61,Paid
7251,7251,7203.0,32867785,2025-10-25,405.42,,Paid
7252,7252,7204.0,95044104,2025-05-10,,,Paid
7253,7253,7205.0,25875482,2024-01-31,335.22,302.71,Paid
7254,7254,7206.0,51422190,2024-03-02,334.35,311.98,Paid
7255,7255,7207.0,2888077,2024-08-26,6928.88,6881.16,Paid
7256,7256,7208.0,74476075,2025-05-01,1908.64,1877.9,Paid
7257,7257,7209.0,2888077,2024-11-26,6827.98,6710.3,Paid
7258,7258,7210.0,662337,2025-02-19,6160.09,5886.68,Paid
7259,7259,,83560890,2024-03-08,3559.28,0.0,Denied
7260,7260,7212.0,60618268,2024-05-19,98.28,0.0,Denied
7261,7261,7213.0,41734324,2025-03-10,,59.98,Paid
7262,7262,7214.0,21477593,2025-11-02,310.86,224.45,Partially Paid
7263,7263,7215.0,62378778,2025-01-19,793.37,757.86,Paid
7264,7264,7216.0,58738053,2024-10-09,,13376.34,Paid
7265,7265,7217.0,44144684,2024-08-06,25660.76,24893.32,Paid
7266,7266,7218.0,37909130,2025-05-31,379.92,370.31,Paid
7267,7267,,58820915,2023-05-13,72.29,,Paid
7268,7268,7220.0,60618268,2025-02-23,167.54,158.14,Paid
7269,7269,7221.0,30048293,2025-08-22,,37453.53,Paid
7270,7270,7222.0,2888077,2025-08-22,1974.66,1959.05,Paid
7271,7271,7223.0,6138419,2025-10-13,1778.04,1704.68,Paid
7272,7272,7224.0,12334949,2025-03-20,,22829.51,Partially Paid
7273,7273,7225.0,74476075,2024-10-05,4535.93,,Partially Paid
7274,7274,7226.0,70604284,2024-08-28,670.11,390.02,Partially Paid
7275,7275,7227.0,37909130,2023-08-06,338.85,335.15,Paid
7276,7276,,70604284,2024-02-08,464.69,447.65,Paid
7277,7277,7229.0,70604284,2023-09-26,447.06,421.33,Paid
7278,7278,7230.0,35277331,2023-11-27,324.12,123.78,Partially Paid
7279,7279,7231.0,35277331,2024-08-04,322.51,321.61,Paid
7280,7280,,35643704,2025-01-20,,299.55,Paid
7281,7281,7233.0,91900027,2025-09-14,317.3,286.81,Paid
7282,7282,7234.0,51422190,2025-06-22,320.28,57.47,Partially Paid
7283,7283,7235.0,91900027,2024-07-26,93.84,85.56,Paid
7284,7284,7236.0,58738053,2025-06-06,,24983.16,Paid
7285,7285,,3898775,2024-05-04,1874.56,420.68,Partially Paid
7286,7286,7238.0,69599038,2025-04-25,6414.01,5896.7,Paid
7287,7287,7239.0,83560890,2025-05-31,2941.81,2779.64,Paid
7288,7288,7240.0,12334949,2023-06-26,27343.21,25890.42,Paid
7289,7289,7241.0,95376350,2024-03-08,7625.89,7433.89,Paid
7290,7290,7242.0,60618268,2024-07-18,205.58,187.23,Paid
7291,7291,7243.0,37909130,2024-12-12,369.73,366.21,Paid
7292,7292,7244.0,83560890,2025-11-08,5327.62,5221.29,Paid
7293,7293,7245.0,21477593,2023-02-07,389.25,133.33,Partially Paid
7294,7294,7246.0,35643704,2024-08-31,150.63,136.82,Paid
7295,7295,7247.0,37909130,2023-01-03,301.09,0.0,Denied
7296,7296,7248.0,60618268,2023-02-26,154.68,145.67,Paid
7297,7297,7249.0,32867785,2023-09-05,6435.5,5883.11,Paid
7298,7298,,83560890,2024-04-26,436.18,407.52,Paid
7299,7299,7251.0,37909130,2023-01-05,311.71,303.04,Paid
7300,7300,7252.0,63154872,2024-04-05,3490.99,,Paid
7301,7301,,12334949,2025-02-09,35227.48,32195.71,Paid
7302,7302,7254.0,58738053,2023-02-20,35572.91,24233.82,Partially Paid
7303,7303,7255.0,12334949,2023-05-28,29326.91,28614.87,Paid
7304,7304,,60618268,2025-08-17,291.88,218.28,Partially Paid
7305,7305,7257.0,84734972,2025-01-25,3137.65,509.98,Partially Paid
7306,7306,7258.0,69893948,2024-01-05,5040.31,4998.47,Paid
7307,7307,7259.0,12334949,2023-10-03,33102.65,32610.2,Paid
7308,7308,,66200381,2025-09-01,5493.58,1826.01,Partially Paid
7309,7309,7261.0,37909130,2024-03-14,375.48,338.63,Paid
7310,7310,,33391524,2024-01-18,4887.63,4859.26,Paid
7311,7311,7263.0,47758957,2023-06-29,480.24,435.17,Paid
7312,7312,7264.0,35643704,2025-06-17,441.08,415.11,Paid
7313,7313,7265.0,21477593,2025-03-08,463.45,449.52,Paid
7314,7314,,30048293,2024-12-25,33177.79,31865.43,Paid
7315,7315,,86820499,2024-07-09,2187.45,,Partially Paid
7316,7316,7268.0,69893948,2024-12-08,4674.46,4266.83,Paid
7317,7317,7269.0,60618268,2024-07-22,413.2,394.68,Paid
7318,7318,7270.0,83560890,2023-09-01,1908.84,1732.15,Paid
7319,7319,7271.0,52736082,2025-02-12,601.99,546.43,Paid
7320,7320,7272.0,52736082,2025-04-27,135.4,0.0,Denied
7321,7321,,37909130,2024-11-27,128.39,119.49,Paid
7322,7322,7274.0,51422190,2025-01-03,212.5,,Paid
7323,7323,7275.0,12334949,2025-10-05,30470.96,13274.2,Partially Paid
7324,7324,7276.0,69599038,2023-05-28,7194.34,1069.46,Partially Paid
7325,7325,7277.0,25875482,2025-09-10,88.4,85.96,Paid
7326,7326,7278.0,32867785,2024-01-06,,6012.9,Paid
7327,7327,7279.0,60618268,2023-11-28,66.81,60.22,Paid
7328,7328,,78623435,2023-06-27,156.34,142.62,Paid
7329,7329,7281.0,52736082,2023-05-17,636.54,174.12,Partially Paid
7330,7330,7282.0,47758957,2023-12-10,130.3,120.28,Paid
7331,7331,7283.0,22394905,2025-08-24,,6522.11,Paid
7332,7332,7284.0,78623435,2024-09-11,99.25,93.98,Paid
7333,7333,7285.0,63154872,2023-01-15,309.58,,Denied
7334,7334,7286.0,51422190,2025-07-24,308.0,,Paid
7335,7335,7287.0,58820915,2023-05-15,110.35,108.71,Paid
7336,7336,7288.0,25875482,2024-06-18,237.7,,Paid
7337,7337,7289.0,21477593,2023-12-16,342.13,316.66,Paid
7338,7338,7290.0,51422190,2025-01-12,327.5,,Partially Paid
7339,7339,7291.0,3898775,2023-01-03,7158.01,6637.94,Paid
7340,7340,,60618268,2025-06-06,157.96,92.98,Partially Paid
7341,7341,,63154872,2024-05-28,,3890.04,Paid
7342,7342,7294.0,34679155,2023-08-31,310.64,147.81,Partially Paid
7343,7343,7295.0,91900027,2023-06-13,655.8,590.98,Paid
7344,7344,7296.0,60618268,2025-09-10,142.62,0.0,Denied
7345,7345,,60618268,2025-05-08,288.7,287.8,Paid
7346,7346,7298.0,95044104,2023-08-24,584.97,529.23,Paid
7347,7347,7299.0,84940684,2025-02-10,15100.91,13863.85,Paid
7348,7348,7300.0,262606,2023-01-29,1093.87,1070.0,Paid
7349,7349,7301.0,32867785,2025-04-17,,1244.0,Partially Paid
7350,7350,7302.0,74476075,2025-09-25,7316.47,6602.73,Paid
7351,7351,7303.0,8409724,2024-02-22,171.41,157.84,Paid
7352,7352,7304.0,76629196,2023-08-21,226.79,224.6,Paid
7353,7353,7305.0,60618268,2024-02-07,84.02,79.11,Paid
7354,7354,7306.0,34679155,2025-10-13,243.07,136.08,Partially Paid
7355,7355,7307.0,35277331,2023-04-20,157.81,125.93,Partially Paid
7356,7356,7308.0,5243984,2023-10-18,21288.2,19959.66,Paid
7357,7357,7309.0,69893948,2025-01-06,5923.63,4153.67,Partially Paid
7358,7358,7310.0,262606,2024-06-29,3998.15,0.0,Denied
7359,7359,7311.0,84734972,2024-09-19,203.46,,Paid
7360,7360,7312.0,44144684,2024-01-22,18891.03,18642.33,Paid
7361,7361,7313.0,3898775,2025-09-29,,,Paid
7362,7362,7314.0,58738053,2023-03-01,33360.56,0.0,Denied
7363,7363,7315.0,60618268,2025-05-28,340.17,307.77,Paid
7364,7364,7316.0,95044104,2025-06-02,557.91,0.0,Denied
7365,7365,7317.0,86937698,2025-01-09,6011.68,5902.89,Paid
7366,7366,7318.0,662337,2024-05-09,2962.62,2702.19,Paid
7367,7367,7319.0,74476075,2025-03-05,1944.92,1852.8,Paid
7368,7368,,3898775,2024-04-16,,2522.31,Partially Paid
7369,7369,7320.0,3898775,2024-11-18,1345.11,876.1,Partially Paid
7370,7370,7321.0,58820915,2023-08-30,429.5,409.51,Paid
7371,7371,7322.0,69893948,2023-06-01,358.15,344.2,Paid
7372,7372,7323.0,34679155,2025-07-30,399.42,376.24,Paid
7373,7373,7324.0,5243984,2024-03-20,6232.19,5968.38,Paid
7374,7374,7325.0,74476075,2024-06-28,1740.32,643.65,Partially Paid
7375,7375,7326.0,74476075,2024-06-13,3342.68,3297.71,Paid
7376,7376,7327.0,60618268,2023-03-27,126.91,120.01,Paid
7377,7377,7328.0,86937698,2024-04-27,2418.52,2265.18,Paid
7378,7378,7329.0,41734324,2023-07-02,93.02,83.75,Paid
7379,7379,,78623435,2025-09-26,282.32,269.2,Paid
7380,7380,7331.0,63154872,2025-05-05,,5013.01,Paid
7381,7381,,63154872,2024-02-04,6170.64,5780.27,Paid
7382,7382,7333.0,32867785,2024-12-20,,5488.58,Paid
7383,7383,,52736082,2025-07-27,622.22,562.21,Paid
7384,7384,,60618268,2023-01-03,296.26,48.55,Partially Paid
7385,7385,7336.0,662337,2023-07-21,3076.58,2936.31,Paid
7386,7386,7337.0,3898775,2023-04-29,2624.44,2520.89,Paid
7387,7387,7338.0,35277331,2025-03-02,,229.12,Paid
7388,7388,7339.0,69893948,2025-08-14,7668.87,7230.53,Paid
7389,7389,7340.0,37909130,2023-06-17,314.18,,Paid
7390,7390,7341.0,21477593,2025-01-01,32.3,30.99,Paid
7391,7391,7342.0,35867643,2025-07-29,1266.28,1214.63,Paid
7392,7392,7343.0,20816724,2023-10-09,272.84,43.45,Partially Paid
7393,7393,7344.0,84734972,2024-03-08,2452.74,2266.2,Paid
7394,7394,7345.0,35277331,2024-04-07,160.38,147.74,Paid
7395,7395,7346.0,60618268,2025-10-15,266.72,93.85,Partially Paid
7396,7396,7347.0,63154872,2024-10-14,6972.36,2276.7,Partially Paid
7397,7397,,35867643,2024-05-23,3483.83,3219.03,Paid
7398,7398,,8409724,2025-11-15,270.63,263.34,Paid
7399,7399,,35277331,2024-09-06,308.34,302.43,Paid
7400,7400,7351.0,5243984,2024-01-29,13687.83,,Paid
7401,7401,7352.0,37909130,2023-01-03,353.77,,Paid
7402,7402,7353.0,63154872,2024-01-06,7758.09,7249.15,Paid
7403,7403,,86937698,2025-08-28,3405.11,3085.55,Paid
7404,7404,7355.0,3898775,2024-10-02,622.8,593.27,Paid
7405,7405,7356.0,74476075,2025-01-12,3029.74,2931.74,Paid
7406,7406,7357.0,62378778,2024-11-26,,61.69,Paid
7407,7407,7358.0,35277331,2023-11-13,356.71,330.63,Paid
7408,7408,,91900027,2025-03-07,69.73,69.08,Paid
7409,7409,7360.0,66200381,2024-02-09,,2453.88,Paid
7410,7410,7361.0,51422190,2024-01-25,347.42,321.74,Paid
7411,7411,7362.0,58820915,2024-03-30,112.61,108.41,Paid
7412,7412,7363.0,662337,2023-04-06,4531.45,4515.24,Paid
7413,7413,7364.0,41734324,2023-02-23,134.35,0.0,Denied
7414,7414,7365.0,84734972,2023-07-12,6899.15,6590.06,Paid
7415,7415,,37909130,2025-02-28,379.51,360.8,Paid
7416,7416,7367.0,47758957,2024-10-18,35.59,32.83,Paid
7417,7417,7368.0,662337,2023-04-02,1043.04,144.07,Partially Paid
7418,7418,7369.0,70604284,2025-02-10,772.29,735.31,Paid
7419,7419,7370.0,70604284,2024-05-23,494.41,346.16,Partially Paid
7420,7420,7371.0,58738053,2023-07-05,33670.54,31085.23,Paid
7421,7421,7372.0,35643704,2023-02-06,,34.07,Paid
7422,7422,7373.0,35277331,2023-10-05,182.87,181.14,Paid
7423,7423,7374.0,37909130,2025-11-05,174.2,163.11,Paid
7424,7424,7375.0,34679155,2025-08-13,346.91,261.9,Partially Paid
7425,7425,,20816724,2023-10-11,271.89,258.15,Paid
7426,7426,7377.0,5243984,2023-06-27,5555.47,,Paid
7427,7427,7378.0,74476075,2023-07-31,,1709.34,Paid
7428,7428,7379.0,32867785,2025-01-05,7562.92,7087.88,Paid
7429,7429,7380.0,60618268,2025-09-27,381.98,0.0,Denied
7430,7430,7381.0,52736082,2025-01-03,357.57,353.79,Paid
7431,7431,7382.0,12334949,2023-06-01,26617.68,26168.13,Paid
7432,7432,7383.0,662337,2023-02-15,,6691.46,Paid
7433,7433,7384.0,34679155,2023-09-30,180.63,180.2,Paid
7434,7434,,95044104,2023-07-18,147.0,139.67,Paid
7435,7435,7386.0,6138419,2025-09-22,,1179.91,Partially Paid
7436,7436,,662337,2024-08-11,7864.34,7647.01,Paid
7437,7437,7388.0,52736082,2023-05-24,522.94,486.05,Paid
7438,7438,,47758957,2023-09-17,236.68,,Paid
7439,7439,7390.0,51422190,2025-08-11,133.74,122.98,Paid
7440,7440,7391.0,662337,2024-03-30,6868.11,6665.06,Paid
7441,7441,7392.0,662337,2025-10-13,,639.31,Paid
7442,7442,7393.0,78623435,2024-03-05,332.08,307.54,Paid
7443,7443,7394.0,69893948,2023-09-06,2145.34,1945.9,Paid
7444,7444,7395.0,84940684,2023-07-11,17289.16,,Paid
7445,7445,7396.0,41734324,2025-04-23,63.79,60.94,Paid
7446,7446,7397.0,25875482,2023-07-27,103.63,96.67,Paid
7447,7447,,12334949,2024-08-09,17655.89,16031.49,Paid
7448,7448,7399.0,60618268,2024-03-15,,379.09,Paid
7449,7449,7400.0,60618268,2023-06-11,,0.0,Denied
7450,7450,7401.0,58820915,2024-07-14,496.02,489.24,Paid
7451,7451,7402.0,25875482,2024-02-01,53.8,52.17,Paid
7452,7452,7403.0,84940684,2025-07-07,,0.0,Denied
7453,7453,7404.0,2888077,2024-12-24,,2563.26,Paid
7454,7454,7405.0,2888077,2023-11-12,797.01,721.53,Paid
7455,7455,7406.0,83560890,2023-11-24,5303.66,5131.43,Paid
7456,7456,7407.0,25875482,2025-04-10,579.64,543.96,Paid
7457,7457,7408.0,95044104,2024-11-13,251.06,238.98,Paid
7458,7458,7409.0,41734324,2024-07-13,117.7,117.5,Paid
7459,7459,7410.0,95044104,2023-03-18,,666.95,Paid
7460,7460,7411.0,60618268,2024-04-08,68.34,,Paid
7461,7461,7412.0,35867643,2024-06-18,5613.86,0.0,Denied
7462,7462,7413.0,69893948,2024-10-18,3581.87,3429.74,Paid
7463,7463,,51422190,2024-11-06,91.39,83.88,Paid
7464,7464,7415.0,662337,2023-10-26,,5101.08,Paid
7465,7465,7416.0,52736082,2023-06-20,549.86,0.0,Denied
7466,7466,7417.0,58820915,2023-07-03,70.73,,Paid
7467,7467,7418.0,37909130,2025-09-30,119.9,108.58,Paid
7468,7468,7419.0,69893948,2025-04-22,3731.93,3396.1,Paid
7469,7469,7420.0,69893948,2024-01-29,932.1,,Partially Paid
7470,7470,7421.0,35867643,2024-02-07,4981.65,4674.1,Paid
7471,7471,7422.0,35867643,2024-12-24,3819.05,3598.47,Paid
7472,7472,7423.0,95044104,2024-07-08,713.4,0.0,Denied
7473,7473,7424.0,262606,2024-01-23,545.08,539.75,Paid
7474,7474,7425.0,58820915,2023-01-06,295.42,210.84,Partially Paid
7475,7475,,44144684,2023-11-05,,0.0,Denied
7476,7476,7427.0,91900027,2023-01-12,,555.22,Paid
7477,7477,7428.0,51422190,2023-03-24,201.37,200.77,Paid
7478,7478,7429.0,12334949,2023-02-03,13417.7,12400.3,Paid
7479,7479,7430.0,84940684,2025-11-03,,28704.08,Paid
7480,7480,7431.0,8409724,2025-11-23,,140.65,Paid
7481,7481,,35867643,2023-11-02,4753.91,4620.86,Paid
7482,7482,7433.0,37909130,2024-03-10,208.19,,Paid
7483,7483,7434.0,86820499,2023-10-27,211.98,202.03,Paid
7484,7484,7435.0,5243984,2025-09-26,5094.67,5031.38,Paid
7485,7485,7436.0,25875482,2024-09-06,564.59,0.0,Denied
7486,7486,7437.0,63154872,2024-03-20,6527.75,6459.42,Paid
7487,7487,7438.0,60618268,2023-03-14,302.57,0.0,Denied
7488,7488,7439.0,74476075,2023-10-29,4075.9,1876.74,Partially Paid
7489,7489,7440.0,58738053,2023-05-05,13301.19,12010.09,Paid
7490,7490,7441.0,91900027,2024-03-20,710.96,0.0,Denied
7491,7491,7442.0,63154872,2023-09-28,7410.77,7177.74,Paid
7492,7492,7443.0,25875482,2025-10-07,260.11,252.34,Paid
7493,7493,7444.0,74476075,2023-11-16,1531.66,1460.78,Paid
7494,7494,7445.0,51422190,2025-04-14,147.53,146.52,Paid
7495,7495,7446.0,70604284,2024-09-03,735.94,,Denied
7496,7496,7447.0,34679155,2024-07-06,170.73,161.05,Paid
7497,7497,7448.0,60618268,2023-08-23,420.27,407.27,Paid
7498,7498,,35277331,2023-02-17,254.56,134.23,Partially Paid
7499,7499,7450.0,662337,2024-07-09,3857.99,3532.56,Paid
7500,7500,7451.0,86937698,2023-03-13,7360.25,6813.28,Paid
